event_timestamp,session_id,application_id,event_name,channel,device_type,campaign_source,request_id,correlation_id,app_version
2025-05-01T09:00:00Z,cap-session-0001,cap-app-0001,application_started,mobile,ios,partner,,,4.7.2
2025-05-01T09:00:01.200000Z,cap-session-0001,cap-app-0001,identity_verification_started,mobile,ios,partner,cap-req-0001,cap-corr-0001,4.7.2
2025-05-01T09:00:02.115000Z,cap-session-0001,cap-app-0001,identity_verification_completed,mobile,ios,partner,cap-req-0001,cap-corr-0001,4.7.2
2025-05-01T09:00:04.715000Z,cap-session-0001,cap-app-0001,application_submitted,mobile,ios,partner,,,4.7.2
2025-05-01T09:00:06.915000Z,cap-session-0001,cap-app-0001,application_completed,mobile,ios,partner,,,4.7.2
2025-05-01T09:17:00Z,cap-session-0002,cap-app-0002,application_started,mobile,android,partner,,,4.7.2
2025-05-01T09:17:01.200000Z,cap-session-0002,cap-app-0002,identity_verification_started,mobile,android,partner,cap-req-0002,cap-corr-0002,4.7.2
2025-05-01T09:17:02.150000Z,cap-session-0002,cap-app-0002,identity_verification_completed,mobile,android,partner,cap-req-0002,cap-corr-0002,4.7.2
2025-05-01T09:17:04.750000Z,cap-session-0002,cap-app-0002,application_submitted,mobile,android,partner,,,4.7.2
2025-05-01T09:17:06.950000Z,cap-session-0002,cap-app-0002,application_completed,mobile,android,partner,,,4.7.2
2025-05-01T09:34:00Z,cap-session-0003,cap-app-0003,application_started,mobile,ios,partner,,,4.7.2
2025-05-01T09:34:01.200000Z,cap-session-0003,cap-app-0003,identity_verification_started,mobile,ios,partner,cap-req-0003,cap-corr-0003,4.7.2
2025-05-01T09:34:02.185000Z,cap-session-0003,cap-app-0003,identity_verification_completed,mobile,ios,partner,cap-req-0003,cap-corr-0003,4.7.2
2025-05-01T09:34:04.785000Z,cap-session-0003,cap-app-0003,application_submitted,mobile,ios,partner,,,4.7.2
2025-05-01T09:34:06.985000Z,cap-session-0003,cap-app-0003,application_completed,mobile,ios,partner,,,4.7.2
2025-05-01T09:51:00Z,cap-session-0004,cap-app-0004,application_started,mobile,android,direct,,,4.7.2
2025-05-01T09:51:01.200000Z,cap-session-0004,cap-app-0004,identity_verification_started,mobile,android,direct,cap-req-0004,cap-corr-0004,4.7.2
2025-05-01T09:51:02.220000Z,cap-session-0004,cap-app-0004,identity_verification_completed,mobile,android,direct,cap-req-0004,cap-corr-0004,4.7.2
2025-05-01T09:51:04.820000Z,cap-session-0004,cap-app-0004,application_submitted,mobile,android,direct,,,4.7.2
2025-05-01T09:51:07.020000Z,cap-session-0004,cap-app-0004,application_completed,mobile,android,direct,,,4.7.2
2025-05-01T10:08:00Z,cap-session-0005,cap-app-0005,application_started,mobile,ios,email,,,4.7.2
2025-05-01T10:08:01.200000Z,cap-session-0005,cap-app-0005,identity_verification_started,mobile,ios,email,cap-req-0005,cap-corr-0005,4.7.2
2025-05-01T10:08:02.255000Z,cap-session-0005,cap-app-0005,identity_verification_completed,mobile,ios,email,cap-req-0005,cap-corr-0005,4.7.2
2025-05-01T10:08:04.855000Z,cap-session-0005,cap-app-0005,application_submitted,mobile,ios,email,,,4.7.2
2025-05-01T10:08:07.055000Z,cap-session-0005,cap-app-0005,application_completed,mobile,ios,email,,,4.7.2
2025-05-01T10:25:00Z,cap-session-0006,cap-app-0006,application_started,mobile,android,direct,,,4.7.2
2025-05-01T10:25:01.200000Z,cap-session-0006,cap-app-0006,identity_verification_started,mobile,android,direct,cap-req-0006,cap-corr-0006,4.7.2
2025-05-01T10:25:02.290000Z,cap-session-0006,cap-app-0006,identity_verification_completed,mobile,android,direct,cap-req-0006,cap-corr-0006,4.7.2
2025-05-01T10:25:04.890000Z,cap-session-0006,cap-app-0006,application_submitted,mobile,android,direct,,,4.7.2
2025-05-01T10:25:07.090000Z,cap-session-0006,cap-app-0006,application_completed,mobile,android,direct,,,4.7.2
2025-05-01T10:42:00Z,cap-session-0007,cap-app-0007,application_started,mobile,ios,direct,,,4.7.2
2025-05-01T10:42:01.200000Z,cap-session-0007,cap-app-0007,identity_verification_started,mobile,ios,direct,cap-req-0007,cap-corr-0007,4.7.2
2025-05-01T10:42:02.080000Z,cap-session-0007,cap-app-0007,identity_verification_completed,mobile,ios,direct,cap-req-0007,cap-corr-0007,4.7.2
2025-05-01T10:42:04.680000Z,cap-session-0007,cap-app-0007,application_submitted,mobile,ios,direct,,,4.7.2
2025-05-01T10:42:06.880000Z,cap-session-0007,cap-app-0007,application_completed,mobile,ios,direct,,,4.7.2
2025-05-01T10:59:00Z,cap-session-0008,cap-app-0008,application_started,mobile,android,direct,,,4.7.2
2025-05-01T10:59:01.200000Z,cap-session-0008,cap-app-0008,identity_verification_started,mobile,android,direct,cap-req-0008,cap-corr-0008,4.7.2
2025-05-01T10:59:02.115000Z,cap-session-0008,cap-app-0008,identity_verification_completed,mobile,android,direct,cap-req-0008,cap-corr-0008,4.7.2
2025-05-01T10:59:04.715000Z,cap-session-0008,cap-app-0008,application_submitted,mobile,android,direct,,,4.7.2
2025-05-01T10:59:06.915000Z,cap-session-0008,cap-app-0008,application_completed,mobile,android,direct,,,4.7.2
2025-05-01T11:16:00Z,cap-session-0009,cap-app-0009,application_started,mobile,ios,email,,,4.7.2
2025-05-01T11:16:01.200000Z,cap-session-0009,cap-app-0009,identity_verification_started,mobile,ios,email,cap-req-0009,cap-corr-0009,4.7.2
2025-05-01T11:16:02.150000Z,cap-session-0009,cap-app-0009,identity_verification_completed,mobile,ios,email,cap-req-0009,cap-corr-0009,4.7.2
2025-05-01T11:16:04.750000Z,cap-session-0009,cap-app-0009,application_submitted,mobile,ios,email,,,4.7.2
2025-05-01T11:16:06.950000Z,cap-session-0009,cap-app-0009,application_completed,mobile,ios,email,,,4.7.2
2025-05-01T11:33:00Z,cap-session-0010,cap-app-0010,application_started,mobile,android,direct,,,4.7.2
2025-05-01T11:33:01.200000Z,cap-session-0010,cap-app-0010,identity_verification_started,mobile,android,direct,cap-req-0010,cap-corr-0010,4.7.2
2025-05-01T11:33:02.185000Z,cap-session-0010,cap-app-0010,identity_verification_completed,mobile,android,direct,cap-req-0010,cap-corr-0010,4.7.2
2025-05-01T11:33:04.785000Z,cap-session-0010,cap-app-0010,application_submitted,mobile,android,direct,,,4.7.2
2025-05-01T11:33:06.985000Z,cap-session-0010,cap-app-0010,application_completed,mobile,android,direct,,,4.7.2
2025-05-01T11:50:00Z,cap-session-0011,cap-app-0011,application_started,web,desktop,direct,,,4.7.2
2025-05-01T11:50:01.200000Z,cap-session-0011,cap-app-0011,identity_verification_started,web,desktop,direct,cap-req-0011,cap-corr-0011,4.7.2
2025-05-01T11:50:02.220000Z,cap-session-0011,cap-app-0011,identity_verification_completed,web,desktop,direct,cap-req-0011,cap-corr-0011,4.7.2
2025-05-01T11:50:04.820000Z,cap-session-0011,cap-app-0011,application_submitted,web,desktop,direct,,,4.7.2
2025-05-01T11:50:07.020000Z,cap-session-0011,cap-app-0011,application_completed,web,desktop,direct,,,4.7.2
2025-05-01T12:07:00Z,cap-session-0012,cap-app-0012,application_started,web,desktop,direct,,,4.7.2
2025-05-01T12:07:01.200000Z,cap-session-0012,cap-app-0012,identity_verification_started,web,desktop,direct,cap-req-0012,cap-corr-0012,4.7.2
2025-05-01T12:07:02.255000Z,cap-session-0012,cap-app-0012,identity_verification_completed,web,desktop,direct,cap-req-0012,cap-corr-0012,4.7.2
2025-05-01T12:07:04.855000Z,cap-session-0012,cap-app-0012,application_submitted,web,desktop,direct,,,4.7.2
2025-05-01T12:07:07.055000Z,cap-session-0012,cap-app-0012,application_completed,web,desktop,direct,,,4.7.2
2025-05-01T12:24:00Z,cap-session-0013,cap-app-0013,application_started,web,desktop,email,,,4.7.2
2025-05-01T12:24:01.200000Z,cap-session-0013,cap-app-0013,identity_verification_started,web,desktop,email,cap-req-0013,cap-corr-0013,4.7.2
2025-05-01T12:24:02.290000Z,cap-session-0013,cap-app-0013,identity_verification_completed,web,desktop,email,cap-req-0013,cap-corr-0013,4.7.2
2025-05-01T12:24:04.890000Z,cap-session-0013,cap-app-0013,application_submitted,web,desktop,email,,,4.7.2
2025-05-01T12:24:07.090000Z,cap-session-0013,cap-app-0013,application_completed,web,desktop,email,,,4.7.2
2025-05-01T12:41:00Z,cap-session-0014,cap-app-0014,application_started,web,desktop,direct,,,4.7.2
2025-05-01T12:41:01.200000Z,cap-session-0014,cap-app-0014,identity_verification_started,web,desktop,direct,cap-req-0014,cap-corr-0014,4.7.2
2025-05-01T12:41:02.080000Z,cap-session-0014,cap-app-0014,identity_verification_completed,web,desktop,direct,cap-req-0014,cap-corr-0014,4.7.2
2025-05-01T12:41:04.680000Z,cap-session-0014,cap-app-0014,application_submitted,web,desktop,direct,,,4.7.2
2025-05-01T12:41:06.880000Z,cap-session-0014,cap-app-0014,application_completed,web,desktop,direct,,,4.7.2
2025-05-01T12:58:00Z,cap-session-0015,cap-app-0015,application_started,web,desktop,direct,,,4.7.2
2025-05-01T12:58:01.200000Z,cap-session-0015,cap-app-0015,identity_verification_started,web,desktop,direct,cap-req-0015,cap-corr-0015,4.7.2
2025-05-01T12:58:02.115000Z,cap-session-0015,cap-app-0015,identity_verification_completed,web,desktop,direct,cap-req-0015,cap-corr-0015,4.7.2
2025-05-01T12:58:04.715000Z,cap-session-0015,cap-app-0015,application_submitted,web,desktop,direct,,,4.7.2
2025-05-01T12:58:06.915000Z,cap-session-0015,cap-app-0015,application_completed,web,desktop,direct,,,4.7.2
2025-05-01T13:15:00Z,cap-session-0016,cap-app-0016,application_started,web,desktop,direct,,,4.7.2
2025-05-01T13:15:01.200000Z,cap-session-0016,cap-app-0016,identity_verification_started,web,desktop,direct,cap-req-0016,cap-corr-0016,4.7.2
2025-05-01T13:15:02.150000Z,cap-session-0016,cap-app-0016,identity_verification_completed,web,desktop,direct,cap-req-0016,cap-corr-0016,4.7.2
2025-05-01T13:15:04.750000Z,cap-session-0016,cap-app-0016,application_submitted,web,desktop,direct,,,4.7.2
2025-05-01T13:15:06.950000Z,cap-session-0016,cap-app-0016,application_completed,web,desktop,direct,,,4.7.2
2025-05-01T13:32:00Z,cap-session-0017,cap-app-0017,application_started,web,desktop,email,,,4.7.2
2025-05-01T13:32:01.200000Z,cap-session-0017,cap-app-0017,identity_verification_started,web,desktop,email,cap-req-0017,cap-corr-0017,4.7.2
2025-05-01T13:32:02.185000Z,cap-session-0017,cap-app-0017,identity_verification_completed,web,desktop,email,cap-req-0017,cap-corr-0017,4.7.2
2025-05-01T13:32:04.785000Z,cap-session-0017,cap-app-0017,application_submitted,web,desktop,email,,,4.7.2
2025-05-01T13:32:06.985000Z,cap-session-0017,cap-app-0017,application_completed,web,desktop,email,,,4.7.2
2025-05-01T13:49:00Z,cap-session-0018,cap-app-0018,application_started,web,desktop,direct,,,4.7.2
2025-05-01T13:49:01.200000Z,cap-session-0018,cap-app-0018,identity_verification_started,web,desktop,direct,cap-req-0018,cap-corr-0018,4.7.2
2025-05-01T13:49:02.220000Z,cap-session-0018,cap-app-0018,identity_verification_completed,web,desktop,direct,cap-req-0018,cap-corr-0018,4.7.2
2025-05-01T13:49:04.820000Z,cap-session-0018,cap-app-0018,application_submitted,web,desktop,direct,,,4.7.2
2025-05-01T13:49:07.020000Z,cap-session-0018,cap-app-0018,application_completed,web,desktop,direct,,,4.7.2
2025-05-01T14:06:00Z,cap-session-0019,cap-app-0019,application_started,web,desktop,direct,,,4.7.2
2025-05-01T14:06:01.200000Z,cap-session-0019,cap-app-0019,identity_verification_started,web,desktop,direct,cap-req-0019,cap-corr-0019,4.7.2
2025-05-01T14:23:00Z,cap-session-0020,cap-app-0020,application_started,web,desktop,direct,,,4.7.2
2025-05-01T14:23:01.200000Z,cap-session-0020,cap-app-0020,identity_verification_started,web,desktop,direct,cap-req-0020,cap-corr-0020,4.7.2
2025-05-01T14:23:02.290000Z,cap-session-0020,cap-app-0020,identity_verification_completed,web,desktop,direct,cap-req-0020,cap-corr-0020,4.7.2
2025-05-01T14:23:04.890000Z,cap-session-0020,cap-app-0020,application_submitted,web,desktop,direct,,,4.7.2
2025-05-01T14:23:07.090000Z,cap-session-0020,cap-app-0020,application_completed,web,desktop,direct,,,4.7.2
2025-05-02T09:00:00Z,cap-session-0021,cap-app-0021,application_started,mobile,ios,partner,,,4.7.2
2025-05-02T09:00:01.200000Z,cap-session-0021,cap-app-0021,identity_verification_started,mobile,ios,partner,cap-req-0021,cap-corr-0021,4.7.2
2025-05-02T09:00:02.080000Z,cap-session-0021,cap-app-0021,identity_verification_completed,mobile,ios,partner,cap-req-0021,cap-corr-0021,4.7.2
2025-05-02T09:00:04.680000Z,cap-session-0021,cap-app-0021,application_submitted,mobile,ios,partner,,,4.7.2
2025-05-02T09:00:06.880000Z,cap-session-0021,cap-app-0021,application_completed,mobile,ios,partner,,,4.7.2
2025-05-02T09:17:00Z,cap-session-0022,cap-app-0022,application_started,mobile,android,partner,,,4.7.2
2025-05-02T09:17:01.200000Z,cap-session-0022,cap-app-0022,identity_verification_started,mobile,android,partner,cap-req-0022,cap-corr-0022,4.7.2
2025-05-02T09:17:02.115000Z,cap-session-0022,cap-app-0022,identity_verification_completed,mobile,android,partner,cap-req-0022,cap-corr-0022,4.7.2
2025-05-02T09:17:04.715000Z,cap-session-0022,cap-app-0022,application_submitted,mobile,android,partner,,,4.7.2
2025-05-02T09:17:06.915000Z,cap-session-0022,cap-app-0022,application_completed,mobile,android,partner,,,4.7.2
2025-05-02T09:34:00Z,cap-session-0023,cap-app-0023,application_started,mobile,ios,partner,,,4.7.2
2025-05-02T09:34:01.200000Z,cap-session-0023,cap-app-0023,identity_verification_started,mobile,ios,partner,cap-req-0023,cap-corr-0023,4.7.2
2025-05-02T09:34:02.150000Z,cap-session-0023,cap-app-0023,identity_verification_completed,mobile,ios,partner,cap-req-0023,cap-corr-0023,4.7.2
2025-05-02T09:34:04.750000Z,cap-session-0023,cap-app-0023,application_submitted,mobile,ios,partner,,,4.7.2
2025-05-02T09:51:00Z,cap-session-0024,cap-app-0024,application_started,mobile,android,direct,,,4.7.2
2025-05-02T09:51:01.200000Z,cap-session-0024,cap-app-0024,identity_verification_started,mobile,android,direct,cap-req-0024,cap-corr-0024,4.7.2
2025-05-02T09:51:02.185000Z,cap-session-0024,cap-app-0024,identity_verification_completed,mobile,android,direct,cap-req-0024,cap-corr-0024,4.7.2
2025-05-02T09:51:04.785000Z,cap-session-0024,cap-app-0024,application_submitted,mobile,android,direct,,,4.7.2
2025-05-02T09:51:06.985000Z,cap-session-0024,cap-app-0024,application_completed,mobile,android,direct,,,4.7.2
2025-05-02T10:08:00Z,cap-session-0025,cap-app-0025,application_started,mobile,ios,email,,,4.7.2
2025-05-02T10:08:01.200000Z,cap-session-0025,cap-app-0025,identity_verification_started,mobile,ios,email,cap-req-0025,cap-corr-0025,4.7.2
2025-05-02T10:08:02.220000Z,cap-session-0025,cap-app-0025,identity_verification_completed,mobile,ios,email,cap-req-0025,cap-corr-0025,4.7.2
2025-05-02T10:08:04.820000Z,cap-session-0025,cap-app-0025,application_submitted,mobile,ios,email,,,4.7.2
2025-05-02T10:08:07.020000Z,cap-session-0025,cap-app-0025,application_completed,mobile,ios,email,,,4.7.2
2025-05-02T10:25:00Z,cap-session-0026,cap-app-0026,application_started,mobile,android,direct,,,4.7.2
2025-05-02T10:25:01.200000Z,cap-session-0026,cap-app-0026,identity_verification_started,mobile,android,direct,cap-req-0026,cap-corr-0026,4.7.2
2025-05-02T10:25:02.255000Z,cap-session-0026,cap-app-0026,identity_verification_completed,mobile,android,direct,cap-req-0026,cap-corr-0026,4.7.2
2025-05-02T10:25:04.855000Z,cap-session-0026,cap-app-0026,application_submitted,mobile,android,direct,,,4.7.2
2025-05-02T10:25:07.055000Z,cap-session-0026,cap-app-0026,application_completed,mobile,android,direct,,,4.7.2
2025-05-02T10:42:00Z,cap-session-0027,cap-app-0027,application_started,mobile,ios,direct,,,4.7.2
2025-05-02T10:42:01.200000Z,cap-session-0027,cap-app-0027,identity_verification_started,mobile,ios,direct,cap-req-0027,cap-corr-0027,4.7.2
2025-05-02T10:42:02.290000Z,cap-session-0027,cap-app-0027,identity_verification_completed,mobile,ios,direct,cap-req-0027,cap-corr-0027,4.7.2
2025-05-02T10:42:04.890000Z,cap-session-0027,cap-app-0027,application_submitted,mobile,ios,direct,,,4.7.2
2025-05-02T10:42:07.090000Z,cap-session-0027,cap-app-0027,application_completed,mobile,ios,direct,,,4.7.2
2025-05-02T10:59:00Z,cap-session-0028,cap-app-0028,application_started,mobile,android,direct,,,4.7.2
2025-05-02T10:59:01.200000Z,cap-session-0028,cap-app-0028,identity_verification_started,mobile,android,direct,cap-req-0028,cap-corr-0028,4.7.2
2025-05-02T10:59:02.080000Z,cap-session-0028,cap-app-0028,identity_verification_completed,mobile,android,direct,cap-req-0028,cap-corr-0028,4.7.2
2025-05-02T10:59:04.680000Z,cap-session-0028,cap-app-0028,application_submitted,mobile,android,direct,,,4.7.2
2025-05-02T10:59:06.880000Z,cap-session-0028,cap-app-0028,application_completed,mobile,android,direct,,,4.7.2
2025-05-02T11:16:00Z,cap-session-0029,cap-app-0029,application_started,mobile,ios,email,,,4.7.2
2025-05-02T11:16:01.200000Z,cap-session-0029,cap-app-0029,identity_verification_started,mobile,ios,email,cap-req-0029,cap-corr-0029,4.7.2
2025-05-02T11:16:02.115000Z,cap-session-0029,cap-app-0029,identity_verification_completed,mobile,ios,email,cap-req-0029,cap-corr-0029,4.7.2
2025-05-02T11:16:04.715000Z,cap-session-0029,cap-app-0029,application_submitted,mobile,ios,email,,,4.7.2
2025-05-02T11:16:06.915000Z,cap-session-0029,cap-app-0029,application_completed,mobile,ios,email,,,4.7.2
2025-05-02T11:33:00Z,cap-session-0030,cap-app-0030,application_started,mobile,android,direct,,,4.7.2
2025-05-02T11:33:01.200000Z,cap-session-0030,cap-app-0030,identity_verification_started,mobile,android,direct,cap-req-0030,cap-corr-0030,4.7.2
2025-05-02T11:33:02.150000Z,cap-session-0030,cap-app-0030,identity_verification_completed,mobile,android,direct,cap-req-0030,cap-corr-0030,4.7.2
2025-05-02T11:33:04.750000Z,cap-session-0030,cap-app-0030,application_submitted,mobile,android,direct,,,4.7.2
2025-05-02T11:33:06.950000Z,cap-session-0030,cap-app-0030,application_completed,mobile,android,direct,,,4.7.2
2025-05-02T11:50:00Z,cap-session-0031,cap-app-0031,application_started,web,desktop,direct,,,4.7.2
2025-05-02T11:50:01.200000Z,cap-session-0031,cap-app-0031,identity_verification_started,web,desktop,direct,cap-req-0031,cap-corr-0031,4.7.2
2025-05-02T11:50:02.185000Z,cap-session-0031,cap-app-0031,identity_verification_completed,web,desktop,direct,cap-req-0031,cap-corr-0031,4.7.2
2025-05-02T11:50:04.785000Z,cap-session-0031,cap-app-0031,application_submitted,web,desktop,direct,,,4.7.2
2025-05-02T11:50:06.985000Z,cap-session-0031,cap-app-0031,application_completed,web,desktop,direct,,,4.7.2
2025-05-02T12:07:00Z,cap-session-0032,cap-app-0032,application_started,web,desktop,direct,,,4.7.2
2025-05-02T12:07:01.200000Z,cap-session-0032,cap-app-0032,identity_verification_started,web,desktop,direct,cap-req-0032,cap-corr-0032,4.7.2
2025-05-02T12:07:02.220000Z,cap-session-0032,cap-app-0032,identity_verification_completed,web,desktop,direct,cap-req-0032,cap-corr-0032,4.7.2
2025-05-02T12:07:04.820000Z,cap-session-0032,cap-app-0032,application_submitted,web,desktop,direct,,,4.7.2
2025-05-02T12:07:07.020000Z,cap-session-0032,cap-app-0032,application_completed,web,desktop,direct,,,4.7.2
2025-05-02T12:24:00Z,cap-session-0033,cap-app-0033,application_started,web,desktop,email,,,4.7.2
2025-05-02T12:24:01.200000Z,cap-session-0033,cap-app-0033,identity_verification_started,web,desktop,email,cap-req-0033,cap-corr-0033,4.7.2
2025-05-02T12:24:02.255000Z,cap-session-0033,cap-app-0033,identity_verification_completed,web,desktop,email,cap-req-0033,cap-corr-0033,4.7.2
2025-05-02T12:24:04.855000Z,cap-session-0033,cap-app-0033,application_submitted,web,desktop,email,,,4.7.2
2025-05-02T12:24:07.055000Z,cap-session-0033,cap-app-0033,application_completed,web,desktop,email,,,4.7.2
2025-05-02T12:41:00Z,cap-session-0034,cap-app-0034,application_started,web,desktop,direct,,,4.7.2
2025-05-02T12:41:01.200000Z,cap-session-0034,cap-app-0034,identity_verification_started,web,desktop,direct,cap-req-0034,cap-corr-0034,4.7.2
2025-05-02T12:41:02.290000Z,cap-session-0034,cap-app-0034,identity_verification_completed,web,desktop,direct,cap-req-0034,cap-corr-0034,4.7.2
2025-05-02T12:41:04.890000Z,cap-session-0034,cap-app-0034,application_submitted,web,desktop,direct,,,4.7.2
2025-05-02T12:41:07.090000Z,cap-session-0034,cap-app-0034,application_completed,web,desktop,direct,,,4.7.2
2025-05-02T12:58:00Z,cap-session-0035,cap-app-0035,application_started,web,desktop,direct,,,4.7.2
2025-05-02T12:58:01.200000Z,cap-session-0035,cap-app-0035,identity_verification_started,web,desktop,direct,cap-req-0035,cap-corr-0035,4.7.2
2025-05-02T12:58:02.080000Z,cap-session-0035,cap-app-0035,identity_verification_completed,web,desktop,direct,cap-req-0035,cap-corr-0035,4.7.2
2025-05-02T12:58:04.680000Z,cap-session-0035,cap-app-0035,application_submitted,web,desktop,direct,,,4.7.2
2025-05-02T12:58:06.880000Z,cap-session-0035,cap-app-0035,application_completed,web,desktop,direct,,,4.7.2
2025-05-02T13:15:00Z,cap-session-0036,cap-app-0036,application_started,web,desktop,direct,,,4.7.2
2025-05-02T13:15:01.200000Z,cap-session-0036,cap-app-0036,identity_verification_started,web,desktop,direct,cap-req-0036,cap-corr-0036,4.7.2
2025-05-02T13:15:02.115000Z,cap-session-0036,cap-app-0036,identity_verification_completed,web,desktop,direct,cap-req-0036,cap-corr-0036,4.7.2
2025-05-02T13:15:04.715000Z,cap-session-0036,cap-app-0036,application_submitted,web,desktop,direct,,,4.7.2
2025-05-02T13:15:06.915000Z,cap-session-0036,cap-app-0036,application_completed,web,desktop,direct,,,4.7.2
2025-05-02T13:32:00Z,cap-session-0037,cap-app-0037,application_started,web,desktop,email,,,4.7.2
2025-05-02T13:32:01.200000Z,cap-session-0037,cap-app-0037,identity_verification_started,web,desktop,email,cap-req-0037,cap-corr-0037,4.7.2
2025-05-02T13:32:02.150000Z,cap-session-0037,cap-app-0037,identity_verification_completed,web,desktop,email,cap-req-0037,cap-corr-0037,4.7.2
2025-05-02T13:32:04.750000Z,cap-session-0037,cap-app-0037,application_submitted,web,desktop,email,,,4.7.2
2025-05-02T13:32:06.950000Z,cap-session-0037,cap-app-0037,application_completed,web,desktop,email,,,4.7.2
2025-05-02T13:49:00Z,cap-session-0038,cap-app-0038,application_started,web,desktop,direct,,,4.7.2
2025-05-02T13:49:01.200000Z,cap-session-0038,cap-app-0038,identity_verification_started,web,desktop,direct,cap-req-0038,cap-corr-0038,4.7.2
2025-05-02T14:06:00Z,cap-session-0039,cap-app-0039,application_started,web,desktop,direct,,,4.7.2
2025-05-02T14:06:01.200000Z,cap-session-0039,cap-app-0039,identity_verification_started,web,desktop,direct,cap-req-0039,cap-corr-0039,4.7.2
2025-05-02T14:06:02.220000Z,cap-session-0039,cap-app-0039,identity_verification_completed,web,desktop,direct,cap-req-0039,cap-corr-0039,4.7.2
2025-05-02T14:06:04.820000Z,cap-session-0039,cap-app-0039,application_submitted,web,desktop,direct,,,4.7.2
2025-05-02T14:06:07.020000Z,cap-session-0039,cap-app-0039,application_completed,web,desktop,direct,,,4.7.2
2025-05-02T14:23:00Z,cap-session-0040,cap-app-0040,application_started,web,desktop,direct,,,4.7.2
2025-05-02T14:23:01.200000Z,cap-session-0040,cap-app-0040,identity_verification_started,web,desktop,direct,cap-req-0040,cap-corr-0040,4.7.2
2025-05-02T14:23:02.255000Z,cap-session-0040,cap-app-0040,identity_verification_completed,web,desktop,direct,cap-req-0040,cap-corr-0040,4.7.2
2025-05-02T14:23:04.855000Z,cap-session-0040,cap-app-0040,application_submitted,web,desktop,direct,,,4.7.2
2025-05-02T14:23:07.055000Z,cap-session-0040,cap-app-0040,application_completed,web,desktop,direct,,,4.7.2
2025-05-03T09:00:00Z,cap-session-0041,cap-app-0041,application_started,mobile,ios,partner,,,4.7.2
2025-05-03T09:00:01.200000Z,cap-session-0041,cap-app-0041,identity_verification_started,mobile,ios,partner,cap-req-0041,cap-corr-0041,4.7.2
2025-05-03T09:00:02.290000Z,cap-session-0041,cap-app-0041,identity_verification_completed,mobile,ios,partner,cap-req-0041,cap-corr-0041,4.7.2
2025-05-03T09:00:04.890000Z,cap-session-0041,cap-app-0041,application_submitted,mobile,ios,partner,,,4.7.2
2025-05-03T09:00:07.090000Z,cap-session-0041,cap-app-0041,application_completed,mobile,ios,partner,,,4.7.2
2025-05-03T09:17:00Z,cap-session-0042,cap-app-0042,application_started,mobile,android,partner,,,4.7.2
2025-05-03T09:17:01.200000Z,cap-session-0042,cap-app-0042,identity_verification_started,mobile,android,partner,cap-req-0042,cap-corr-0042,4.7.2
2025-05-03T09:17:02.080000Z,cap-session-0042,cap-app-0042,identity_verification_completed,mobile,android,partner,cap-req-0042,cap-corr-0042,4.7.2
2025-05-03T09:17:04.680000Z,cap-session-0042,cap-app-0042,application_submitted,mobile,android,partner,,,4.7.2
2025-05-03T09:17:06.880000Z,cap-session-0042,cap-app-0042,application_completed,mobile,android,partner,,,4.7.2
2025-05-03T09:34:00Z,cap-session-0043,cap-app-0043,application_started,mobile,ios,partner,,,4.7.2
2025-05-03T09:34:01.200000Z,cap-session-0043,cap-app-0043,identity_verification_started,mobile,ios,partner,cap-req-0043,cap-corr-0043,4.7.2
2025-05-03T09:34:02.115000Z,cap-session-0043,cap-app-0043,identity_verification_completed,mobile,ios,partner,cap-req-0043,cap-corr-0043,4.7.2
2025-05-03T09:34:04.715000Z,cap-session-0043,cap-app-0043,application_submitted,mobile,ios,partner,,,4.7.2
2025-05-03T09:34:06.915000Z,cap-session-0043,cap-app-0043,application_completed,mobile,ios,partner,,,4.7.2
2025-05-03T09:51:00Z,cap-session-0044,cap-app-0044,application_started,mobile,android,direct,,,4.7.2
2025-05-03T09:51:01.200000Z,cap-session-0044,cap-app-0044,identity_verification_started,mobile,android,direct,cap-req-0044,cap-corr-0044,4.7.2
2025-05-03T09:51:02.150000Z,cap-session-0044,cap-app-0044,identity_verification_completed,mobile,android,direct,cap-req-0044,cap-corr-0044,4.7.2
2025-05-03T09:51:04.750000Z,cap-session-0044,cap-app-0044,application_submitted,mobile,android,direct,,,4.7.2
2025-05-03T09:51:06.950000Z,cap-session-0044,cap-app-0044,application_completed,mobile,android,direct,,,4.7.2
2025-05-03T10:08:00Z,cap-session-0045,cap-app-0045,application_started,mobile,ios,email,,,4.7.2
2025-05-03T10:08:01.200000Z,cap-session-0045,cap-app-0045,identity_verification_started,mobile,ios,email,cap-req-0045,cap-corr-0045,4.7.2
2025-05-03T10:08:02.185000Z,cap-session-0045,cap-app-0045,identity_verification_completed,mobile,ios,email,cap-req-0045,cap-corr-0045,4.7.2
2025-05-03T10:08:04.785000Z,cap-session-0045,cap-app-0045,application_submitted,mobile,ios,email,,,4.7.2
2025-05-03T10:08:06.985000Z,cap-session-0045,cap-app-0045,application_completed,mobile,ios,email,,,4.7.2
2025-05-03T10:25:00Z,cap-session-0046,cap-app-0046,application_started,mobile,android,direct,,,4.7.2
2025-05-03T10:25:01.200000Z,cap-session-0046,cap-app-0046,identity_verification_started,mobile,android,direct,cap-req-0046,cap-corr-0046,4.7.2
2025-05-03T10:25:02.220000Z,cap-session-0046,cap-app-0046,identity_verification_completed,mobile,android,direct,cap-req-0046,cap-corr-0046,4.7.2
2025-05-03T10:25:04.820000Z,cap-session-0046,cap-app-0046,application_submitted,mobile,android,direct,,,4.7.2
2025-05-03T10:42:00Z,cap-session-0047,cap-app-0047,application_started,mobile,ios,direct,,,4.7.2
2025-05-03T10:42:01.200000Z,cap-session-0047,cap-app-0047,identity_verification_started,mobile,ios,direct,cap-req-0047,cap-corr-0047,4.7.2
2025-05-03T10:42:02.255000Z,cap-session-0047,cap-app-0047,identity_verification_completed,mobile,ios,direct,cap-req-0047,cap-corr-0047,4.7.2
2025-05-03T10:42:04.855000Z,cap-session-0047,cap-app-0047,application_submitted,mobile,ios,direct,,,4.7.2
2025-05-03T10:42:07.055000Z,cap-session-0047,cap-app-0047,application_completed,mobile,ios,direct,,,4.7.2
2025-05-03T10:59:00Z,cap-session-0048,cap-app-0048,application_started,mobile,android,direct,,,4.7.2
2025-05-03T10:59:01.200000Z,cap-session-0048,cap-app-0048,identity_verification_started,mobile,android,direct,cap-req-0048,cap-corr-0048,4.7.2
2025-05-03T10:59:02.290000Z,cap-session-0048,cap-app-0048,identity_verification_completed,mobile,android,direct,cap-req-0048,cap-corr-0048,4.7.2
2025-05-03T10:59:04.890000Z,cap-session-0048,cap-app-0048,application_submitted,mobile,android,direct,,,4.7.2
2025-05-03T10:59:07.090000Z,cap-session-0048,cap-app-0048,application_completed,mobile,android,direct,,,4.7.2
2025-05-03T11:16:00Z,cap-session-0049,cap-app-0049,application_started,mobile,ios,email,,,4.7.2
2025-05-03T11:16:01.200000Z,cap-session-0049,cap-app-0049,identity_verification_started,mobile,ios,email,cap-req-0049,cap-corr-0049,4.7.2
2025-05-03T11:16:02.080000Z,cap-session-0049,cap-app-0049,identity_verification_completed,mobile,ios,email,cap-req-0049,cap-corr-0049,4.7.2
2025-05-03T11:16:04.680000Z,cap-session-0049,cap-app-0049,application_submitted,mobile,ios,email,,,4.7.2
2025-05-03T11:16:06.880000Z,cap-session-0049,cap-app-0049,application_completed,mobile,ios,email,,,4.7.2
2025-05-03T11:33:00Z,cap-session-0050,cap-app-0050,application_started,mobile,android,direct,,,4.7.2
2025-05-03T11:33:01.200000Z,cap-session-0050,cap-app-0050,identity_verification_started,mobile,android,direct,cap-req-0050,cap-corr-0050,4.7.2
2025-05-03T11:33:02.115000Z,cap-session-0050,cap-app-0050,identity_verification_completed,mobile,android,direct,cap-req-0050,cap-corr-0050,4.7.2
2025-05-03T11:33:04.715000Z,cap-session-0050,cap-app-0050,application_submitted,mobile,android,direct,,,4.7.2
2025-05-03T11:33:06.915000Z,cap-session-0050,cap-app-0050,application_completed,mobile,android,direct,,,4.7.2
2025-05-03T11:50:00Z,cap-session-0051,cap-app-0051,application_started,web,desktop,direct,,,4.7.2
2025-05-03T11:50:01.200000Z,cap-session-0051,cap-app-0051,identity_verification_started,web,desktop,direct,cap-req-0051,cap-corr-0051,4.7.2
2025-05-03T11:50:02.150000Z,cap-session-0051,cap-app-0051,identity_verification_completed,web,desktop,direct,cap-req-0051,cap-corr-0051,4.7.2
2025-05-03T11:50:04.750000Z,cap-session-0051,cap-app-0051,application_submitted,web,desktop,direct,,,4.7.2
2025-05-03T11:50:06.950000Z,cap-session-0051,cap-app-0051,application_completed,web,desktop,direct,,,4.7.2
2025-05-03T12:07:00Z,cap-session-0052,cap-app-0052,application_started,web,desktop,direct,,,4.7.2
2025-05-03T12:07:01.200000Z,cap-session-0052,cap-app-0052,identity_verification_started,web,desktop,direct,cap-req-0052,cap-corr-0052,4.7.2
2025-05-03T12:07:02.185000Z,cap-session-0052,cap-app-0052,identity_verification_completed,web,desktop,direct,cap-req-0052,cap-corr-0052,4.7.2
2025-05-03T12:07:04.785000Z,cap-session-0052,cap-app-0052,application_submitted,web,desktop,direct,,,4.7.2
2025-05-03T12:07:06.985000Z,cap-session-0052,cap-app-0052,application_completed,web,desktop,direct,,,4.7.2
2025-05-03T12:24:00Z,cap-session-0053,cap-app-0053,application_started,web,desktop,email,,,4.7.2
2025-05-03T12:24:01.200000Z,cap-session-0053,cap-app-0053,identity_verification_started,web,desktop,email,cap-req-0053,cap-corr-0053,4.7.2
2025-05-03T12:24:02.220000Z,cap-session-0053,cap-app-0053,identity_verification_completed,web,desktop,email,cap-req-0053,cap-corr-0053,4.7.2
2025-05-03T12:24:04.820000Z,cap-session-0053,cap-app-0053,application_submitted,web,desktop,email,,,4.7.2
2025-05-03T12:24:07.020000Z,cap-session-0053,cap-app-0053,application_completed,web,desktop,email,,,4.7.2
2025-05-03T12:41:00Z,cap-session-0054,cap-app-0054,application_started,web,desktop,direct,,,4.7.2
2025-05-03T12:41:01.200000Z,cap-session-0054,cap-app-0054,identity_verification_started,web,desktop,direct,cap-req-0054,cap-corr-0054,4.7.2
2025-05-03T12:41:02.255000Z,cap-session-0054,cap-app-0054,identity_verification_completed,web,desktop,direct,cap-req-0054,cap-corr-0054,4.7.2
2025-05-03T12:41:04.855000Z,cap-session-0054,cap-app-0054,application_submitted,web,desktop,direct,,,4.7.2
2025-05-03T12:41:07.055000Z,cap-session-0054,cap-app-0054,application_completed,web,desktop,direct,,,4.7.2
2025-05-03T12:58:00Z,cap-session-0055,cap-app-0055,application_started,web,desktop,direct,,,4.7.2
2025-05-03T12:58:01.200000Z,cap-session-0055,cap-app-0055,identity_verification_started,web,desktop,direct,cap-req-0055,cap-corr-0055,4.7.2
2025-05-03T12:58:02.290000Z,cap-session-0055,cap-app-0055,identity_verification_completed,web,desktop,direct,cap-req-0055,cap-corr-0055,4.7.2
2025-05-03T12:58:04.890000Z,cap-session-0055,cap-app-0055,application_submitted,web,desktop,direct,,,4.7.2
2025-05-03T12:58:07.090000Z,cap-session-0055,cap-app-0055,application_completed,web,desktop,direct,,,4.7.2
2025-05-03T13:15:00Z,cap-session-0056,cap-app-0056,application_started,web,desktop,direct,,,4.7.2
2025-05-03T13:15:01.200000Z,cap-session-0056,cap-app-0056,identity_verification_started,web,desktop,direct,cap-req-0056,cap-corr-0056,4.7.2
2025-05-03T13:15:02.080000Z,cap-session-0056,cap-app-0056,identity_verification_completed,web,desktop,direct,cap-req-0056,cap-corr-0056,4.7.2
2025-05-03T13:15:04.680000Z,cap-session-0056,cap-app-0056,application_submitted,web,desktop,direct,,,4.7.2
2025-05-03T13:15:06.880000Z,cap-session-0056,cap-app-0056,application_completed,web,desktop,direct,,,4.7.2
2025-05-03T13:32:00Z,cap-session-0057,cap-app-0057,application_started,web,desktop,email,,,4.7.2
2025-05-03T13:32:01.200000Z,cap-session-0057,cap-app-0057,identity_verification_started,web,desktop,email,cap-req-0057,cap-corr-0057,4.7.2
2025-05-03T13:49:00Z,cap-session-0058,cap-app-0058,application_started,web,desktop,direct,,,4.7.2
2025-05-03T13:49:01.200000Z,cap-session-0058,cap-app-0058,identity_verification_started,web,desktop,direct,cap-req-0058,cap-corr-0058,4.7.2
2025-05-03T13:49:02.150000Z,cap-session-0058,cap-app-0058,identity_verification_completed,web,desktop,direct,cap-req-0058,cap-corr-0058,4.7.2
2025-05-03T13:49:04.750000Z,cap-session-0058,cap-app-0058,application_submitted,web,desktop,direct,,,4.7.2
2025-05-03T13:49:06.950000Z,cap-session-0058,cap-app-0058,application_completed,web,desktop,direct,,,4.7.2
2025-05-03T14:06:00Z,cap-session-0059,cap-app-0059,application_started,web,desktop,direct,,,4.7.2
2025-05-03T14:06:01.200000Z,cap-session-0059,cap-app-0059,identity_verification_started,web,desktop,direct,cap-req-0059,cap-corr-0059,4.7.2
2025-05-03T14:06:02.185000Z,cap-session-0059,cap-app-0059,identity_verification_completed,web,desktop,direct,cap-req-0059,cap-corr-0059,4.7.2
2025-05-03T14:06:04.785000Z,cap-session-0059,cap-app-0059,application_submitted,web,desktop,direct,,,4.7.2
2025-05-03T14:06:06.985000Z,cap-session-0059,cap-app-0059,application_completed,web,desktop,direct,,,4.7.2
2025-05-03T14:23:00Z,cap-session-0060,cap-app-0060,application_started,web,desktop,direct,,,4.7.2
2025-05-03T14:23:01.200000Z,cap-session-0060,cap-app-0060,identity_verification_started,web,desktop,direct,cap-req-0060,cap-corr-0060,4.7.2
2025-05-03T14:23:02.220000Z,cap-session-0060,cap-app-0060,identity_verification_completed,web,desktop,direct,cap-req-0060,cap-corr-0060,4.7.2
2025-05-03T14:23:04.820000Z,cap-session-0060,cap-app-0060,application_submitted,web,desktop,direct,,,4.7.2
2025-05-03T14:23:07.020000Z,cap-session-0060,cap-app-0060,application_completed,web,desktop,direct,,,4.7.2
2025-05-04T09:00:00Z,cap-session-0061,cap-app-0061,application_started,mobile,ios,partner,,,4.7.2
2025-05-04T09:00:01.200000Z,cap-session-0061,cap-app-0061,identity_verification_started,mobile,ios,partner,cap-req-0061,cap-corr-0061,4.7.2
2025-05-04T09:00:02.255000Z,cap-session-0061,cap-app-0061,identity_verification_completed,mobile,ios,partner,cap-req-0061,cap-corr-0061,4.7.2
2025-05-04T09:00:04.855000Z,cap-session-0061,cap-app-0061,application_submitted,mobile,ios,partner,,,4.7.2
2025-05-04T09:00:07.055000Z,cap-session-0061,cap-app-0061,application_completed,mobile,ios,partner,,,4.7.2
2025-05-04T09:17:00Z,cap-session-0062,cap-app-0062,application_started,mobile,android,partner,,,4.7.2
2025-05-04T09:17:01.200000Z,cap-session-0062,cap-app-0062,identity_verification_started,mobile,android,partner,cap-req-0062,cap-corr-0062,4.7.2
2025-05-04T09:17:02.290000Z,cap-session-0062,cap-app-0062,identity_verification_completed,mobile,android,partner,cap-req-0062,cap-corr-0062,4.7.2
2025-05-04T09:17:04.890000Z,cap-session-0062,cap-app-0062,application_submitted,mobile,android,partner,,,4.7.2
2025-05-04T09:17:07.090000Z,cap-session-0062,cap-app-0062,application_completed,mobile,android,partner,,,4.7.2
2025-05-04T09:34:00Z,cap-session-0063,cap-app-0063,application_started,mobile,ios,partner,,,4.7.2
2025-05-04T09:34:01.200000Z,cap-session-0063,cap-app-0063,identity_verification_started,mobile,ios,partner,cap-req-0063,cap-corr-0063,4.7.2
2025-05-04T09:34:02.080000Z,cap-session-0063,cap-app-0063,identity_verification_completed,mobile,ios,partner,cap-req-0063,cap-corr-0063,4.7.2
2025-05-04T09:34:04.680000Z,cap-session-0063,cap-app-0063,application_submitted,mobile,ios,partner,,,4.7.2
2025-05-04T09:34:06.880000Z,cap-session-0063,cap-app-0063,application_completed,mobile,ios,partner,,,4.7.2
2025-05-04T09:51:00Z,cap-session-0064,cap-app-0064,application_started,mobile,android,direct,,,4.7.2
2025-05-04T09:51:01.200000Z,cap-session-0064,cap-app-0064,identity_verification_started,mobile,android,direct,cap-req-0064,cap-corr-0064,4.7.2
2025-05-04T09:51:02.115000Z,cap-session-0064,cap-app-0064,identity_verification_completed,mobile,android,direct,cap-req-0064,cap-corr-0064,4.7.2
2025-05-04T09:51:04.715000Z,cap-session-0064,cap-app-0064,application_submitted,mobile,android,direct,,,4.7.2
2025-05-04T09:51:06.915000Z,cap-session-0064,cap-app-0064,application_completed,mobile,android,direct,,,4.7.2
2025-05-04T10:08:00Z,cap-session-0065,cap-app-0065,application_started,mobile,ios,email,,,4.7.2
2025-05-04T10:08:01.200000Z,cap-session-0065,cap-app-0065,identity_verification_started,mobile,ios,email,cap-req-0065,cap-corr-0065,4.7.2
2025-05-04T10:08:02.150000Z,cap-session-0065,cap-app-0065,identity_verification_completed,mobile,ios,email,cap-req-0065,cap-corr-0065,4.7.2
2025-05-04T10:08:04.750000Z,cap-session-0065,cap-app-0065,application_submitted,mobile,ios,email,,,4.7.2
2025-05-04T10:08:06.950000Z,cap-session-0065,cap-app-0065,application_completed,mobile,ios,email,,,4.7.2
2025-05-04T10:25:00Z,cap-session-0066,cap-app-0066,application_started,mobile,android,direct,,,4.7.2
2025-05-04T10:25:01.200000Z,cap-session-0066,cap-app-0066,identity_verification_started,mobile,android,direct,cap-req-0066,cap-corr-0066,4.7.2
2025-05-04T10:25:02.185000Z,cap-session-0066,cap-app-0066,identity_verification_completed,mobile,android,direct,cap-req-0066,cap-corr-0066,4.7.2
2025-05-04T10:25:04.785000Z,cap-session-0066,cap-app-0066,application_submitted,mobile,android,direct,,,4.7.2
2025-05-04T10:25:06.985000Z,cap-session-0066,cap-app-0066,application_completed,mobile,android,direct,,,4.7.2
2025-05-04T10:42:00Z,cap-session-0067,cap-app-0067,application_started,mobile,ios,direct,,,4.7.2
2025-05-04T10:42:01.200000Z,cap-session-0067,cap-app-0067,identity_verification_started,mobile,ios,direct,cap-req-0067,cap-corr-0067,4.7.2
2025-05-04T10:42:02.220000Z,cap-session-0067,cap-app-0067,identity_verification_completed,mobile,ios,direct,cap-req-0067,cap-corr-0067,4.7.2
2025-05-04T10:42:04.820000Z,cap-session-0067,cap-app-0067,application_submitted,mobile,ios,direct,,,4.7.2
2025-05-04T10:42:07.020000Z,cap-session-0067,cap-app-0067,application_completed,mobile,ios,direct,,,4.7.2
2025-05-04T10:59:00Z,cap-session-0068,cap-app-0068,application_started,mobile,android,direct,,,4.7.2
2025-05-04T10:59:01.200000Z,cap-session-0068,cap-app-0068,identity_verification_started,mobile,android,direct,cap-req-0068,cap-corr-0068,4.7.2
2025-05-04T10:59:02.255000Z,cap-session-0068,cap-app-0068,identity_verification_completed,mobile,android,direct,cap-req-0068,cap-corr-0068,4.7.2
2025-05-04T10:59:04.855000Z,cap-session-0068,cap-app-0068,application_submitted,mobile,android,direct,,,4.7.2
2025-05-04T10:59:07.055000Z,cap-session-0068,cap-app-0068,application_completed,mobile,android,direct,,,4.7.2
2025-05-04T11:16:00Z,cap-session-0069,cap-app-0069,application_started,mobile,ios,email,,,4.7.2
2025-05-04T11:16:01.200000Z,cap-session-0069,cap-app-0069,identity_verification_started,mobile,ios,email,cap-req-0069,cap-corr-0069,4.7.2
2025-05-04T11:16:02.290000Z,cap-session-0069,cap-app-0069,identity_verification_completed,mobile,ios,email,cap-req-0069,cap-corr-0069,4.7.2
2025-05-04T11:16:04.890000Z,cap-session-0069,cap-app-0069,application_submitted,mobile,ios,email,,,4.7.2
2025-05-04T11:33:00Z,cap-session-0070,cap-app-0070,application_started,mobile,android,direct,,,4.7.2
2025-05-04T11:33:01.200000Z,cap-session-0070,cap-app-0070,identity_verification_started,mobile,android,direct,cap-req-0070,cap-corr-0070,4.7.2
2025-05-04T11:33:02.080000Z,cap-session-0070,cap-app-0070,identity_verification_completed,mobile,android,direct,cap-req-0070,cap-corr-0070,4.7.2
2025-05-04T11:33:04.680000Z,cap-session-0070,cap-app-0070,application_submitted,mobile,android,direct,,,4.7.2
2025-05-04T11:33:06.880000Z,cap-session-0070,cap-app-0070,application_completed,mobile,android,direct,,,4.7.2
2025-05-04T11:50:00Z,cap-session-0071,cap-app-0071,application_started,web,desktop,direct,,,4.7.2
2025-05-04T11:50:01.200000Z,cap-session-0071,cap-app-0071,identity_verification_started,web,desktop,direct,cap-req-0071,cap-corr-0071,4.7.2
2025-05-04T11:50:02.115000Z,cap-session-0071,cap-app-0071,identity_verification_completed,web,desktop,direct,cap-req-0071,cap-corr-0071,4.7.2
2025-05-04T11:50:04.715000Z,cap-session-0071,cap-app-0071,application_submitted,web,desktop,direct,,,4.7.2
2025-05-04T11:50:06.915000Z,cap-session-0071,cap-app-0071,application_completed,web,desktop,direct,,,4.7.2
2025-05-04T12:07:00Z,cap-session-0072,cap-app-0072,application_started,web,desktop,direct,,,4.7.2
2025-05-04T12:07:01.200000Z,cap-session-0072,cap-app-0072,identity_verification_started,web,desktop,direct,cap-req-0072,cap-corr-0072,4.7.2
2025-05-04T12:07:02.150000Z,cap-session-0072,cap-app-0072,identity_verification_completed,web,desktop,direct,cap-req-0072,cap-corr-0072,4.7.2
2025-05-04T12:07:04.750000Z,cap-session-0072,cap-app-0072,application_submitted,web,desktop,direct,,,4.7.2
2025-05-04T12:07:06.950000Z,cap-session-0072,cap-app-0072,application_completed,web,desktop,direct,,,4.7.2
2025-05-04T12:24:00Z,cap-session-0073,cap-app-0073,application_started,web,desktop,email,,,4.7.2
2025-05-04T12:24:01.200000Z,cap-session-0073,cap-app-0073,identity_verification_started,web,desktop,email,cap-req-0073,cap-corr-0073,4.7.2
2025-05-04T12:24:02.185000Z,cap-session-0073,cap-app-0073,identity_verification_completed,web,desktop,email,cap-req-0073,cap-corr-0073,4.7.2
2025-05-04T12:24:04.785000Z,cap-session-0073,cap-app-0073,application_submitted,web,desktop,email,,,4.7.2
2025-05-04T12:24:06.985000Z,cap-session-0073,cap-app-0073,application_completed,web,desktop,email,,,4.7.2
2025-05-04T12:41:00Z,cap-session-0074,cap-app-0074,application_started,web,desktop,direct,,,4.7.2
2025-05-04T12:41:01.200000Z,cap-session-0074,cap-app-0074,identity_verification_started,web,desktop,direct,cap-req-0074,cap-corr-0074,4.7.2
2025-05-04T12:41:02.220000Z,cap-session-0074,cap-app-0074,identity_verification_completed,web,desktop,direct,cap-req-0074,cap-corr-0074,4.7.2
2025-05-04T12:41:04.820000Z,cap-session-0074,cap-app-0074,application_submitted,web,desktop,direct,,,4.7.2
2025-05-04T12:41:07.020000Z,cap-session-0074,cap-app-0074,application_completed,web,desktop,direct,,,4.7.2
2025-05-04T12:58:00Z,cap-session-0075,cap-app-0075,application_started,web,desktop,direct,,,4.7.2
2025-05-04T12:58:01.200000Z,cap-session-0075,cap-app-0075,identity_verification_started,web,desktop,direct,cap-req-0075,cap-corr-0075,4.7.2
2025-05-04T12:58:02.255000Z,cap-session-0075,cap-app-0075,identity_verification_completed,web,desktop,direct,cap-req-0075,cap-corr-0075,4.7.2
2025-05-04T12:58:04.855000Z,cap-session-0075,cap-app-0075,application_submitted,web,desktop,direct,,,4.7.2
2025-05-04T12:58:07.055000Z,cap-session-0075,cap-app-0075,application_completed,web,desktop,direct,,,4.7.2
2025-05-04T13:15:00Z,cap-session-0076,cap-app-0076,application_started,web,desktop,direct,,,4.7.2
2025-05-04T13:15:01.200000Z,cap-session-0076,cap-app-0076,identity_verification_started,web,desktop,direct,cap-req-0076,cap-corr-0076,4.7.2
2025-05-04T13:32:00Z,cap-session-0077,cap-app-0077,application_started,web,desktop,email,,,4.7.2
2025-05-04T13:32:01.200000Z,cap-session-0077,cap-app-0077,identity_verification_started,web,desktop,email,cap-req-0077,cap-corr-0077,4.7.2
2025-05-04T13:32:02.080000Z,cap-session-0077,cap-app-0077,identity_verification_completed,web,desktop,email,cap-req-0077,cap-corr-0077,4.7.2
2025-05-04T13:32:04.680000Z,cap-session-0077,cap-app-0077,application_submitted,web,desktop,email,,,4.7.2
2025-05-04T13:32:06.880000Z,cap-session-0077,cap-app-0077,application_completed,web,desktop,email,,,4.7.2
2025-05-04T13:49:00Z,cap-session-0078,cap-app-0078,application_started,web,desktop,direct,,,4.7.2
2025-05-04T13:49:01.200000Z,cap-session-0078,cap-app-0078,identity_verification_started,web,desktop,direct,cap-req-0078,cap-corr-0078,4.7.2
2025-05-04T13:49:02.115000Z,cap-session-0078,cap-app-0078,identity_verification_completed,web,desktop,direct,cap-req-0078,cap-corr-0078,4.7.2
2025-05-04T13:49:04.715000Z,cap-session-0078,cap-app-0078,application_submitted,web,desktop,direct,,,4.7.2
2025-05-04T13:49:06.915000Z,cap-session-0078,cap-app-0078,application_completed,web,desktop,direct,,,4.7.2
2025-05-04T14:06:00Z,cap-session-0079,cap-app-0079,application_started,web,desktop,direct,,,4.7.2
2025-05-04T14:06:01.200000Z,cap-session-0079,cap-app-0079,identity_verification_started,web,desktop,direct,cap-req-0079,cap-corr-0079,4.7.2
2025-05-04T14:06:02.150000Z,cap-session-0079,cap-app-0079,identity_verification_completed,web,desktop,direct,cap-req-0079,cap-corr-0079,4.7.2
2025-05-04T14:06:04.750000Z,cap-session-0079,cap-app-0079,application_submitted,web,desktop,direct,,,4.7.2
2025-05-04T14:06:06.950000Z,cap-session-0079,cap-app-0079,application_completed,web,desktop,direct,,,4.7.2
2025-05-04T14:23:00Z,cap-session-0080,cap-app-0080,application_started,web,desktop,direct,,,4.7.2
2025-05-04T14:23:01.200000Z,cap-session-0080,cap-app-0080,identity_verification_started,web,desktop,direct,cap-req-0080,cap-corr-0080,4.7.2
2025-05-04T14:23:02.185000Z,cap-session-0080,cap-app-0080,identity_verification_completed,web,desktop,direct,cap-req-0080,cap-corr-0080,4.7.2
2025-05-04T14:23:04.785000Z,cap-session-0080,cap-app-0080,application_submitted,web,desktop,direct,,,4.7.2
2025-05-04T14:23:06.985000Z,cap-session-0080,cap-app-0080,application_completed,web,desktop,direct,,,4.7.2
2025-05-05T09:00:00Z,cap-session-0081,cap-app-0081,application_started,mobile,ios,partner,,,4.7.2
2025-05-05T09:00:01.200000Z,cap-session-0081,cap-app-0081,identity_verification_started,mobile,ios,partner,cap-req-0081,cap-corr-0081,4.7.2
2025-05-05T09:00:02.220000Z,cap-session-0081,cap-app-0081,identity_verification_completed,mobile,ios,partner,cap-req-0081,cap-corr-0081,4.7.2
2025-05-05T09:00:04.820000Z,cap-session-0081,cap-app-0081,application_submitted,mobile,ios,partner,,,4.7.2
2025-05-05T09:00:07.020000Z,cap-session-0081,cap-app-0081,application_completed,mobile,ios,partner,,,4.7.2
2025-05-05T09:17:00Z,cap-session-0082,cap-app-0082,application_started,mobile,android,partner,,,4.7.2
2025-05-05T09:17:01.200000Z,cap-session-0082,cap-app-0082,identity_verification_started,mobile,android,partner,cap-req-0082,cap-corr-0082,4.7.2
2025-05-05T09:17:02.255000Z,cap-session-0082,cap-app-0082,identity_verification_completed,mobile,android,partner,cap-req-0082,cap-corr-0082,4.7.2
2025-05-05T09:17:04.855000Z,cap-session-0082,cap-app-0082,application_submitted,mobile,android,partner,,,4.7.2
2025-05-05T09:17:07.055000Z,cap-session-0082,cap-app-0082,application_completed,mobile,android,partner,,,4.7.2
2025-05-05T09:34:00Z,cap-session-0083,cap-app-0083,application_started,mobile,ios,partner,,,4.7.2
2025-05-05T09:34:01.200000Z,cap-session-0083,cap-app-0083,identity_verification_started,mobile,ios,partner,cap-req-0083,cap-corr-0083,4.7.2
2025-05-05T09:34:02.290000Z,cap-session-0083,cap-app-0083,identity_verification_completed,mobile,ios,partner,cap-req-0083,cap-corr-0083,4.7.2
2025-05-05T09:34:04.890000Z,cap-session-0083,cap-app-0083,application_submitted,mobile,ios,partner,,,4.7.2
2025-05-05T09:34:07.090000Z,cap-session-0083,cap-app-0083,application_completed,mobile,ios,partner,,,4.7.2
2025-05-05T09:51:00Z,cap-session-0084,cap-app-0084,application_started,mobile,android,direct,,,4.7.2
2025-05-05T09:51:01.200000Z,cap-session-0084,cap-app-0084,identity_verification_started,mobile,android,direct,cap-req-0084,cap-corr-0084,4.7.2
2025-05-05T09:51:02.080000Z,cap-session-0084,cap-app-0084,identity_verification_completed,mobile,android,direct,cap-req-0084,cap-corr-0084,4.7.2
2025-05-05T09:51:04.680000Z,cap-session-0084,cap-app-0084,application_submitted,mobile,android,direct,,,4.7.2
2025-05-05T09:51:06.880000Z,cap-session-0084,cap-app-0084,application_completed,mobile,android,direct,,,4.7.2
2025-05-05T10:08:00Z,cap-session-0085,cap-app-0085,application_started,mobile,ios,email,,,4.7.2
2025-05-05T10:08:01.200000Z,cap-session-0085,cap-app-0085,identity_verification_started,mobile,ios,email,cap-req-0085,cap-corr-0085,4.7.2
2025-05-05T10:08:02.115000Z,cap-session-0085,cap-app-0085,identity_verification_completed,mobile,ios,email,cap-req-0085,cap-corr-0085,4.7.2
2025-05-05T10:08:04.715000Z,cap-session-0085,cap-app-0085,application_submitted,mobile,ios,email,,,4.7.2
2025-05-05T10:08:06.915000Z,cap-session-0085,cap-app-0085,application_completed,mobile,ios,email,,,4.7.2
2025-05-05T10:25:00Z,cap-session-0086,cap-app-0086,application_started,mobile,android,direct,,,4.7.2
2025-05-05T10:25:01.200000Z,cap-session-0086,cap-app-0086,identity_verification_started,mobile,android,direct,cap-req-0086,cap-corr-0086,4.7.2
2025-05-05T10:25:02.150000Z,cap-session-0086,cap-app-0086,identity_verification_completed,mobile,android,direct,cap-req-0086,cap-corr-0086,4.7.2
2025-05-05T10:25:04.750000Z,cap-session-0086,cap-app-0086,application_submitted,mobile,android,direct,,,4.7.2
2025-05-05T10:25:06.950000Z,cap-session-0086,cap-app-0086,application_completed,mobile,android,direct,,,4.7.2
2025-05-05T10:42:00Z,cap-session-0087,cap-app-0087,application_started,mobile,ios,direct,,,4.7.2
2025-05-05T10:42:01.200000Z,cap-session-0087,cap-app-0087,identity_verification_started,mobile,ios,direct,cap-req-0087,cap-corr-0087,4.7.2
2025-05-05T10:42:02.185000Z,cap-session-0087,cap-app-0087,identity_verification_completed,mobile,ios,direct,cap-req-0087,cap-corr-0087,4.7.2
2025-05-05T10:42:04.785000Z,cap-session-0087,cap-app-0087,application_submitted,mobile,ios,direct,,,4.7.2
2025-05-05T10:42:06.985000Z,cap-session-0087,cap-app-0087,application_completed,mobile,ios,direct,,,4.7.2
2025-05-05T10:59:00Z,cap-session-0088,cap-app-0088,application_started,mobile,android,direct,,,4.7.2
2025-05-05T10:59:01.200000Z,cap-session-0088,cap-app-0088,identity_verification_started,mobile,android,direct,cap-req-0088,cap-corr-0088,4.7.2
2025-05-05T10:59:02.220000Z,cap-session-0088,cap-app-0088,identity_verification_completed,mobile,android,direct,cap-req-0088,cap-corr-0088,4.7.2
2025-05-05T10:59:04.820000Z,cap-session-0088,cap-app-0088,application_submitted,mobile,android,direct,,,4.7.2
2025-05-05T10:59:07.020000Z,cap-session-0088,cap-app-0088,application_completed,mobile,android,direct,,,4.7.2
2025-05-05T11:16:00Z,cap-session-0089,cap-app-0089,application_started,mobile,ios,email,,,4.7.2
2025-05-05T11:16:01.200000Z,cap-session-0089,cap-app-0089,identity_verification_started,mobile,ios,email,cap-req-0089,cap-corr-0089,4.7.2
2025-05-05T11:16:02.255000Z,cap-session-0089,cap-app-0089,identity_verification_completed,mobile,ios,email,cap-req-0089,cap-corr-0089,4.7.2
2025-05-05T11:16:04.855000Z,cap-session-0089,cap-app-0089,application_submitted,mobile,ios,email,,,4.7.2
2025-05-05T11:16:07.055000Z,cap-session-0089,cap-app-0089,application_completed,mobile,ios,email,,,4.7.2
2025-05-05T11:33:00Z,cap-session-0090,cap-app-0090,application_started,mobile,android,direct,,,4.7.2
2025-05-05T11:33:01.200000Z,cap-session-0090,cap-app-0090,identity_verification_started,mobile,android,direct,cap-req-0090,cap-corr-0090,4.7.2
2025-05-05T11:33:02.290000Z,cap-session-0090,cap-app-0090,identity_verification_completed,mobile,android,direct,cap-req-0090,cap-corr-0090,4.7.2
2025-05-05T11:33:04.890000Z,cap-session-0090,cap-app-0090,application_submitted,mobile,android,direct,,,4.7.2
2025-05-05T11:33:07.090000Z,cap-session-0090,cap-app-0090,application_completed,mobile,android,direct,,,4.7.2
2025-05-05T11:50:00Z,cap-session-0091,cap-app-0091,application_started,web,desktop,direct,,,4.7.2
2025-05-05T11:50:01.200000Z,cap-session-0091,cap-app-0091,identity_verification_started,web,desktop,direct,cap-req-0091,cap-corr-0091,4.7.2
2025-05-05T11:50:02.080000Z,cap-session-0091,cap-app-0091,identity_verification_completed,web,desktop,direct,cap-req-0091,cap-corr-0091,4.7.2
2025-05-05T11:50:04.680000Z,cap-session-0091,cap-app-0091,application_submitted,web,desktop,direct,,,4.7.2
2025-05-05T11:50:06.880000Z,cap-session-0091,cap-app-0091,application_completed,web,desktop,direct,,,4.7.2
2025-05-05T12:07:00Z,cap-session-0092,cap-app-0092,application_started,web,desktop,direct,,,4.7.2
2025-05-05T12:07:01.200000Z,cap-session-0092,cap-app-0092,identity_verification_started,web,desktop,direct,cap-req-0092,cap-corr-0092,4.7.2
2025-05-05T12:07:02.115000Z,cap-session-0092,cap-app-0092,identity_verification_completed,web,desktop,direct,cap-req-0092,cap-corr-0092,4.7.2
2025-05-05T12:07:04.715000Z,cap-session-0092,cap-app-0092,application_submitted,web,desktop,direct,,,4.7.2
2025-05-05T12:24:00Z,cap-session-0093,cap-app-0093,application_started,web,desktop,email,,,4.7.2
2025-05-05T12:24:01.200000Z,cap-session-0093,cap-app-0093,identity_verification_started,web,desktop,email,cap-req-0093,cap-corr-0093,4.7.2
2025-05-05T12:24:02.150000Z,cap-session-0093,cap-app-0093,identity_verification_completed,web,desktop,email,cap-req-0093,cap-corr-0093,4.7.2
2025-05-05T12:24:04.750000Z,cap-session-0093,cap-app-0093,application_submitted,web,desktop,email,,,4.7.2
2025-05-05T12:24:06.950000Z,cap-session-0093,cap-app-0093,application_completed,web,desktop,email,,,4.7.2
2025-05-05T12:41:00Z,cap-session-0094,cap-app-0094,application_started,web,desktop,direct,,,4.7.2
2025-05-05T12:41:01.200000Z,cap-session-0094,cap-app-0094,identity_verification_started,web,desktop,direct,cap-req-0094,cap-corr-0094,4.7.2
2025-05-05T12:41:02.185000Z,cap-session-0094,cap-app-0094,identity_verification_completed,web,desktop,direct,cap-req-0094,cap-corr-0094,4.7.2
2025-05-05T12:41:04.785000Z,cap-session-0094,cap-app-0094,application_submitted,web,desktop,direct,,,4.7.2
2025-05-05T12:41:06.985000Z,cap-session-0094,cap-app-0094,application_completed,web,desktop,direct,,,4.7.2
2025-05-05T12:58:00Z,cap-session-0095,cap-app-0095,application_started,web,desktop,direct,,,4.7.2
2025-05-05T12:58:01.200000Z,cap-session-0095,cap-app-0095,identity_verification_started,web,desktop,direct,cap-req-0095,cap-corr-0095,4.7.2
2025-05-05T13:15:00Z,cap-session-0096,cap-app-0096,application_started,web,desktop,direct,,,4.7.2
2025-05-05T13:15:01.200000Z,cap-session-0096,cap-app-0096,identity_verification_started,web,desktop,direct,cap-req-0096,cap-corr-0096,4.7.2
2025-05-05T13:15:02.255000Z,cap-session-0096,cap-app-0096,identity_verification_completed,web,desktop,direct,cap-req-0096,cap-corr-0096,4.7.2
2025-05-05T13:15:04.855000Z,cap-session-0096,cap-app-0096,application_submitted,web,desktop,direct,,,4.7.2
2025-05-05T13:15:07.055000Z,cap-session-0096,cap-app-0096,application_completed,web,desktop,direct,,,4.7.2
2025-05-05T13:32:00Z,cap-session-0097,cap-app-0097,application_started,web,desktop,email,,,4.7.2
2025-05-05T13:32:01.200000Z,cap-session-0097,cap-app-0097,identity_verification_started,web,desktop,email,cap-req-0097,cap-corr-0097,4.7.2
2025-05-05T13:32:02.290000Z,cap-session-0097,cap-app-0097,identity_verification_completed,web,desktop,email,cap-req-0097,cap-corr-0097,4.7.2
2025-05-05T13:32:04.890000Z,cap-session-0097,cap-app-0097,application_submitted,web,desktop,email,,,4.7.2
2025-05-05T13:32:07.090000Z,cap-session-0097,cap-app-0097,application_completed,web,desktop,email,,,4.7.2
2025-05-05T13:49:00Z,cap-session-0098,cap-app-0098,application_started,web,desktop,direct,,,4.7.2
2025-05-05T13:49:01.200000Z,cap-session-0098,cap-app-0098,identity_verification_started,web,desktop,direct,cap-req-0098,cap-corr-0098,4.7.2
2025-05-05T13:49:02.080000Z,cap-session-0098,cap-app-0098,identity_verification_completed,web,desktop,direct,cap-req-0098,cap-corr-0098,4.7.2
2025-05-05T13:49:04.680000Z,cap-session-0098,cap-app-0098,application_submitted,web,desktop,direct,,,4.7.2
2025-05-05T13:49:06.880000Z,cap-session-0098,cap-app-0098,application_completed,web,desktop,direct,,,4.7.2
2025-05-05T14:06:00Z,cap-session-0099,cap-app-0099,application_started,web,desktop,direct,,,4.7.2
2025-05-05T14:06:01.200000Z,cap-session-0099,cap-app-0099,identity_verification_started,web,desktop,direct,cap-req-0099,cap-corr-0099,4.7.2
2025-05-05T14:06:02.115000Z,cap-session-0099,cap-app-0099,identity_verification_completed,web,desktop,direct,cap-req-0099,cap-corr-0099,4.7.2
2025-05-05T14:06:04.715000Z,cap-session-0099,cap-app-0099,application_submitted,web,desktop,direct,,,4.7.2
2025-05-05T14:06:06.915000Z,cap-session-0099,cap-app-0099,application_completed,web,desktop,direct,,,4.7.2
2025-05-05T14:23:00Z,cap-session-0100,cap-app-0100,application_started,web,desktop,direct,,,4.7.2
2025-05-05T14:23:01.200000Z,cap-session-0100,cap-app-0100,identity_verification_started,web,desktop,direct,cap-req-0100,cap-corr-0100,4.7.2
2025-05-05T14:23:02.150000Z,cap-session-0100,cap-app-0100,identity_verification_completed,web,desktop,direct,cap-req-0100,cap-corr-0100,4.7.2
2025-05-05T14:23:04.750000Z,cap-session-0100,cap-app-0100,application_submitted,web,desktop,direct,,,4.7.2
2025-05-05T14:23:06.950000Z,cap-session-0100,cap-app-0100,application_completed,web,desktop,direct,,,4.7.2
2025-05-06T09:00:00Z,cap-session-0101,cap-app-0101,application_started,mobile,ios,partner,,,4.7.2
2025-05-06T09:00:01.200000Z,cap-session-0101,cap-app-0101,identity_verification_started,mobile,ios,partner,cap-req-0101,cap-corr-0101,4.7.2
2025-05-06T09:00:02.185000Z,cap-session-0101,cap-app-0101,identity_verification_completed,mobile,ios,partner,cap-req-0101,cap-corr-0101,4.7.2
2025-05-06T09:00:04.785000Z,cap-session-0101,cap-app-0101,application_submitted,mobile,ios,partner,,,4.7.2
2025-05-06T09:00:06.985000Z,cap-session-0101,cap-app-0101,application_completed,mobile,ios,partner,,,4.7.2
2025-05-06T09:17:00Z,cap-session-0102,cap-app-0102,application_started,mobile,android,partner,,,4.7.2
2025-05-06T09:17:01.200000Z,cap-session-0102,cap-app-0102,identity_verification_started,mobile,android,partner,cap-req-0102,cap-corr-0102,4.7.2
2025-05-06T09:17:02.220000Z,cap-session-0102,cap-app-0102,identity_verification_completed,mobile,android,partner,cap-req-0102,cap-corr-0102,4.7.2
2025-05-06T09:17:04.820000Z,cap-session-0102,cap-app-0102,application_submitted,mobile,android,partner,,,4.7.2
2025-05-06T09:17:07.020000Z,cap-session-0102,cap-app-0102,application_completed,mobile,android,partner,,,4.7.2
2025-05-06T09:34:00Z,cap-session-0103,cap-app-0103,application_started,mobile,ios,partner,,,4.7.2
2025-05-06T09:34:01.200000Z,cap-session-0103,cap-app-0103,identity_verification_started,mobile,ios,partner,cap-req-0103,cap-corr-0103,4.7.2
2025-05-06T09:34:02.255000Z,cap-session-0103,cap-app-0103,identity_verification_completed,mobile,ios,partner,cap-req-0103,cap-corr-0103,4.7.2
2025-05-06T09:34:04.855000Z,cap-session-0103,cap-app-0103,application_submitted,mobile,ios,partner,,,4.7.2
2025-05-06T09:34:07.055000Z,cap-session-0103,cap-app-0103,application_completed,mobile,ios,partner,,,4.7.2
2025-05-06T09:51:00Z,cap-session-0104,cap-app-0104,application_started,mobile,android,direct,,,4.7.2
2025-05-06T09:51:01.200000Z,cap-session-0104,cap-app-0104,identity_verification_started,mobile,android,direct,cap-req-0104,cap-corr-0104,4.7.2
2025-05-06T09:51:02.290000Z,cap-session-0104,cap-app-0104,identity_verification_completed,mobile,android,direct,cap-req-0104,cap-corr-0104,4.7.2
2025-05-06T09:51:04.890000Z,cap-session-0104,cap-app-0104,application_submitted,mobile,android,direct,,,4.7.2
2025-05-06T09:51:07.090000Z,cap-session-0104,cap-app-0104,application_completed,mobile,android,direct,,,4.7.2
2025-05-06T10:08:00Z,cap-session-0105,cap-app-0105,application_started,mobile,ios,email,,,4.7.2
2025-05-06T10:08:01.200000Z,cap-session-0105,cap-app-0105,identity_verification_started,mobile,ios,email,cap-req-0105,cap-corr-0105,4.7.2
2025-05-06T10:08:02.080000Z,cap-session-0105,cap-app-0105,identity_verification_completed,mobile,ios,email,cap-req-0105,cap-corr-0105,4.7.2
2025-05-06T10:08:04.680000Z,cap-session-0105,cap-app-0105,application_submitted,mobile,ios,email,,,4.7.2
2025-05-06T10:08:06.880000Z,cap-session-0105,cap-app-0105,application_completed,mobile,ios,email,,,4.7.2
2025-05-06T10:25:00Z,cap-session-0106,cap-app-0106,application_started,mobile,android,direct,,,4.7.2
2025-05-06T10:25:01.200000Z,cap-session-0106,cap-app-0106,identity_verification_started,mobile,android,direct,cap-req-0106,cap-corr-0106,4.7.2
2025-05-06T10:25:02.115000Z,cap-session-0106,cap-app-0106,identity_verification_completed,mobile,android,direct,cap-req-0106,cap-corr-0106,4.7.2
2025-05-06T10:25:04.715000Z,cap-session-0106,cap-app-0106,application_submitted,mobile,android,direct,,,4.7.2
2025-05-06T10:25:06.915000Z,cap-session-0106,cap-app-0106,application_completed,mobile,android,direct,,,4.7.2
2025-05-06T10:42:00Z,cap-session-0107,cap-app-0107,application_started,mobile,ios,direct,,,4.7.2
2025-05-06T10:42:01.200000Z,cap-session-0107,cap-app-0107,identity_verification_started,mobile,ios,direct,cap-req-0107,cap-corr-0107,4.7.2
2025-05-06T10:42:02.150000Z,cap-session-0107,cap-app-0107,identity_verification_completed,mobile,ios,direct,cap-req-0107,cap-corr-0107,4.7.2
2025-05-06T10:42:04.750000Z,cap-session-0107,cap-app-0107,application_submitted,mobile,ios,direct,,,4.7.2
2025-05-06T10:42:06.950000Z,cap-session-0107,cap-app-0107,application_completed,mobile,ios,direct,,,4.7.2
2025-05-06T10:59:00Z,cap-session-0108,cap-app-0108,application_started,mobile,android,direct,,,4.7.2
2025-05-06T10:59:01.200000Z,cap-session-0108,cap-app-0108,identity_verification_started,mobile,android,direct,cap-req-0108,cap-corr-0108,4.7.2
2025-05-06T10:59:02.185000Z,cap-session-0108,cap-app-0108,identity_verification_completed,mobile,android,direct,cap-req-0108,cap-corr-0108,4.7.2
2025-05-06T10:59:04.785000Z,cap-session-0108,cap-app-0108,application_submitted,mobile,android,direct,,,4.7.2
2025-05-06T10:59:06.985000Z,cap-session-0108,cap-app-0108,application_completed,mobile,android,direct,,,4.7.2
2025-05-06T11:16:00Z,cap-session-0109,cap-app-0109,application_started,mobile,ios,email,,,4.7.2
2025-05-06T11:16:01.200000Z,cap-session-0109,cap-app-0109,identity_verification_started,mobile,ios,email,cap-req-0109,cap-corr-0109,4.7.2
2025-05-06T11:16:02.220000Z,cap-session-0109,cap-app-0109,identity_verification_completed,mobile,ios,email,cap-req-0109,cap-corr-0109,4.7.2
2025-05-06T11:16:04.820000Z,cap-session-0109,cap-app-0109,application_submitted,mobile,ios,email,,,4.7.2
2025-05-06T11:16:07.020000Z,cap-session-0109,cap-app-0109,application_completed,mobile,ios,email,,,4.7.2
2025-05-06T11:33:00Z,cap-session-0110,cap-app-0110,application_started,mobile,android,direct,,,4.7.2
2025-05-06T11:33:01.200000Z,cap-session-0110,cap-app-0110,identity_verification_started,mobile,android,direct,cap-req-0110,cap-corr-0110,4.7.2
2025-05-06T11:33:02.255000Z,cap-session-0110,cap-app-0110,identity_verification_completed,mobile,android,direct,cap-req-0110,cap-corr-0110,4.7.2
2025-05-06T11:33:04.855000Z,cap-session-0110,cap-app-0110,application_submitted,mobile,android,direct,,,4.7.2
2025-05-06T11:33:07.055000Z,cap-session-0110,cap-app-0110,application_completed,mobile,android,direct,,,4.7.2
2025-05-06T11:50:00Z,cap-session-0111,cap-app-0111,application_started,web,desktop,direct,,,4.7.2
2025-05-06T11:50:01.200000Z,cap-session-0111,cap-app-0111,identity_verification_started,web,desktop,direct,cap-req-0111,cap-corr-0111,4.7.2
2025-05-06T11:50:02.290000Z,cap-session-0111,cap-app-0111,identity_verification_completed,web,desktop,direct,cap-req-0111,cap-corr-0111,4.7.2
2025-05-06T11:50:04.890000Z,cap-session-0111,cap-app-0111,application_submitted,web,desktop,direct,,,4.7.2
2025-05-06T11:50:07.090000Z,cap-session-0111,cap-app-0111,application_completed,web,desktop,direct,,,4.7.2
2025-05-06T12:07:00Z,cap-session-0112,cap-app-0112,application_started,web,desktop,direct,,,4.7.2
2025-05-06T12:07:01.200000Z,cap-session-0112,cap-app-0112,identity_verification_started,web,desktop,direct,cap-req-0112,cap-corr-0112,4.7.2
2025-05-06T12:07:02.080000Z,cap-session-0112,cap-app-0112,identity_verification_completed,web,desktop,direct,cap-req-0112,cap-corr-0112,4.7.2
2025-05-06T12:07:04.680000Z,cap-session-0112,cap-app-0112,application_submitted,web,desktop,direct,,,4.7.2
2025-05-06T12:07:06.880000Z,cap-session-0112,cap-app-0112,application_completed,web,desktop,direct,,,4.7.2
2025-05-06T12:24:00Z,cap-session-0113,cap-app-0113,application_started,web,desktop,email,,,4.7.2
2025-05-06T12:24:01.200000Z,cap-session-0113,cap-app-0113,identity_verification_started,web,desktop,email,cap-req-0113,cap-corr-0113,4.7.2
2025-05-06T12:24:02.115000Z,cap-session-0113,cap-app-0113,identity_verification_completed,web,desktop,email,cap-req-0113,cap-corr-0113,4.7.2
2025-05-06T12:24:04.715000Z,cap-session-0113,cap-app-0113,application_submitted,web,desktop,email,,,4.7.2
2025-05-06T12:24:06.915000Z,cap-session-0113,cap-app-0113,application_completed,web,desktop,email,,,4.7.2
2025-05-06T12:41:00Z,cap-session-0114,cap-app-0114,application_started,web,desktop,direct,,,4.7.2
2025-05-06T12:41:01.200000Z,cap-session-0114,cap-app-0114,identity_verification_started,web,desktop,direct,cap-req-0114,cap-corr-0114,4.7.2
2025-05-06T12:58:00Z,cap-session-0115,cap-app-0115,application_started,web,desktop,direct,,,4.7.2
2025-05-06T12:58:01.200000Z,cap-session-0115,cap-app-0115,identity_verification_started,web,desktop,direct,cap-req-0115,cap-corr-0115,4.7.2
2025-05-06T12:58:02.185000Z,cap-session-0115,cap-app-0115,identity_verification_completed,web,desktop,direct,cap-req-0115,cap-corr-0115,4.7.2
2025-05-06T12:58:04.785000Z,cap-session-0115,cap-app-0115,application_submitted,web,desktop,direct,,,4.7.2
2025-05-06T13:15:00Z,cap-session-0116,cap-app-0116,application_started,web,desktop,direct,,,4.7.2
2025-05-06T13:15:01.200000Z,cap-session-0116,cap-app-0116,identity_verification_started,web,desktop,direct,cap-req-0116,cap-corr-0116,4.7.2
2025-05-06T13:15:02.220000Z,cap-session-0116,cap-app-0116,identity_verification_completed,web,desktop,direct,cap-req-0116,cap-corr-0116,4.7.2
2025-05-06T13:15:04.820000Z,cap-session-0116,cap-app-0116,application_submitted,web,desktop,direct,,,4.7.2
2025-05-06T13:15:07.020000Z,cap-session-0116,cap-app-0116,application_completed,web,desktop,direct,,,4.7.2
2025-05-06T13:32:00Z,cap-session-0117,cap-app-0117,application_started,web,desktop,email,,,4.7.2
2025-05-06T13:32:01.200000Z,cap-session-0117,cap-app-0117,identity_verification_started,web,desktop,email,cap-req-0117,cap-corr-0117,4.7.2
2025-05-06T13:32:02.255000Z,cap-session-0117,cap-app-0117,identity_verification_completed,web,desktop,email,cap-req-0117,cap-corr-0117,4.7.2
2025-05-06T13:32:04.855000Z,cap-session-0117,cap-app-0117,application_submitted,web,desktop,email,,,4.7.2
2025-05-06T13:32:07.055000Z,cap-session-0117,cap-app-0117,application_completed,web,desktop,email,,,4.7.2
2025-05-06T13:49:00Z,cap-session-0118,cap-app-0118,application_started,web,desktop,direct,,,4.7.2
2025-05-06T13:49:01.200000Z,cap-session-0118,cap-app-0118,identity_verification_started,web,desktop,direct,cap-req-0118,cap-corr-0118,4.7.2
2025-05-06T13:49:02.290000Z,cap-session-0118,cap-app-0118,identity_verification_completed,web,desktop,direct,cap-req-0118,cap-corr-0118,4.7.2
2025-05-06T13:49:04.890000Z,cap-session-0118,cap-app-0118,application_submitted,web,desktop,direct,,,4.7.2
2025-05-06T13:49:07.090000Z,cap-session-0118,cap-app-0118,application_completed,web,desktop,direct,,,4.7.2
2025-05-06T14:06:00Z,cap-session-0119,cap-app-0119,application_started,web,desktop,direct,,,4.7.2
2025-05-06T14:06:01.200000Z,cap-session-0119,cap-app-0119,identity_verification_started,web,desktop,direct,cap-req-0119,cap-corr-0119,4.7.2
2025-05-06T14:06:02.080000Z,cap-session-0119,cap-app-0119,identity_verification_completed,web,desktop,direct,cap-req-0119,cap-corr-0119,4.7.2
2025-05-06T14:06:04.680000Z,cap-session-0119,cap-app-0119,application_submitted,web,desktop,direct,,,4.7.2
2025-05-06T14:06:06.880000Z,cap-session-0119,cap-app-0119,application_completed,web,desktop,direct,,,4.7.2
2025-05-06T14:23:00Z,cap-session-0120,cap-app-0120,application_started,web,desktop,direct,,,4.7.2
2025-05-06T14:23:01.200000Z,cap-session-0120,cap-app-0120,identity_verification_started,web,desktop,direct,cap-req-0120,cap-corr-0120,4.7.2
2025-05-06T14:23:02.115000Z,cap-session-0120,cap-app-0120,identity_verification_completed,web,desktop,direct,cap-req-0120,cap-corr-0120,4.7.2
2025-05-06T14:23:04.715000Z,cap-session-0120,cap-app-0120,application_submitted,web,desktop,direct,,,4.7.2
2025-05-06T14:23:06.915000Z,cap-session-0120,cap-app-0120,application_completed,web,desktop,direct,,,4.7.2
2025-05-07T09:00:00Z,cap-session-0121,cap-app-0121,application_started,mobile,ios,partner,,,4.7.2
2025-05-07T09:00:01.200000Z,cap-session-0121,cap-app-0121,identity_verification_started,mobile,ios,partner,cap-req-0121,cap-corr-0121,4.7.2
2025-05-07T09:00:02.150000Z,cap-session-0121,cap-app-0121,identity_verification_completed,mobile,ios,partner,cap-req-0121,cap-corr-0121,4.7.2
2025-05-07T09:00:04.750000Z,cap-session-0121,cap-app-0121,application_submitted,mobile,ios,partner,,,4.7.2
2025-05-07T09:00:06.950000Z,cap-session-0121,cap-app-0121,application_completed,mobile,ios,partner,,,4.7.2
2025-05-07T09:17:00Z,cap-session-0122,cap-app-0122,application_started,mobile,android,partner,,,4.7.2
2025-05-07T09:17:01.200000Z,cap-session-0122,cap-app-0122,identity_verification_started,mobile,android,partner,cap-req-0122,cap-corr-0122,4.7.2
2025-05-07T09:17:02.185000Z,cap-session-0122,cap-app-0122,identity_verification_completed,mobile,android,partner,cap-req-0122,cap-corr-0122,4.7.2
2025-05-07T09:17:04.785000Z,cap-session-0122,cap-app-0122,application_submitted,mobile,android,partner,,,4.7.2
2025-05-07T09:17:06.985000Z,cap-session-0122,cap-app-0122,application_completed,mobile,android,partner,,,4.7.2
2025-05-07T09:34:00Z,cap-session-0123,cap-app-0123,application_started,mobile,ios,partner,,,4.7.2
2025-05-07T09:34:01.200000Z,cap-session-0123,cap-app-0123,identity_verification_started,mobile,ios,partner,cap-req-0123,cap-corr-0123,4.7.2
2025-05-07T09:34:02.220000Z,cap-session-0123,cap-app-0123,identity_verification_completed,mobile,ios,partner,cap-req-0123,cap-corr-0123,4.7.2
2025-05-07T09:34:04.820000Z,cap-session-0123,cap-app-0123,application_submitted,mobile,ios,partner,,,4.7.2
2025-05-07T09:34:07.020000Z,cap-session-0123,cap-app-0123,application_completed,mobile,ios,partner,,,4.7.2
2025-05-07T09:51:00Z,cap-session-0124,cap-app-0124,application_started,mobile,android,direct,,,4.7.2
2025-05-07T09:51:01.200000Z,cap-session-0124,cap-app-0124,identity_verification_started,mobile,android,direct,cap-req-0124,cap-corr-0124,4.7.2
2025-05-07T09:51:02.255000Z,cap-session-0124,cap-app-0124,identity_verification_completed,mobile,android,direct,cap-req-0124,cap-corr-0124,4.7.2
2025-05-07T09:51:04.855000Z,cap-session-0124,cap-app-0124,application_submitted,mobile,android,direct,,,4.7.2
2025-05-07T09:51:07.055000Z,cap-session-0124,cap-app-0124,application_completed,mobile,android,direct,,,4.7.2
2025-05-07T10:08:00Z,cap-session-0125,cap-app-0125,application_started,mobile,ios,email,,,4.7.2
2025-05-07T10:08:01.200000Z,cap-session-0125,cap-app-0125,identity_verification_started,mobile,ios,email,cap-req-0125,cap-corr-0125,4.7.2
2025-05-07T10:08:02.290000Z,cap-session-0125,cap-app-0125,identity_verification_completed,mobile,ios,email,cap-req-0125,cap-corr-0125,4.7.2
2025-05-07T10:08:04.890000Z,cap-session-0125,cap-app-0125,application_submitted,mobile,ios,email,,,4.7.2
2025-05-07T10:08:07.090000Z,cap-session-0125,cap-app-0125,application_completed,mobile,ios,email,,,4.7.2
2025-05-07T10:25:00Z,cap-session-0126,cap-app-0126,application_started,mobile,android,direct,,,4.7.2
2025-05-07T10:25:01.200000Z,cap-session-0126,cap-app-0126,identity_verification_started,mobile,android,direct,cap-req-0126,cap-corr-0126,4.7.2
2025-05-07T10:25:02.080000Z,cap-session-0126,cap-app-0126,identity_verification_completed,mobile,android,direct,cap-req-0126,cap-corr-0126,4.7.2
2025-05-07T10:25:04.680000Z,cap-session-0126,cap-app-0126,application_submitted,mobile,android,direct,,,4.7.2
2025-05-07T10:25:06.880000Z,cap-session-0126,cap-app-0126,application_completed,mobile,android,direct,,,4.7.2
2025-05-07T10:42:00Z,cap-session-0127,cap-app-0127,application_started,mobile,ios,direct,,,4.7.2
2025-05-07T10:42:01.200000Z,cap-session-0127,cap-app-0127,identity_verification_started,mobile,ios,direct,cap-req-0127,cap-corr-0127,4.7.2
2025-05-07T10:42:02.115000Z,cap-session-0127,cap-app-0127,identity_verification_completed,mobile,ios,direct,cap-req-0127,cap-corr-0127,4.7.2
2025-05-07T10:42:04.715000Z,cap-session-0127,cap-app-0127,application_submitted,mobile,ios,direct,,,4.7.2
2025-05-07T10:42:06.915000Z,cap-session-0127,cap-app-0127,application_completed,mobile,ios,direct,,,4.7.2
2025-05-07T10:59:00Z,cap-session-0128,cap-app-0128,application_started,mobile,android,direct,,,4.7.2
2025-05-07T10:59:01.200000Z,cap-session-0128,cap-app-0128,identity_verification_started,mobile,android,direct,cap-req-0128,cap-corr-0128,4.7.2
2025-05-07T10:59:02.150000Z,cap-session-0128,cap-app-0128,identity_verification_completed,mobile,android,direct,cap-req-0128,cap-corr-0128,4.7.2
2025-05-07T10:59:04.750000Z,cap-session-0128,cap-app-0128,application_submitted,mobile,android,direct,,,4.7.2
2025-05-07T10:59:06.950000Z,cap-session-0128,cap-app-0128,application_completed,mobile,android,direct,,,4.7.2
2025-05-07T11:16:00Z,cap-session-0129,cap-app-0129,application_started,mobile,ios,email,,,4.7.2
2025-05-07T11:16:01.200000Z,cap-session-0129,cap-app-0129,identity_verification_started,mobile,ios,email,cap-req-0129,cap-corr-0129,4.7.2
2025-05-07T11:16:02.185000Z,cap-session-0129,cap-app-0129,identity_verification_completed,mobile,ios,email,cap-req-0129,cap-corr-0129,4.7.2
2025-05-07T11:16:04.785000Z,cap-session-0129,cap-app-0129,application_submitted,mobile,ios,email,,,4.7.2
2025-05-07T11:16:06.985000Z,cap-session-0129,cap-app-0129,application_completed,mobile,ios,email,,,4.7.2
2025-05-07T11:33:00Z,cap-session-0130,cap-app-0130,application_started,mobile,android,direct,,,4.7.2
2025-05-07T11:33:01.200000Z,cap-session-0130,cap-app-0130,identity_verification_started,mobile,android,direct,cap-req-0130,cap-corr-0130,4.7.2
2025-05-07T11:33:02.220000Z,cap-session-0130,cap-app-0130,identity_verification_completed,mobile,android,direct,cap-req-0130,cap-corr-0130,4.7.2
2025-05-07T11:33:04.820000Z,cap-session-0130,cap-app-0130,application_submitted,mobile,android,direct,,,4.7.2
2025-05-07T11:33:07.020000Z,cap-session-0130,cap-app-0130,application_completed,mobile,android,direct,,,4.7.2
2025-05-07T11:50:00Z,cap-session-0131,cap-app-0131,application_started,web,desktop,direct,,,4.7.2
2025-05-07T11:50:01.200000Z,cap-session-0131,cap-app-0131,identity_verification_started,web,desktop,direct,cap-req-0131,cap-corr-0131,4.7.2
2025-05-07T11:50:02.255000Z,cap-session-0131,cap-app-0131,identity_verification_completed,web,desktop,direct,cap-req-0131,cap-corr-0131,4.7.2
2025-05-07T11:50:04.855000Z,cap-session-0131,cap-app-0131,application_submitted,web,desktop,direct,,,4.7.2
2025-05-07T11:50:07.055000Z,cap-session-0131,cap-app-0131,application_completed,web,desktop,direct,,,4.7.2
2025-05-07T12:07:00Z,cap-session-0132,cap-app-0132,application_started,web,desktop,direct,,,4.7.2
2025-05-07T12:07:01.200000Z,cap-session-0132,cap-app-0132,identity_verification_started,web,desktop,direct,cap-req-0132,cap-corr-0132,4.7.2
2025-05-07T12:07:02.290000Z,cap-session-0132,cap-app-0132,identity_verification_completed,web,desktop,direct,cap-req-0132,cap-corr-0132,4.7.2
2025-05-07T12:07:04.890000Z,cap-session-0132,cap-app-0132,application_submitted,web,desktop,direct,,,4.7.2
2025-05-07T12:07:07.090000Z,cap-session-0132,cap-app-0132,application_completed,web,desktop,direct,,,4.7.2
2025-05-07T12:24:00Z,cap-session-0133,cap-app-0133,application_started,web,desktop,email,,,4.7.2
2025-05-07T12:24:01.200000Z,cap-session-0133,cap-app-0133,identity_verification_started,web,desktop,email,cap-req-0133,cap-corr-0133,4.7.2
2025-05-07T12:41:00Z,cap-session-0134,cap-app-0134,application_started,web,desktop,direct,,,4.7.2
2025-05-07T12:41:01.200000Z,cap-session-0134,cap-app-0134,identity_verification_started,web,desktop,direct,cap-req-0134,cap-corr-0134,4.7.2
2025-05-07T12:41:02.115000Z,cap-session-0134,cap-app-0134,identity_verification_completed,web,desktop,direct,cap-req-0134,cap-corr-0134,4.7.2
2025-05-07T12:41:04.715000Z,cap-session-0134,cap-app-0134,application_submitted,web,desktop,direct,,,4.7.2
2025-05-07T12:41:06.915000Z,cap-session-0134,cap-app-0134,application_completed,web,desktop,direct,,,4.7.2
2025-05-07T12:58:00Z,cap-session-0135,cap-app-0135,application_started,web,desktop,direct,,,4.7.2
2025-05-07T12:58:01.200000Z,cap-session-0135,cap-app-0135,identity_verification_started,web,desktop,direct,cap-req-0135,cap-corr-0135,4.7.2
2025-05-07T12:58:02.150000Z,cap-session-0135,cap-app-0135,identity_verification_completed,web,desktop,direct,cap-req-0135,cap-corr-0135,4.7.2
2025-05-07T12:58:04.750000Z,cap-session-0135,cap-app-0135,application_submitted,web,desktop,direct,,,4.7.2
2025-05-07T12:58:06.950000Z,cap-session-0135,cap-app-0135,application_completed,web,desktop,direct,,,4.7.2
2025-05-07T13:15:00Z,cap-session-0136,cap-app-0136,application_started,web,desktop,direct,,,4.7.2
2025-05-07T13:15:01.200000Z,cap-session-0136,cap-app-0136,identity_verification_started,web,desktop,direct,cap-req-0136,cap-corr-0136,4.7.2
2025-05-07T13:15:02.185000Z,cap-session-0136,cap-app-0136,identity_verification_completed,web,desktop,direct,cap-req-0136,cap-corr-0136,4.7.2
2025-05-07T13:15:04.785000Z,cap-session-0136,cap-app-0136,application_submitted,web,desktop,direct,,,4.7.2
2025-05-07T13:15:06.985000Z,cap-session-0136,cap-app-0136,application_completed,web,desktop,direct,,,4.7.2
2025-05-07T13:32:00Z,cap-session-0137,cap-app-0137,application_started,web,desktop,email,,,4.7.2
2025-05-07T13:32:01.200000Z,cap-session-0137,cap-app-0137,identity_verification_started,web,desktop,email,cap-req-0137,cap-corr-0137,4.7.2
2025-05-07T13:32:02.220000Z,cap-session-0137,cap-app-0137,identity_verification_completed,web,desktop,email,cap-req-0137,cap-corr-0137,4.7.2
2025-05-07T13:32:04.820000Z,cap-session-0137,cap-app-0137,application_submitted,web,desktop,email,,,4.7.2
2025-05-07T13:32:07.020000Z,cap-session-0137,cap-app-0137,application_completed,web,desktop,email,,,4.7.2
2025-05-07T13:49:00Z,cap-session-0138,cap-app-0138,application_started,web,desktop,direct,,,4.7.2
2025-05-07T13:49:01.200000Z,cap-session-0138,cap-app-0138,identity_verification_started,web,desktop,direct,cap-req-0138,cap-corr-0138,4.7.2
2025-05-07T13:49:02.255000Z,cap-session-0138,cap-app-0138,identity_verification_completed,web,desktop,direct,cap-req-0138,cap-corr-0138,4.7.2
2025-05-07T13:49:04.855000Z,cap-session-0138,cap-app-0138,application_submitted,web,desktop,direct,,,4.7.2
2025-05-07T14:06:00Z,cap-session-0139,cap-app-0139,application_started,web,desktop,direct,,,4.7.2
2025-05-07T14:06:01.200000Z,cap-session-0139,cap-app-0139,identity_verification_started,web,desktop,direct,cap-req-0139,cap-corr-0139,4.7.2
2025-05-07T14:06:02.290000Z,cap-session-0139,cap-app-0139,identity_verification_completed,web,desktop,direct,cap-req-0139,cap-corr-0139,4.7.2
2025-05-07T14:06:04.890000Z,cap-session-0139,cap-app-0139,application_submitted,web,desktop,direct,,,4.7.2
2025-05-07T14:06:07.090000Z,cap-session-0139,cap-app-0139,application_completed,web,desktop,direct,,,4.7.2
2025-05-07T14:23:00Z,cap-session-0140,cap-app-0140,application_started,web,desktop,direct,,,4.7.2
2025-05-07T14:23:01.200000Z,cap-session-0140,cap-app-0140,identity_verification_started,web,desktop,direct,cap-req-0140,cap-corr-0140,4.7.2
2025-05-07T14:23:02.080000Z,cap-session-0140,cap-app-0140,identity_verification_completed,web,desktop,direct,cap-req-0140,cap-corr-0140,4.7.2
2025-05-07T14:23:04.680000Z,cap-session-0140,cap-app-0140,application_submitted,web,desktop,direct,,,4.7.2
2025-05-07T14:23:06.880000Z,cap-session-0140,cap-app-0140,application_completed,web,desktop,direct,,,4.7.2
2025-05-08T09:00:00Z,cap-session-0141,cap-app-0141,application_started,mobile,ios,partner,,,4.7.2
2025-05-08T09:00:01.200000Z,cap-session-0141,cap-app-0141,identity_verification_started,mobile,ios,partner,cap-req-0141,cap-corr-0141,4.7.2
2025-05-08T09:00:02.115000Z,cap-session-0141,cap-app-0141,identity_verification_completed,mobile,ios,partner,cap-req-0141,cap-corr-0141,4.7.2
2025-05-08T09:00:04.715000Z,cap-session-0141,cap-app-0141,application_submitted,mobile,ios,partner,,,4.7.2
2025-05-08T09:00:06.915000Z,cap-session-0141,cap-app-0141,application_completed,mobile,ios,partner,,,4.7.2
2025-05-08T09:17:00Z,cap-session-0142,cap-app-0142,application_started,mobile,android,partner,,,4.7.2
2025-05-08T09:17:01.200000Z,cap-session-0142,cap-app-0142,identity_verification_started,mobile,android,partner,cap-req-0142,cap-corr-0142,4.7.2
2025-05-08T09:17:02.150000Z,cap-session-0142,cap-app-0142,identity_verification_completed,mobile,android,partner,cap-req-0142,cap-corr-0142,4.7.2
2025-05-08T09:17:04.750000Z,cap-session-0142,cap-app-0142,application_submitted,mobile,android,partner,,,4.7.2
2025-05-08T09:17:06.950000Z,cap-session-0142,cap-app-0142,application_completed,mobile,android,partner,,,4.7.2
2025-05-08T09:34:00Z,cap-session-0143,cap-app-0143,application_started,mobile,ios,partner,,,4.7.2
2025-05-08T09:34:01.200000Z,cap-session-0143,cap-app-0143,identity_verification_started,mobile,ios,partner,cap-req-0143,cap-corr-0143,4.7.2
2025-05-08T09:34:02.185000Z,cap-session-0143,cap-app-0143,identity_verification_completed,mobile,ios,partner,cap-req-0143,cap-corr-0143,4.7.2
2025-05-08T09:34:04.785000Z,cap-session-0143,cap-app-0143,application_submitted,mobile,ios,partner,,,4.7.2
2025-05-08T09:34:06.985000Z,cap-session-0143,cap-app-0143,application_completed,mobile,ios,partner,,,4.7.2
2025-05-08T09:51:00Z,cap-session-0144,cap-app-0144,application_started,mobile,android,direct,,,4.7.2
2025-05-08T09:51:01.200000Z,cap-session-0144,cap-app-0144,identity_verification_started,mobile,android,direct,cap-req-0144,cap-corr-0144,4.7.2
2025-05-08T09:51:02.220000Z,cap-session-0144,cap-app-0144,identity_verification_completed,mobile,android,direct,cap-req-0144,cap-corr-0144,4.7.2
2025-05-08T09:51:04.820000Z,cap-session-0144,cap-app-0144,application_submitted,mobile,android,direct,,,4.7.2
2025-05-08T09:51:07.020000Z,cap-session-0144,cap-app-0144,application_completed,mobile,android,direct,,,4.7.2
2025-05-08T10:08:00Z,cap-session-0145,cap-app-0145,application_started,mobile,ios,email,,,4.7.2
2025-05-08T10:08:01.200000Z,cap-session-0145,cap-app-0145,identity_verification_started,mobile,ios,email,cap-req-0145,cap-corr-0145,4.7.2
2025-05-08T10:08:02.255000Z,cap-session-0145,cap-app-0145,identity_verification_completed,mobile,ios,email,cap-req-0145,cap-corr-0145,4.7.2
2025-05-08T10:08:04.855000Z,cap-session-0145,cap-app-0145,application_submitted,mobile,ios,email,,,4.7.2
2025-05-08T10:08:07.055000Z,cap-session-0145,cap-app-0145,application_completed,mobile,ios,email,,,4.7.2
2025-05-08T10:25:00Z,cap-session-0146,cap-app-0146,application_started,mobile,android,direct,,,4.7.2
2025-05-08T10:25:01.200000Z,cap-session-0146,cap-app-0146,identity_verification_started,mobile,android,direct,cap-req-0146,cap-corr-0146,4.7.2
2025-05-08T10:25:02.290000Z,cap-session-0146,cap-app-0146,identity_verification_completed,mobile,android,direct,cap-req-0146,cap-corr-0146,4.7.2
2025-05-08T10:25:04.890000Z,cap-session-0146,cap-app-0146,application_submitted,mobile,android,direct,,,4.7.2
2025-05-08T10:25:07.090000Z,cap-session-0146,cap-app-0146,application_completed,mobile,android,direct,,,4.7.2
2025-05-08T10:42:00Z,cap-session-0147,cap-app-0147,application_started,mobile,ios,direct,,,4.7.2
2025-05-08T10:42:01.200000Z,cap-session-0147,cap-app-0147,identity_verification_started,mobile,ios,direct,cap-req-0147,cap-corr-0147,4.7.2
2025-05-08T10:42:02.080000Z,cap-session-0147,cap-app-0147,identity_verification_completed,mobile,ios,direct,cap-req-0147,cap-corr-0147,4.7.2
2025-05-08T10:42:04.680000Z,cap-session-0147,cap-app-0147,application_submitted,mobile,ios,direct,,,4.7.2
2025-05-08T10:42:06.880000Z,cap-session-0147,cap-app-0147,application_completed,mobile,ios,direct,,,4.7.2
2025-05-08T10:59:00Z,cap-session-0148,cap-app-0148,application_started,mobile,android,direct,,,4.7.2
2025-05-08T10:59:01.200000Z,cap-session-0148,cap-app-0148,identity_verification_started,mobile,android,direct,cap-req-0148,cap-corr-0148,4.7.2
2025-05-08T10:59:02.115000Z,cap-session-0148,cap-app-0148,identity_verification_completed,mobile,android,direct,cap-req-0148,cap-corr-0148,4.7.2
2025-05-08T10:59:04.715000Z,cap-session-0148,cap-app-0148,application_submitted,mobile,android,direct,,,4.7.2
2025-05-08T10:59:06.915000Z,cap-session-0148,cap-app-0148,application_completed,mobile,android,direct,,,4.7.2
2025-05-08T11:16:00Z,cap-session-0149,cap-app-0149,application_started,mobile,ios,email,,,4.7.2
2025-05-08T11:16:01.200000Z,cap-session-0149,cap-app-0149,identity_verification_started,mobile,ios,email,cap-req-0149,cap-corr-0149,4.7.2
2025-05-08T11:16:02.150000Z,cap-session-0149,cap-app-0149,identity_verification_completed,mobile,ios,email,cap-req-0149,cap-corr-0149,4.7.2
2025-05-08T11:16:04.750000Z,cap-session-0149,cap-app-0149,application_submitted,mobile,ios,email,,,4.7.2
2025-05-08T11:16:06.950000Z,cap-session-0149,cap-app-0149,application_completed,mobile,ios,email,,,4.7.2
2025-05-08T11:33:00Z,cap-session-0150,cap-app-0150,application_started,mobile,android,direct,,,4.7.2
2025-05-08T11:33:01.200000Z,cap-session-0150,cap-app-0150,identity_verification_started,mobile,android,direct,cap-req-0150,cap-corr-0150,4.7.2
2025-05-08T11:33:02.185000Z,cap-session-0150,cap-app-0150,identity_verification_completed,mobile,android,direct,cap-req-0150,cap-corr-0150,4.7.2
2025-05-08T11:33:04.785000Z,cap-session-0150,cap-app-0150,application_submitted,mobile,android,direct,,,4.7.2
2025-05-08T11:33:06.985000Z,cap-session-0150,cap-app-0150,application_completed,mobile,android,direct,,,4.7.2
2025-05-08T11:50:00Z,cap-session-0151,cap-app-0151,application_started,web,desktop,direct,,,4.7.2
2025-05-08T11:50:01.200000Z,cap-session-0151,cap-app-0151,identity_verification_started,web,desktop,direct,cap-req-0151,cap-corr-0151,4.7.2
2025-05-08T11:50:02.220000Z,cap-session-0151,cap-app-0151,identity_verification_completed,web,desktop,direct,cap-req-0151,cap-corr-0151,4.7.2
2025-05-08T11:50:04.820000Z,cap-session-0151,cap-app-0151,application_submitted,web,desktop,direct,,,4.7.2
2025-05-08T11:50:07.020000Z,cap-session-0151,cap-app-0151,application_completed,web,desktop,direct,,,4.7.2
2025-05-08T12:07:00Z,cap-session-0152,cap-app-0152,application_started,web,desktop,direct,,,4.7.2
2025-05-08T12:07:01.200000Z,cap-session-0152,cap-app-0152,identity_verification_started,web,desktop,direct,cap-req-0152,cap-corr-0152,4.7.2
2025-05-08T12:24:00Z,cap-session-0153,cap-app-0153,application_started,web,desktop,email,,,4.7.2
2025-05-08T12:24:01.200000Z,cap-session-0153,cap-app-0153,identity_verification_started,web,desktop,email,cap-req-0153,cap-corr-0153,4.7.2
2025-05-08T12:24:02.290000Z,cap-session-0153,cap-app-0153,identity_verification_completed,web,desktop,email,cap-req-0153,cap-corr-0153,4.7.2
2025-05-08T12:24:04.890000Z,cap-session-0153,cap-app-0153,application_submitted,web,desktop,email,,,4.7.2
2025-05-08T12:24:07.090000Z,cap-session-0153,cap-app-0153,application_completed,web,desktop,email,,,4.7.2
2025-05-08T12:41:00Z,cap-session-0154,cap-app-0154,application_started,web,desktop,direct,,,4.7.2
2025-05-08T12:41:01.200000Z,cap-session-0154,cap-app-0154,identity_verification_started,web,desktop,direct,cap-req-0154,cap-corr-0154,4.7.2
2025-05-08T12:41:02.080000Z,cap-session-0154,cap-app-0154,identity_verification_completed,web,desktop,direct,cap-req-0154,cap-corr-0154,4.7.2
2025-05-08T12:41:04.680000Z,cap-session-0154,cap-app-0154,application_submitted,web,desktop,direct,,,4.7.2
2025-05-08T12:41:06.880000Z,cap-session-0154,cap-app-0154,application_completed,web,desktop,direct,,,4.7.2
2025-05-08T12:58:00Z,cap-session-0155,cap-app-0155,application_started,web,desktop,direct,,,4.7.2
2025-05-08T12:58:01.200000Z,cap-session-0155,cap-app-0155,identity_verification_started,web,desktop,direct,cap-req-0155,cap-corr-0155,4.7.2
2025-05-08T12:58:02.115000Z,cap-session-0155,cap-app-0155,identity_verification_completed,web,desktop,direct,cap-req-0155,cap-corr-0155,4.7.2
2025-05-08T12:58:04.715000Z,cap-session-0155,cap-app-0155,application_submitted,web,desktop,direct,,,4.7.2
2025-05-08T12:58:06.915000Z,cap-session-0155,cap-app-0155,application_completed,web,desktop,direct,,,4.7.2
2025-05-08T13:15:00Z,cap-session-0156,cap-app-0156,application_started,web,desktop,direct,,,4.7.2
2025-05-08T13:15:01.200000Z,cap-session-0156,cap-app-0156,identity_verification_started,web,desktop,direct,cap-req-0156,cap-corr-0156,4.7.2
2025-05-08T13:15:02.150000Z,cap-session-0156,cap-app-0156,identity_verification_completed,web,desktop,direct,cap-req-0156,cap-corr-0156,4.7.2
2025-05-08T13:15:04.750000Z,cap-session-0156,cap-app-0156,application_submitted,web,desktop,direct,,,4.7.2
2025-05-08T13:15:06.950000Z,cap-session-0156,cap-app-0156,application_completed,web,desktop,direct,,,4.7.2
2025-05-08T13:32:00Z,cap-session-0157,cap-app-0157,application_started,web,desktop,email,,,4.7.2
2025-05-08T13:32:01.200000Z,cap-session-0157,cap-app-0157,identity_verification_started,web,desktop,email,cap-req-0157,cap-corr-0157,4.7.2
2025-05-08T13:32:02.185000Z,cap-session-0157,cap-app-0157,identity_verification_completed,web,desktop,email,cap-req-0157,cap-corr-0157,4.7.2
2025-05-08T13:32:04.785000Z,cap-session-0157,cap-app-0157,application_submitted,web,desktop,email,,,4.7.2
2025-05-08T13:32:06.985000Z,cap-session-0157,cap-app-0157,application_completed,web,desktop,email,,,4.7.2
2025-05-08T13:49:00Z,cap-session-0158,cap-app-0158,application_started,web,desktop,direct,,,4.7.2
2025-05-08T13:49:01.200000Z,cap-session-0158,cap-app-0158,identity_verification_started,web,desktop,direct,cap-req-0158,cap-corr-0158,4.7.2
2025-05-08T13:49:02.220000Z,cap-session-0158,cap-app-0158,identity_verification_completed,web,desktop,direct,cap-req-0158,cap-corr-0158,4.7.2
2025-05-08T13:49:04.820000Z,cap-session-0158,cap-app-0158,application_submitted,web,desktop,direct,,,4.7.2
2025-05-08T13:49:07.020000Z,cap-session-0158,cap-app-0158,application_completed,web,desktop,direct,,,4.7.2
2025-05-08T14:06:00Z,cap-session-0159,cap-app-0159,application_started,web,desktop,direct,,,4.7.2
2025-05-08T14:06:01.200000Z,cap-session-0159,cap-app-0159,identity_verification_started,web,desktop,direct,cap-req-0159,cap-corr-0159,4.7.2
2025-05-08T14:06:02.255000Z,cap-session-0159,cap-app-0159,identity_verification_completed,web,desktop,direct,cap-req-0159,cap-corr-0159,4.7.2
2025-05-08T14:06:04.855000Z,cap-session-0159,cap-app-0159,application_submitted,web,desktop,direct,,,4.7.2
2025-05-08T14:06:07.055000Z,cap-session-0159,cap-app-0159,application_completed,web,desktop,direct,,,4.7.2
2025-05-08T14:23:00Z,cap-session-0160,cap-app-0160,application_started,web,desktop,direct,,,4.7.2
2025-05-08T14:23:01.200000Z,cap-session-0160,cap-app-0160,identity_verification_started,web,desktop,direct,cap-req-0160,cap-corr-0160,4.7.2
2025-05-08T14:23:02.290000Z,cap-session-0160,cap-app-0160,identity_verification_completed,web,desktop,direct,cap-req-0160,cap-corr-0160,4.7.2
2025-05-08T14:23:04.890000Z,cap-session-0160,cap-app-0160,application_submitted,web,desktop,direct,,,4.7.2
2025-05-08T14:23:07.090000Z,cap-session-0160,cap-app-0160,application_completed,web,desktop,direct,,,4.7.2
2025-05-09T09:00:00Z,cap-session-0161,cap-app-0161,application_started,mobile,ios,partner,,,4.7.2
2025-05-09T09:00:01.200000Z,cap-session-0161,cap-app-0161,identity_verification_started,mobile,ios,partner,cap-req-0161,cap-corr-0161,4.7.2
2025-05-09T09:00:02.080000Z,cap-session-0161,cap-app-0161,identity_verification_completed,mobile,ios,partner,cap-req-0161,cap-corr-0161,4.7.2
2025-05-09T09:00:04.680000Z,cap-session-0161,cap-app-0161,application_submitted,mobile,ios,partner,,,4.7.2
2025-05-09T09:17:00Z,cap-session-0162,cap-app-0162,application_started,mobile,android,partner,,,4.7.2
2025-05-09T09:17:01.200000Z,cap-session-0162,cap-app-0162,identity_verification_started,mobile,android,partner,cap-req-0162,cap-corr-0162,4.7.2
2025-05-09T09:17:02.115000Z,cap-session-0162,cap-app-0162,identity_verification_completed,mobile,android,partner,cap-req-0162,cap-corr-0162,4.7.2
2025-05-09T09:17:04.715000Z,cap-session-0162,cap-app-0162,application_submitted,mobile,android,partner,,,4.7.2
2025-05-09T09:17:06.915000Z,cap-session-0162,cap-app-0162,application_completed,mobile,android,partner,,,4.7.2
2025-05-09T09:34:00Z,cap-session-0163,cap-app-0163,application_started,mobile,ios,partner,,,4.7.2
2025-05-09T09:34:01.200000Z,cap-session-0163,cap-app-0163,identity_verification_started,mobile,ios,partner,cap-req-0163,cap-corr-0163,4.7.2
2025-05-09T09:34:02.150000Z,cap-session-0163,cap-app-0163,identity_verification_completed,mobile,ios,partner,cap-req-0163,cap-corr-0163,4.7.2
2025-05-09T09:34:04.750000Z,cap-session-0163,cap-app-0163,application_submitted,mobile,ios,partner,,,4.7.2
2025-05-09T09:34:06.950000Z,cap-session-0163,cap-app-0163,application_completed,mobile,ios,partner,,,4.7.2
2025-05-09T09:51:00Z,cap-session-0164,cap-app-0164,application_started,mobile,android,direct,,,4.7.2
2025-05-09T09:51:01.200000Z,cap-session-0164,cap-app-0164,identity_verification_started,mobile,android,direct,cap-req-0164,cap-corr-0164,4.7.2
2025-05-09T09:51:02.185000Z,cap-session-0164,cap-app-0164,identity_verification_completed,mobile,android,direct,cap-req-0164,cap-corr-0164,4.7.2
2025-05-09T09:51:04.785000Z,cap-session-0164,cap-app-0164,application_submitted,mobile,android,direct,,,4.7.2
2025-05-09T09:51:06.985000Z,cap-session-0164,cap-app-0164,application_completed,mobile,android,direct,,,4.7.2
2025-05-09T10:08:00Z,cap-session-0165,cap-app-0165,application_started,mobile,ios,email,,,4.7.2
2025-05-09T10:08:01.200000Z,cap-session-0165,cap-app-0165,identity_verification_started,mobile,ios,email,cap-req-0165,cap-corr-0165,4.7.2
2025-05-09T10:08:02.220000Z,cap-session-0165,cap-app-0165,identity_verification_completed,mobile,ios,email,cap-req-0165,cap-corr-0165,4.7.2
2025-05-09T10:08:04.820000Z,cap-session-0165,cap-app-0165,application_submitted,mobile,ios,email,,,4.7.2
2025-05-09T10:08:07.020000Z,cap-session-0165,cap-app-0165,application_completed,mobile,ios,email,,,4.7.2
2025-05-09T10:25:00Z,cap-session-0166,cap-app-0166,application_started,mobile,android,direct,,,4.7.2
2025-05-09T10:25:01.200000Z,cap-session-0166,cap-app-0166,identity_verification_started,mobile,android,direct,cap-req-0166,cap-corr-0166,4.7.2
2025-05-09T10:25:02.255000Z,cap-session-0166,cap-app-0166,identity_verification_completed,mobile,android,direct,cap-req-0166,cap-corr-0166,4.7.2
2025-05-09T10:25:04.855000Z,cap-session-0166,cap-app-0166,application_submitted,mobile,android,direct,,,4.7.2
2025-05-09T10:25:07.055000Z,cap-session-0166,cap-app-0166,application_completed,mobile,android,direct,,,4.7.2
2025-05-09T10:42:00Z,cap-session-0167,cap-app-0167,application_started,mobile,ios,direct,,,4.7.2
2025-05-09T10:42:01.200000Z,cap-session-0167,cap-app-0167,identity_verification_started,mobile,ios,direct,cap-req-0167,cap-corr-0167,4.7.2
2025-05-09T10:42:02.290000Z,cap-session-0167,cap-app-0167,identity_verification_completed,mobile,ios,direct,cap-req-0167,cap-corr-0167,4.7.2
2025-05-09T10:42:04.890000Z,cap-session-0167,cap-app-0167,application_submitted,mobile,ios,direct,,,4.7.2
2025-05-09T10:42:07.090000Z,cap-session-0167,cap-app-0167,application_completed,mobile,ios,direct,,,4.7.2
2025-05-09T10:59:00Z,cap-session-0168,cap-app-0168,application_started,mobile,android,direct,,,4.7.2
2025-05-09T10:59:01.200000Z,cap-session-0168,cap-app-0168,identity_verification_started,mobile,android,direct,cap-req-0168,cap-corr-0168,4.7.2
2025-05-09T10:59:02.080000Z,cap-session-0168,cap-app-0168,identity_verification_completed,mobile,android,direct,cap-req-0168,cap-corr-0168,4.7.2
2025-05-09T10:59:04.680000Z,cap-session-0168,cap-app-0168,application_submitted,mobile,android,direct,,,4.7.2
2025-05-09T10:59:06.880000Z,cap-session-0168,cap-app-0168,application_completed,mobile,android,direct,,,4.7.2
2025-05-09T11:16:00Z,cap-session-0169,cap-app-0169,application_started,mobile,ios,email,,,4.7.2
2025-05-09T11:16:01.200000Z,cap-session-0169,cap-app-0169,identity_verification_started,mobile,ios,email,cap-req-0169,cap-corr-0169,4.7.2
2025-05-09T11:16:02.115000Z,cap-session-0169,cap-app-0169,identity_verification_completed,mobile,ios,email,cap-req-0169,cap-corr-0169,4.7.2
2025-05-09T11:16:04.715000Z,cap-session-0169,cap-app-0169,application_submitted,mobile,ios,email,,,4.7.2
2025-05-09T11:16:06.915000Z,cap-session-0169,cap-app-0169,application_completed,mobile,ios,email,,,4.7.2
2025-05-09T11:33:00Z,cap-session-0170,cap-app-0170,application_started,mobile,android,direct,,,4.7.2
2025-05-09T11:33:01.200000Z,cap-session-0170,cap-app-0170,identity_verification_started,mobile,android,direct,cap-req-0170,cap-corr-0170,4.7.2
2025-05-09T11:33:02.150000Z,cap-session-0170,cap-app-0170,identity_verification_completed,mobile,android,direct,cap-req-0170,cap-corr-0170,4.7.2
2025-05-09T11:33:04.750000Z,cap-session-0170,cap-app-0170,application_submitted,mobile,android,direct,,,4.7.2
2025-05-09T11:33:06.950000Z,cap-session-0170,cap-app-0170,application_completed,mobile,android,direct,,,4.7.2
2025-05-09T11:50:00Z,cap-session-0171,cap-app-0171,application_started,web,desktop,direct,,,4.7.2
2025-05-09T11:50:01.200000Z,cap-session-0171,cap-app-0171,identity_verification_started,web,desktop,direct,cap-req-0171,cap-corr-0171,4.7.2
2025-05-09T12:07:00Z,cap-session-0172,cap-app-0172,application_started,web,desktop,direct,,,4.7.2
2025-05-09T12:07:01.200000Z,cap-session-0172,cap-app-0172,identity_verification_started,web,desktop,direct,cap-req-0172,cap-corr-0172,4.7.2
2025-05-09T12:07:02.220000Z,cap-session-0172,cap-app-0172,identity_verification_completed,web,desktop,direct,cap-req-0172,cap-corr-0172,4.7.2
2025-05-09T12:07:04.820000Z,cap-session-0172,cap-app-0172,application_submitted,web,desktop,direct,,,4.7.2
2025-05-09T12:07:07.020000Z,cap-session-0172,cap-app-0172,application_completed,web,desktop,direct,,,4.7.2
2025-05-09T12:24:00Z,cap-session-0173,cap-app-0173,application_started,web,desktop,email,,,4.7.2
2025-05-09T12:24:01.200000Z,cap-session-0173,cap-app-0173,identity_verification_started,web,desktop,email,cap-req-0173,cap-corr-0173,4.7.2
2025-05-09T12:24:02.255000Z,cap-session-0173,cap-app-0173,identity_verification_completed,web,desktop,email,cap-req-0173,cap-corr-0173,4.7.2
2025-05-09T12:24:04.855000Z,cap-session-0173,cap-app-0173,application_submitted,web,desktop,email,,,4.7.2
2025-05-09T12:24:07.055000Z,cap-session-0173,cap-app-0173,application_completed,web,desktop,email,,,4.7.2
2025-05-09T12:41:00Z,cap-session-0174,cap-app-0174,application_started,web,desktop,direct,,,4.7.2
2025-05-09T12:41:01.200000Z,cap-session-0174,cap-app-0174,identity_verification_started,web,desktop,direct,cap-req-0174,cap-corr-0174,4.7.2
2025-05-09T12:41:02.290000Z,cap-session-0174,cap-app-0174,identity_verification_completed,web,desktop,direct,cap-req-0174,cap-corr-0174,4.7.2
2025-05-09T12:41:04.890000Z,cap-session-0174,cap-app-0174,application_submitted,web,desktop,direct,,,4.7.2
2025-05-09T12:41:07.090000Z,cap-session-0174,cap-app-0174,application_completed,web,desktop,direct,,,4.7.2
2025-05-09T12:58:00Z,cap-session-0175,cap-app-0175,application_started,web,desktop,direct,,,4.7.2
2025-05-09T12:58:01.200000Z,cap-session-0175,cap-app-0175,identity_verification_started,web,desktop,direct,cap-req-0175,cap-corr-0175,4.7.2
2025-05-09T12:58:02.080000Z,cap-session-0175,cap-app-0175,identity_verification_completed,web,desktop,direct,cap-req-0175,cap-corr-0175,4.7.2
2025-05-09T12:58:04.680000Z,cap-session-0175,cap-app-0175,application_submitted,web,desktop,direct,,,4.7.2
2025-05-09T12:58:06.880000Z,cap-session-0175,cap-app-0175,application_completed,web,desktop,direct,,,4.7.2
2025-05-09T13:15:00Z,cap-session-0176,cap-app-0176,application_started,web,desktop,direct,,,4.7.2
2025-05-09T13:15:01.200000Z,cap-session-0176,cap-app-0176,identity_verification_started,web,desktop,direct,cap-req-0176,cap-corr-0176,4.7.2
2025-05-09T13:15:02.115000Z,cap-session-0176,cap-app-0176,identity_verification_completed,web,desktop,direct,cap-req-0176,cap-corr-0176,4.7.2
2025-05-09T13:15:04.715000Z,cap-session-0176,cap-app-0176,application_submitted,web,desktop,direct,,,4.7.2
2025-05-09T13:15:06.915000Z,cap-session-0176,cap-app-0176,application_completed,web,desktop,direct,,,4.7.2
2025-05-09T13:32:00Z,cap-session-0177,cap-app-0177,application_started,web,desktop,email,,,4.7.2
2025-05-09T13:32:01.200000Z,cap-session-0177,cap-app-0177,identity_verification_started,web,desktop,email,cap-req-0177,cap-corr-0177,4.7.2
2025-05-09T13:32:02.150000Z,cap-session-0177,cap-app-0177,identity_verification_completed,web,desktop,email,cap-req-0177,cap-corr-0177,4.7.2
2025-05-09T13:32:04.750000Z,cap-session-0177,cap-app-0177,application_submitted,web,desktop,email,,,4.7.2
2025-05-09T13:32:06.950000Z,cap-session-0177,cap-app-0177,application_completed,web,desktop,email,,,4.7.2
2025-05-09T13:49:00Z,cap-session-0178,cap-app-0178,application_started,web,desktop,direct,,,4.7.2
2025-05-09T13:49:01.200000Z,cap-session-0178,cap-app-0178,identity_verification_started,web,desktop,direct,cap-req-0178,cap-corr-0178,4.7.2
2025-05-09T13:49:02.185000Z,cap-session-0178,cap-app-0178,identity_verification_completed,web,desktop,direct,cap-req-0178,cap-corr-0178,4.7.2
2025-05-09T13:49:04.785000Z,cap-session-0178,cap-app-0178,application_submitted,web,desktop,direct,,,4.7.2
2025-05-09T13:49:06.985000Z,cap-session-0178,cap-app-0178,application_completed,web,desktop,direct,,,4.7.2
2025-05-09T14:06:00Z,cap-session-0179,cap-app-0179,application_started,web,desktop,direct,,,4.7.2
2025-05-09T14:06:01.200000Z,cap-session-0179,cap-app-0179,identity_verification_started,web,desktop,direct,cap-req-0179,cap-corr-0179,4.7.2
2025-05-09T14:06:02.220000Z,cap-session-0179,cap-app-0179,identity_verification_completed,web,desktop,direct,cap-req-0179,cap-corr-0179,4.7.2
2025-05-09T14:06:04.820000Z,cap-session-0179,cap-app-0179,application_submitted,web,desktop,direct,,,4.7.2
2025-05-09T14:06:07.020000Z,cap-session-0179,cap-app-0179,application_completed,web,desktop,direct,,,4.7.2
2025-05-09T14:23:00Z,cap-session-0180,cap-app-0180,application_started,web,desktop,direct,,,4.7.2
2025-05-09T14:23:01.200000Z,cap-session-0180,cap-app-0180,identity_verification_started,web,desktop,direct,cap-req-0180,cap-corr-0180,4.7.2
2025-05-09T14:23:02.255000Z,cap-session-0180,cap-app-0180,identity_verification_completed,web,desktop,direct,cap-req-0180,cap-corr-0180,4.7.2
2025-05-09T14:23:04.855000Z,cap-session-0180,cap-app-0180,application_submitted,web,desktop,direct,,,4.7.2
2025-05-09T14:23:07.055000Z,cap-session-0180,cap-app-0180,application_completed,web,desktop,direct,,,4.7.2
2025-05-10T09:00:00Z,cap-session-0181,cap-app-0181,application_started,mobile,ios,partner,,,4.7.2
2025-05-10T09:00:01.200000Z,cap-session-0181,cap-app-0181,identity_verification_started,mobile,ios,partner,cap-req-0181,cap-corr-0181,4.7.2
2025-05-10T09:00:02.290000Z,cap-session-0181,cap-app-0181,identity_verification_completed,mobile,ios,partner,cap-req-0181,cap-corr-0181,4.7.2
2025-05-10T09:00:04.890000Z,cap-session-0181,cap-app-0181,application_submitted,mobile,ios,partner,,,4.7.2
2025-05-10T09:00:07.090000Z,cap-session-0181,cap-app-0181,application_completed,mobile,ios,partner,,,4.7.2
2025-05-10T09:17:00Z,cap-session-0182,cap-app-0182,application_started,mobile,android,partner,,,4.7.2
2025-05-10T09:17:01.200000Z,cap-session-0182,cap-app-0182,identity_verification_started,mobile,android,partner,cap-req-0182,cap-corr-0182,4.7.2
2025-05-10T09:17:02.080000Z,cap-session-0182,cap-app-0182,identity_verification_completed,mobile,android,partner,cap-req-0182,cap-corr-0182,4.7.2
2025-05-10T09:17:04.680000Z,cap-session-0182,cap-app-0182,application_submitted,mobile,android,partner,,,4.7.2
2025-05-10T09:17:06.880000Z,cap-session-0182,cap-app-0182,application_completed,mobile,android,partner,,,4.7.2
2025-05-10T09:34:00Z,cap-session-0183,cap-app-0183,application_started,mobile,ios,partner,,,4.7.2
2025-05-10T09:34:01.200000Z,cap-session-0183,cap-app-0183,identity_verification_started,mobile,ios,partner,cap-req-0183,cap-corr-0183,4.7.2
2025-05-10T09:34:02.115000Z,cap-session-0183,cap-app-0183,identity_verification_completed,mobile,ios,partner,cap-req-0183,cap-corr-0183,4.7.2
2025-05-10T09:34:04.715000Z,cap-session-0183,cap-app-0183,application_submitted,mobile,ios,partner,,,4.7.2
2025-05-10T09:34:06.915000Z,cap-session-0183,cap-app-0183,application_completed,mobile,ios,partner,,,4.7.2
2025-05-10T09:51:00Z,cap-session-0184,cap-app-0184,application_started,mobile,android,direct,,,4.7.2
2025-05-10T09:51:01.200000Z,cap-session-0184,cap-app-0184,identity_verification_started,mobile,android,direct,cap-req-0184,cap-corr-0184,4.7.2
2025-05-10T09:51:02.150000Z,cap-session-0184,cap-app-0184,identity_verification_completed,mobile,android,direct,cap-req-0184,cap-corr-0184,4.7.2
2025-05-10T09:51:04.750000Z,cap-session-0184,cap-app-0184,application_submitted,mobile,android,direct,,,4.7.2
2025-05-10T10:08:00Z,cap-session-0185,cap-app-0185,application_started,mobile,ios,email,,,4.7.2
2025-05-10T10:08:01.200000Z,cap-session-0185,cap-app-0185,identity_verification_started,mobile,ios,email,cap-req-0185,cap-corr-0185,4.7.2
2025-05-10T10:08:02.185000Z,cap-session-0185,cap-app-0185,identity_verification_completed,mobile,ios,email,cap-req-0185,cap-corr-0185,4.7.2
2025-05-10T10:08:04.785000Z,cap-session-0185,cap-app-0185,application_submitted,mobile,ios,email,,,4.7.2
2025-05-10T10:08:06.985000Z,cap-session-0185,cap-app-0185,application_completed,mobile,ios,email,,,4.7.2
2025-05-10T10:25:00Z,cap-session-0186,cap-app-0186,application_started,mobile,android,direct,,,4.7.2
2025-05-10T10:25:01.200000Z,cap-session-0186,cap-app-0186,identity_verification_started,mobile,android,direct,cap-req-0186,cap-corr-0186,4.7.2
2025-05-10T10:25:02.220000Z,cap-session-0186,cap-app-0186,identity_verification_completed,mobile,android,direct,cap-req-0186,cap-corr-0186,4.7.2
2025-05-10T10:25:04.820000Z,cap-session-0186,cap-app-0186,application_submitted,mobile,android,direct,,,4.7.2
2025-05-10T10:25:07.020000Z,cap-session-0186,cap-app-0186,application_completed,mobile,android,direct,,,4.7.2
2025-05-10T10:42:00Z,cap-session-0187,cap-app-0187,application_started,mobile,ios,direct,,,4.7.2
2025-05-10T10:42:01.200000Z,cap-session-0187,cap-app-0187,identity_verification_started,mobile,ios,direct,cap-req-0187,cap-corr-0187,4.7.2
2025-05-10T10:42:02.255000Z,cap-session-0187,cap-app-0187,identity_verification_completed,mobile,ios,direct,cap-req-0187,cap-corr-0187,4.7.2
2025-05-10T10:42:04.855000Z,cap-session-0187,cap-app-0187,application_submitted,mobile,ios,direct,,,4.7.2
2025-05-10T10:42:07.055000Z,cap-session-0187,cap-app-0187,application_completed,mobile,ios,direct,,,4.7.2
2025-05-10T10:59:00Z,cap-session-0188,cap-app-0188,application_started,mobile,android,direct,,,4.7.2
2025-05-10T10:59:01.200000Z,cap-session-0188,cap-app-0188,identity_verification_started,mobile,android,direct,cap-req-0188,cap-corr-0188,4.7.2
2025-05-10T10:59:02.290000Z,cap-session-0188,cap-app-0188,identity_verification_completed,mobile,android,direct,cap-req-0188,cap-corr-0188,4.7.2
2025-05-10T10:59:04.890000Z,cap-session-0188,cap-app-0188,application_submitted,mobile,android,direct,,,4.7.2
2025-05-10T10:59:07.090000Z,cap-session-0188,cap-app-0188,application_completed,mobile,android,direct,,,4.7.2
2025-05-10T11:16:00Z,cap-session-0189,cap-app-0189,application_started,mobile,ios,email,,,4.7.2
2025-05-10T11:16:01.200000Z,cap-session-0189,cap-app-0189,identity_verification_started,mobile,ios,email,cap-req-0189,cap-corr-0189,4.7.2
2025-05-10T11:16:02.080000Z,cap-session-0189,cap-app-0189,identity_verification_completed,mobile,ios,email,cap-req-0189,cap-corr-0189,4.7.2
2025-05-10T11:16:04.680000Z,cap-session-0189,cap-app-0189,application_submitted,mobile,ios,email,,,4.7.2
2025-05-10T11:16:06.880000Z,cap-session-0189,cap-app-0189,application_completed,mobile,ios,email,,,4.7.2
2025-05-10T11:33:00Z,cap-session-0190,cap-app-0190,application_started,mobile,android,direct,,,4.7.2
2025-05-10T11:33:01.200000Z,cap-session-0190,cap-app-0190,identity_verification_started,mobile,android,direct,cap-req-0190,cap-corr-0190,4.7.2
2025-05-10T11:50:00Z,cap-session-0191,cap-app-0191,application_started,web,desktop,direct,,,4.7.2
2025-05-10T11:50:01.200000Z,cap-session-0191,cap-app-0191,identity_verification_started,web,desktop,direct,cap-req-0191,cap-corr-0191,4.7.2
2025-05-10T11:50:02.150000Z,cap-session-0191,cap-app-0191,identity_verification_completed,web,desktop,direct,cap-req-0191,cap-corr-0191,4.7.2
2025-05-10T11:50:04.750000Z,cap-session-0191,cap-app-0191,application_submitted,web,desktop,direct,,,4.7.2
2025-05-10T11:50:06.950000Z,cap-session-0191,cap-app-0191,application_completed,web,desktop,direct,,,4.7.2
2025-05-10T12:07:00Z,cap-session-0192,cap-app-0192,application_started,web,desktop,direct,,,4.7.2
2025-05-10T12:07:01.200000Z,cap-session-0192,cap-app-0192,identity_verification_started,web,desktop,direct,cap-req-0192,cap-corr-0192,4.7.2
2025-05-10T12:07:02.185000Z,cap-session-0192,cap-app-0192,identity_verification_completed,web,desktop,direct,cap-req-0192,cap-corr-0192,4.7.2
2025-05-10T12:07:04.785000Z,cap-session-0192,cap-app-0192,application_submitted,web,desktop,direct,,,4.7.2
2025-05-10T12:07:06.985000Z,cap-session-0192,cap-app-0192,application_completed,web,desktop,direct,,,4.7.2
2025-05-10T12:24:00Z,cap-session-0193,cap-app-0193,application_started,web,desktop,email,,,4.7.2
2025-05-10T12:24:01.200000Z,cap-session-0193,cap-app-0193,identity_verification_started,web,desktop,email,cap-req-0193,cap-corr-0193,4.7.2
2025-05-10T12:24:02.220000Z,cap-session-0193,cap-app-0193,identity_verification_completed,web,desktop,email,cap-req-0193,cap-corr-0193,4.7.2
2025-05-10T12:24:04.820000Z,cap-session-0193,cap-app-0193,application_submitted,web,desktop,email,,,4.7.2
2025-05-10T12:24:07.020000Z,cap-session-0193,cap-app-0193,application_completed,web,desktop,email,,,4.7.2
2025-05-10T12:41:00Z,cap-session-0194,cap-app-0194,application_started,web,desktop,direct,,,4.7.2
2025-05-10T12:41:01.200000Z,cap-session-0194,cap-app-0194,identity_verification_started,web,desktop,direct,cap-req-0194,cap-corr-0194,4.7.2
2025-05-10T12:41:02.255000Z,cap-session-0194,cap-app-0194,identity_verification_completed,web,desktop,direct,cap-req-0194,cap-corr-0194,4.7.2
2025-05-10T12:41:04.855000Z,cap-session-0194,cap-app-0194,application_submitted,web,desktop,direct,,,4.7.2
2025-05-10T12:41:07.055000Z,cap-session-0194,cap-app-0194,application_completed,web,desktop,direct,,,4.7.2
2025-05-10T12:58:00Z,cap-session-0195,cap-app-0195,application_started,web,desktop,direct,,,4.7.2
2025-05-10T12:58:01.200000Z,cap-session-0195,cap-app-0195,identity_verification_started,web,desktop,direct,cap-req-0195,cap-corr-0195,4.7.2
2025-05-10T12:58:02.290000Z,cap-session-0195,cap-app-0195,identity_verification_completed,web,desktop,direct,cap-req-0195,cap-corr-0195,4.7.2
2025-05-10T12:58:04.890000Z,cap-session-0195,cap-app-0195,application_submitted,web,desktop,direct,,,4.7.2
2025-05-10T12:58:07.090000Z,cap-session-0195,cap-app-0195,application_completed,web,desktop,direct,,,4.7.2
2025-05-10T13:15:00Z,cap-session-0196,cap-app-0196,application_started,web,desktop,direct,,,4.7.2
2025-05-10T13:15:01.200000Z,cap-session-0196,cap-app-0196,identity_verification_started,web,desktop,direct,cap-req-0196,cap-corr-0196,4.7.2
2025-05-10T13:15:02.080000Z,cap-session-0196,cap-app-0196,identity_verification_completed,web,desktop,direct,cap-req-0196,cap-corr-0196,4.7.2
2025-05-10T13:15:04.680000Z,cap-session-0196,cap-app-0196,application_submitted,web,desktop,direct,,,4.7.2
2025-05-10T13:15:06.880000Z,cap-session-0196,cap-app-0196,application_completed,web,desktop,direct,,,4.7.2
2025-05-10T13:32:00Z,cap-session-0197,cap-app-0197,application_started,web,desktop,email,,,4.7.2
2025-05-10T13:32:01.200000Z,cap-session-0197,cap-app-0197,identity_verification_started,web,desktop,email,cap-req-0197,cap-corr-0197,4.7.2
2025-05-10T13:32:02.115000Z,cap-session-0197,cap-app-0197,identity_verification_completed,web,desktop,email,cap-req-0197,cap-corr-0197,4.7.2
2025-05-10T13:32:04.715000Z,cap-session-0197,cap-app-0197,application_submitted,web,desktop,email,,,4.7.2
2025-05-10T13:32:06.915000Z,cap-session-0197,cap-app-0197,application_completed,web,desktop,email,,,4.7.2
2025-05-10T13:49:00Z,cap-session-0198,cap-app-0198,application_started,web,desktop,direct,,,4.7.2
2025-05-10T13:49:01.200000Z,cap-session-0198,cap-app-0198,identity_verification_started,web,desktop,direct,cap-req-0198,cap-corr-0198,4.7.2
2025-05-10T13:49:02.150000Z,cap-session-0198,cap-app-0198,identity_verification_completed,web,desktop,direct,cap-req-0198,cap-corr-0198,4.7.2
2025-05-10T13:49:04.750000Z,cap-session-0198,cap-app-0198,application_submitted,web,desktop,direct,,,4.7.2
2025-05-10T13:49:06.950000Z,cap-session-0198,cap-app-0198,application_completed,web,desktop,direct,,,4.7.2
2025-05-10T14:06:00Z,cap-session-0199,cap-app-0199,application_started,web,desktop,direct,,,4.7.2
2025-05-10T14:06:01.200000Z,cap-session-0199,cap-app-0199,identity_verification_started,web,desktop,direct,cap-req-0199,cap-corr-0199,4.7.2
2025-05-10T14:06:02.185000Z,cap-session-0199,cap-app-0199,identity_verification_completed,web,desktop,direct,cap-req-0199,cap-corr-0199,4.7.2
2025-05-10T14:06:04.785000Z,cap-session-0199,cap-app-0199,application_submitted,web,desktop,direct,,,4.7.2
2025-05-10T14:06:06.985000Z,cap-session-0199,cap-app-0199,application_completed,web,desktop,direct,,,4.7.2
2025-05-10T14:23:00Z,cap-session-0200,cap-app-0200,application_started,web,desktop,direct,,,4.7.2
2025-05-10T14:23:01.200000Z,cap-session-0200,cap-app-0200,identity_verification_started,web,desktop,direct,cap-req-0200,cap-corr-0200,4.7.2
2025-05-10T14:23:02.220000Z,cap-session-0200,cap-app-0200,identity_verification_completed,web,desktop,direct,cap-req-0200,cap-corr-0200,4.7.2
2025-05-10T14:23:04.820000Z,cap-session-0200,cap-app-0200,application_submitted,web,desktop,direct,,,4.7.2
2025-05-10T14:23:07.020000Z,cap-session-0200,cap-app-0200,application_completed,web,desktop,direct,,,4.7.2
2025-05-11T09:00:00Z,cap-session-0201,cap-app-0201,application_started,mobile,ios,partner,,,4.7.2
2025-05-11T09:00:01.200000Z,cap-session-0201,cap-app-0201,identity_verification_started,mobile,ios,partner,cap-req-0201,cap-corr-0201,4.7.2
2025-05-11T09:00:02.255000Z,cap-session-0201,cap-app-0201,identity_verification_completed,mobile,ios,partner,cap-req-0201,cap-corr-0201,4.7.2
2025-05-11T09:00:04.855000Z,cap-session-0201,cap-app-0201,application_submitted,mobile,ios,partner,,,4.7.2
2025-05-11T09:00:07.055000Z,cap-session-0201,cap-app-0201,application_completed,mobile,ios,partner,,,4.7.2
2025-05-11T09:17:00Z,cap-session-0202,cap-app-0202,application_started,mobile,android,partner,,,4.7.2
2025-05-11T09:17:01.200000Z,cap-session-0202,cap-app-0202,identity_verification_started,mobile,android,partner,cap-req-0202,cap-corr-0202,4.7.2
2025-05-11T09:17:02.290000Z,cap-session-0202,cap-app-0202,identity_verification_completed,mobile,android,partner,cap-req-0202,cap-corr-0202,4.7.2
2025-05-11T09:17:04.890000Z,cap-session-0202,cap-app-0202,application_submitted,mobile,android,partner,,,4.7.2
2025-05-11T09:17:07.090000Z,cap-session-0202,cap-app-0202,application_completed,mobile,android,partner,,,4.7.2
2025-05-11T09:34:00Z,cap-session-0203,cap-app-0203,application_started,mobile,ios,partner,,,4.7.2
2025-05-11T09:34:01.200000Z,cap-session-0203,cap-app-0203,identity_verification_started,mobile,ios,partner,cap-req-0203,cap-corr-0203,4.7.2
2025-05-11T09:34:02.080000Z,cap-session-0203,cap-app-0203,identity_verification_completed,mobile,ios,partner,cap-req-0203,cap-corr-0203,4.7.2
2025-05-11T09:34:04.680000Z,cap-session-0203,cap-app-0203,application_submitted,mobile,ios,partner,,,4.7.2
2025-05-11T09:34:06.880000Z,cap-session-0203,cap-app-0203,application_completed,mobile,ios,partner,,,4.7.2
2025-05-11T09:51:00Z,cap-session-0204,cap-app-0204,application_started,mobile,android,direct,,,4.7.2
2025-05-11T09:51:01.200000Z,cap-session-0204,cap-app-0204,identity_verification_started,mobile,android,direct,cap-req-0204,cap-corr-0204,4.7.2
2025-05-11T09:51:02.115000Z,cap-session-0204,cap-app-0204,identity_verification_completed,mobile,android,direct,cap-req-0204,cap-corr-0204,4.7.2
2025-05-11T09:51:04.715000Z,cap-session-0204,cap-app-0204,application_submitted,mobile,android,direct,,,4.7.2
2025-05-11T09:51:06.915000Z,cap-session-0204,cap-app-0204,application_completed,mobile,android,direct,,,4.7.2
2025-05-11T10:08:00Z,cap-session-0205,cap-app-0205,application_started,mobile,ios,email,,,4.7.2
2025-05-11T10:08:01.200000Z,cap-session-0205,cap-app-0205,identity_verification_started,mobile,ios,email,cap-req-0205,cap-corr-0205,4.7.2
2025-05-11T10:08:02.150000Z,cap-session-0205,cap-app-0205,identity_verification_completed,mobile,ios,email,cap-req-0205,cap-corr-0205,4.7.2
2025-05-11T10:08:04.750000Z,cap-session-0205,cap-app-0205,application_submitted,mobile,ios,email,,,4.7.2
2025-05-11T10:08:06.950000Z,cap-session-0205,cap-app-0205,application_completed,mobile,ios,email,,,4.7.2
2025-05-11T10:25:00Z,cap-session-0206,cap-app-0206,application_started,mobile,android,direct,,,4.7.2
2025-05-11T10:25:01.200000Z,cap-session-0206,cap-app-0206,identity_verification_started,mobile,android,direct,cap-req-0206,cap-corr-0206,4.7.2
2025-05-11T10:25:02.185000Z,cap-session-0206,cap-app-0206,identity_verification_completed,mobile,android,direct,cap-req-0206,cap-corr-0206,4.7.2
2025-05-11T10:25:04.785000Z,cap-session-0206,cap-app-0206,application_submitted,mobile,android,direct,,,4.7.2
2025-05-11T10:25:06.985000Z,cap-session-0206,cap-app-0206,application_completed,mobile,android,direct,,,4.7.2
2025-05-11T10:42:00Z,cap-session-0207,cap-app-0207,application_started,mobile,ios,direct,,,4.7.2
2025-05-11T10:42:01.200000Z,cap-session-0207,cap-app-0207,identity_verification_started,mobile,ios,direct,cap-req-0207,cap-corr-0207,4.7.2
2025-05-11T10:42:02.220000Z,cap-session-0207,cap-app-0207,identity_verification_completed,mobile,ios,direct,cap-req-0207,cap-corr-0207,4.7.2
2025-05-11T10:42:04.820000Z,cap-session-0207,cap-app-0207,application_submitted,mobile,ios,direct,,,4.7.2
2025-05-11T10:59:00Z,cap-session-0208,cap-app-0208,application_started,mobile,android,direct,,,4.7.2
2025-05-11T10:59:01.200000Z,cap-session-0208,cap-app-0208,identity_verification_started,mobile,android,direct,cap-req-0208,cap-corr-0208,4.7.2
2025-05-11T10:59:02.255000Z,cap-session-0208,cap-app-0208,identity_verification_completed,mobile,android,direct,cap-req-0208,cap-corr-0208,4.7.2
2025-05-11T10:59:04.855000Z,cap-session-0208,cap-app-0208,application_submitted,mobile,android,direct,,,4.7.2
2025-05-11T10:59:07.055000Z,cap-session-0208,cap-app-0208,application_completed,mobile,android,direct,,,4.7.2
2025-05-11T11:16:00Z,cap-session-0209,cap-app-0209,application_started,mobile,ios,email,,,4.7.2
2025-05-11T11:16:01.200000Z,cap-session-0209,cap-app-0209,identity_verification_started,mobile,ios,email,cap-req-0209,cap-corr-0209,4.7.2
2025-05-11T11:33:00Z,cap-session-0210,cap-app-0210,application_started,mobile,android,direct,,,4.7.2
2025-05-11T11:33:01.200000Z,cap-session-0210,cap-app-0210,identity_verification_started,mobile,android,direct,cap-req-0210,cap-corr-0210,4.7.2
2025-05-11T11:33:02.080000Z,cap-session-0210,cap-app-0210,identity_verification_completed,mobile,android,direct,cap-req-0210,cap-corr-0210,4.7.2
2025-05-11T11:33:04.680000Z,cap-session-0210,cap-app-0210,application_submitted,mobile,android,direct,,,4.7.2
2025-05-11T11:33:06.880000Z,cap-session-0210,cap-app-0210,application_completed,mobile,android,direct,,,4.7.2
2025-05-11T11:50:00Z,cap-session-0211,cap-app-0211,application_started,web,desktop,direct,,,4.7.2
2025-05-11T11:50:01.200000Z,cap-session-0211,cap-app-0211,identity_verification_started,web,desktop,direct,cap-req-0211,cap-corr-0211,4.7.2
2025-05-11T11:50:02.115000Z,cap-session-0211,cap-app-0211,identity_verification_completed,web,desktop,direct,cap-req-0211,cap-corr-0211,4.7.2
2025-05-11T11:50:04.715000Z,cap-session-0211,cap-app-0211,application_submitted,web,desktop,direct,,,4.7.2
2025-05-11T11:50:06.915000Z,cap-session-0211,cap-app-0211,application_completed,web,desktop,direct,,,4.7.2
2025-05-11T12:07:00Z,cap-session-0212,cap-app-0212,application_started,web,desktop,direct,,,4.7.2
2025-05-11T12:07:01.200000Z,cap-session-0212,cap-app-0212,identity_verification_started,web,desktop,direct,cap-req-0212,cap-corr-0212,4.7.2
2025-05-11T12:07:02.150000Z,cap-session-0212,cap-app-0212,identity_verification_completed,web,desktop,direct,cap-req-0212,cap-corr-0212,4.7.2
2025-05-11T12:07:04.750000Z,cap-session-0212,cap-app-0212,application_submitted,web,desktop,direct,,,4.7.2
2025-05-11T12:07:06.950000Z,cap-session-0212,cap-app-0212,application_completed,web,desktop,direct,,,4.7.2
2025-05-11T12:24:00Z,cap-session-0213,cap-app-0213,application_started,web,desktop,email,,,4.7.2
2025-05-11T12:24:01.200000Z,cap-session-0213,cap-app-0213,identity_verification_started,web,desktop,email,cap-req-0213,cap-corr-0213,4.7.2
2025-05-11T12:24:02.185000Z,cap-session-0213,cap-app-0213,identity_verification_completed,web,desktop,email,cap-req-0213,cap-corr-0213,4.7.2
2025-05-11T12:24:04.785000Z,cap-session-0213,cap-app-0213,application_submitted,web,desktop,email,,,4.7.2
2025-05-11T12:24:06.985000Z,cap-session-0213,cap-app-0213,application_completed,web,desktop,email,,,4.7.2
2025-05-11T12:41:00Z,cap-session-0214,cap-app-0214,application_started,web,desktop,direct,,,4.7.2
2025-05-11T12:41:01.200000Z,cap-session-0214,cap-app-0214,identity_verification_started,web,desktop,direct,cap-req-0214,cap-corr-0214,4.7.2
2025-05-11T12:41:02.220000Z,cap-session-0214,cap-app-0214,identity_verification_completed,web,desktop,direct,cap-req-0214,cap-corr-0214,4.7.2
2025-05-11T12:41:04.820000Z,cap-session-0214,cap-app-0214,application_submitted,web,desktop,direct,,,4.7.2
2025-05-11T12:41:07.020000Z,cap-session-0214,cap-app-0214,application_completed,web,desktop,direct,,,4.7.2
2025-05-11T12:58:00Z,cap-session-0215,cap-app-0215,application_started,web,desktop,direct,,,4.7.2
2025-05-11T12:58:01.200000Z,cap-session-0215,cap-app-0215,identity_verification_started,web,desktop,direct,cap-req-0215,cap-corr-0215,4.7.2
2025-05-11T12:58:02.255000Z,cap-session-0215,cap-app-0215,identity_verification_completed,web,desktop,direct,cap-req-0215,cap-corr-0215,4.7.2
2025-05-11T12:58:04.855000Z,cap-session-0215,cap-app-0215,application_submitted,web,desktop,direct,,,4.7.2
2025-05-11T12:58:07.055000Z,cap-session-0215,cap-app-0215,application_completed,web,desktop,direct,,,4.7.2
2025-05-11T13:15:00Z,cap-session-0216,cap-app-0216,application_started,web,desktop,direct,,,4.7.2
2025-05-11T13:15:01.200000Z,cap-session-0216,cap-app-0216,identity_verification_started,web,desktop,direct,cap-req-0216,cap-corr-0216,4.7.2
2025-05-11T13:15:02.290000Z,cap-session-0216,cap-app-0216,identity_verification_completed,web,desktop,direct,cap-req-0216,cap-corr-0216,4.7.2
2025-05-11T13:15:04.890000Z,cap-session-0216,cap-app-0216,application_submitted,web,desktop,direct,,,4.7.2
2025-05-11T13:15:07.090000Z,cap-session-0216,cap-app-0216,application_completed,web,desktop,direct,,,4.7.2
2025-05-11T13:32:00Z,cap-session-0217,cap-app-0217,application_started,web,desktop,email,,,4.7.2
2025-05-11T13:32:01.200000Z,cap-session-0217,cap-app-0217,identity_verification_started,web,desktop,email,cap-req-0217,cap-corr-0217,4.7.2
2025-05-11T13:32:02.080000Z,cap-session-0217,cap-app-0217,identity_verification_completed,web,desktop,email,cap-req-0217,cap-corr-0217,4.7.2
2025-05-11T13:32:04.680000Z,cap-session-0217,cap-app-0217,application_submitted,web,desktop,email,,,4.7.2
2025-05-11T13:32:06.880000Z,cap-session-0217,cap-app-0217,application_completed,web,desktop,email,,,4.7.2
2025-05-11T13:49:00Z,cap-session-0218,cap-app-0218,application_started,web,desktop,direct,,,4.7.2
2025-05-11T13:49:01.200000Z,cap-session-0218,cap-app-0218,identity_verification_started,web,desktop,direct,cap-req-0218,cap-corr-0218,4.7.2
2025-05-11T13:49:02.115000Z,cap-session-0218,cap-app-0218,identity_verification_completed,web,desktop,direct,cap-req-0218,cap-corr-0218,4.7.2
2025-05-11T13:49:04.715000Z,cap-session-0218,cap-app-0218,application_submitted,web,desktop,direct,,,4.7.2
2025-05-11T13:49:06.915000Z,cap-session-0218,cap-app-0218,application_completed,web,desktop,direct,,,4.7.2
2025-05-11T14:06:00Z,cap-session-0219,cap-app-0219,application_started,web,desktop,direct,,,4.7.2
2025-05-11T14:06:01.200000Z,cap-session-0219,cap-app-0219,identity_verification_started,web,desktop,direct,cap-req-0219,cap-corr-0219,4.7.2
2025-05-11T14:06:02.150000Z,cap-session-0219,cap-app-0219,identity_verification_completed,web,desktop,direct,cap-req-0219,cap-corr-0219,4.7.2
2025-05-11T14:06:04.750000Z,cap-session-0219,cap-app-0219,application_submitted,web,desktop,direct,,,4.7.2
2025-05-11T14:06:06.950000Z,cap-session-0219,cap-app-0219,application_completed,web,desktop,direct,,,4.7.2
2025-05-11T14:23:00Z,cap-session-0220,cap-app-0220,application_started,web,desktop,direct,,,4.7.2
2025-05-11T14:23:01.200000Z,cap-session-0220,cap-app-0220,identity_verification_started,web,desktop,direct,cap-req-0220,cap-corr-0220,4.7.2
2025-05-11T14:23:02.185000Z,cap-session-0220,cap-app-0220,identity_verification_completed,web,desktop,direct,cap-req-0220,cap-corr-0220,4.7.2
2025-05-11T14:23:04.785000Z,cap-session-0220,cap-app-0220,application_submitted,web,desktop,direct,,,4.7.2
2025-05-11T14:23:06.985000Z,cap-session-0220,cap-app-0220,application_completed,web,desktop,direct,,,4.7.2
2025-05-12T09:00:00Z,cap-session-0221,cap-app-0221,application_started,mobile,ios,partner,,,4.7.2
2025-05-12T09:00:01.200000Z,cap-session-0221,cap-app-0221,identity_verification_started,mobile,ios,partner,cap-req-0221,cap-corr-0221,4.7.2
2025-05-12T09:00:02.220000Z,cap-session-0221,cap-app-0221,identity_verification_completed,mobile,ios,partner,cap-req-0221,cap-corr-0221,4.7.2
2025-05-12T09:00:04.820000Z,cap-session-0221,cap-app-0221,application_submitted,mobile,ios,partner,,,4.7.2
2025-05-12T09:00:07.020000Z,cap-session-0221,cap-app-0221,application_completed,mobile,ios,partner,,,4.7.2
2025-05-12T09:17:00Z,cap-session-0222,cap-app-0222,application_started,mobile,android,partner,,,4.7.2
2025-05-12T09:17:01.200000Z,cap-session-0222,cap-app-0222,identity_verification_started,mobile,android,partner,cap-req-0222,cap-corr-0222,4.7.2
2025-05-12T09:17:02.255000Z,cap-session-0222,cap-app-0222,identity_verification_completed,mobile,android,partner,cap-req-0222,cap-corr-0222,4.7.2
2025-05-12T09:17:04.855000Z,cap-session-0222,cap-app-0222,application_submitted,mobile,android,partner,,,4.7.2
2025-05-12T09:17:07.055000Z,cap-session-0222,cap-app-0222,application_completed,mobile,android,partner,,,4.7.2
2025-05-12T09:34:00Z,cap-session-0223,cap-app-0223,application_started,mobile,ios,partner,,,4.7.2
2025-05-12T09:34:01.200000Z,cap-session-0223,cap-app-0223,identity_verification_started,mobile,ios,partner,cap-req-0223,cap-corr-0223,4.7.2
2025-05-12T09:34:02.290000Z,cap-session-0223,cap-app-0223,identity_verification_completed,mobile,ios,partner,cap-req-0223,cap-corr-0223,4.7.2
2025-05-12T09:34:04.890000Z,cap-session-0223,cap-app-0223,application_submitted,mobile,ios,partner,,,4.7.2
2025-05-12T09:34:07.090000Z,cap-session-0223,cap-app-0223,application_completed,mobile,ios,partner,,,4.7.2
2025-05-12T09:51:00Z,cap-session-0224,cap-app-0224,application_started,mobile,android,direct,,,4.7.2
2025-05-12T09:51:01.200000Z,cap-session-0224,cap-app-0224,identity_verification_started,mobile,android,direct,cap-req-0224,cap-corr-0224,4.7.2
2025-05-12T09:51:02.080000Z,cap-session-0224,cap-app-0224,identity_verification_completed,mobile,android,direct,cap-req-0224,cap-corr-0224,4.7.2
2025-05-12T09:51:04.680000Z,cap-session-0224,cap-app-0224,application_submitted,mobile,android,direct,,,4.7.2
2025-05-12T09:51:06.880000Z,cap-session-0224,cap-app-0224,application_completed,mobile,android,direct,,,4.7.2
2025-05-12T10:08:00Z,cap-session-0225,cap-app-0225,application_started,mobile,ios,email,,,4.7.2
2025-05-12T10:08:01.200000Z,cap-session-0225,cap-app-0225,identity_verification_started,mobile,ios,email,cap-req-0225,cap-corr-0225,4.7.2
2025-05-12T10:08:02.115000Z,cap-session-0225,cap-app-0225,identity_verification_completed,mobile,ios,email,cap-req-0225,cap-corr-0225,4.7.2
2025-05-12T10:08:04.715000Z,cap-session-0225,cap-app-0225,application_submitted,mobile,ios,email,,,4.7.2
2025-05-12T10:08:06.915000Z,cap-session-0225,cap-app-0225,application_completed,mobile,ios,email,,,4.7.2
2025-05-12T10:25:00Z,cap-session-0226,cap-app-0226,application_started,mobile,android,direct,,,4.7.2
2025-05-12T10:25:01.200000Z,cap-session-0226,cap-app-0226,identity_verification_started,mobile,android,direct,cap-req-0226,cap-corr-0226,4.7.2
2025-05-12T10:25:02.150000Z,cap-session-0226,cap-app-0226,identity_verification_completed,mobile,android,direct,cap-req-0226,cap-corr-0226,4.7.2
2025-05-12T10:25:04.750000Z,cap-session-0226,cap-app-0226,application_submitted,mobile,android,direct,,,4.7.2
2025-05-12T10:25:06.950000Z,cap-session-0226,cap-app-0226,application_completed,mobile,android,direct,,,4.7.2
2025-05-12T10:42:00Z,cap-session-0227,cap-app-0227,application_started,mobile,ios,direct,,,4.7.2
2025-05-12T10:42:01.200000Z,cap-session-0227,cap-app-0227,identity_verification_started,mobile,ios,direct,cap-req-0227,cap-corr-0227,4.7.2
2025-05-12T10:42:02.185000Z,cap-session-0227,cap-app-0227,identity_verification_completed,mobile,ios,direct,cap-req-0227,cap-corr-0227,4.7.2
2025-05-12T10:42:04.785000Z,cap-session-0227,cap-app-0227,application_submitted,mobile,ios,direct,,,4.7.2
2025-05-12T10:42:06.985000Z,cap-session-0227,cap-app-0227,application_completed,mobile,ios,direct,,,4.7.2
2025-05-12T10:59:00Z,cap-session-0228,cap-app-0228,application_started,mobile,android,direct,,,4.7.2
2025-05-12T10:59:01.200000Z,cap-session-0228,cap-app-0228,identity_verification_started,mobile,android,direct,cap-req-0228,cap-corr-0228,4.7.2
2025-05-12T11:16:00Z,cap-session-0229,cap-app-0229,application_started,mobile,ios,email,,,4.7.2
2025-05-12T11:16:01.200000Z,cap-session-0229,cap-app-0229,identity_verification_started,mobile,ios,email,cap-req-0229,cap-corr-0229,4.7.2
2025-05-12T11:16:02.255000Z,cap-session-0229,cap-app-0229,identity_verification_completed,mobile,ios,email,cap-req-0229,cap-corr-0229,4.7.2
2025-05-12T11:16:04.855000Z,cap-session-0229,cap-app-0229,application_submitted,mobile,ios,email,,,4.7.2
2025-05-12T11:16:07.055000Z,cap-session-0229,cap-app-0229,application_completed,mobile,ios,email,,,4.7.2
2025-05-12T11:33:00Z,cap-session-0230,cap-app-0230,application_started,mobile,android,direct,,,4.7.2
2025-05-12T11:33:01.200000Z,cap-session-0230,cap-app-0230,identity_verification_started,mobile,android,direct,cap-req-0230,cap-corr-0230,4.7.2
2025-05-12T11:33:02.290000Z,cap-session-0230,cap-app-0230,identity_verification_completed,mobile,android,direct,cap-req-0230,cap-corr-0230,4.7.2
2025-05-12T11:33:04.890000Z,cap-session-0230,cap-app-0230,application_submitted,mobile,android,direct,,,4.7.2
2025-05-12T11:50:00Z,cap-session-0231,cap-app-0231,application_started,web,desktop,direct,,,4.7.2
2025-05-12T11:50:01.200000Z,cap-session-0231,cap-app-0231,identity_verification_started,web,desktop,direct,cap-req-0231,cap-corr-0231,4.7.2
2025-05-12T11:50:02.080000Z,cap-session-0231,cap-app-0231,identity_verification_completed,web,desktop,direct,cap-req-0231,cap-corr-0231,4.7.2
2025-05-12T11:50:04.680000Z,cap-session-0231,cap-app-0231,application_submitted,web,desktop,direct,,,4.7.2
2025-05-12T11:50:06.880000Z,cap-session-0231,cap-app-0231,application_completed,web,desktop,direct,,,4.7.2
2025-05-12T12:07:00Z,cap-session-0232,cap-app-0232,application_started,web,desktop,direct,,,4.7.2
2025-05-12T12:07:01.200000Z,cap-session-0232,cap-app-0232,identity_verification_started,web,desktop,direct,cap-req-0232,cap-corr-0232,4.7.2
2025-05-12T12:07:02.115000Z,cap-session-0232,cap-app-0232,identity_verification_completed,web,desktop,direct,cap-req-0232,cap-corr-0232,4.7.2
2025-05-12T12:07:04.715000Z,cap-session-0232,cap-app-0232,application_submitted,web,desktop,direct,,,4.7.2
2025-05-12T12:07:06.915000Z,cap-session-0232,cap-app-0232,application_completed,web,desktop,direct,,,4.7.2
2025-05-12T12:24:00Z,cap-session-0233,cap-app-0233,application_started,web,desktop,email,,,4.7.2
2025-05-12T12:24:01.200000Z,cap-session-0233,cap-app-0233,identity_verification_started,web,desktop,email,cap-req-0233,cap-corr-0233,4.7.2
2025-05-12T12:24:02.150000Z,cap-session-0233,cap-app-0233,identity_verification_completed,web,desktop,email,cap-req-0233,cap-corr-0233,4.7.2
2025-05-12T12:24:04.750000Z,cap-session-0233,cap-app-0233,application_submitted,web,desktop,email,,,4.7.2
2025-05-12T12:24:06.950000Z,cap-session-0233,cap-app-0233,application_completed,web,desktop,email,,,4.7.2
2025-05-12T12:41:00Z,cap-session-0234,cap-app-0234,application_started,web,desktop,direct,,,4.7.2
2025-05-12T12:41:01.200000Z,cap-session-0234,cap-app-0234,identity_verification_started,web,desktop,direct,cap-req-0234,cap-corr-0234,4.7.2
2025-05-12T12:41:02.185000Z,cap-session-0234,cap-app-0234,identity_verification_completed,web,desktop,direct,cap-req-0234,cap-corr-0234,4.7.2
2025-05-12T12:41:04.785000Z,cap-session-0234,cap-app-0234,application_submitted,web,desktop,direct,,,4.7.2
2025-05-12T12:41:06.985000Z,cap-session-0234,cap-app-0234,application_completed,web,desktop,direct,,,4.7.2
2025-05-12T12:58:00Z,cap-session-0235,cap-app-0235,application_started,web,desktop,direct,,,4.7.2
2025-05-12T12:58:01.200000Z,cap-session-0235,cap-app-0235,identity_verification_started,web,desktop,direct,cap-req-0235,cap-corr-0235,4.7.2
2025-05-12T12:58:02.220000Z,cap-session-0235,cap-app-0235,identity_verification_completed,web,desktop,direct,cap-req-0235,cap-corr-0235,4.7.2
2025-05-12T12:58:04.820000Z,cap-session-0235,cap-app-0235,application_submitted,web,desktop,direct,,,4.7.2
2025-05-12T12:58:07.020000Z,cap-session-0235,cap-app-0235,application_completed,web,desktop,direct,,,4.7.2
2025-05-12T13:15:00Z,cap-session-0236,cap-app-0236,application_started,web,desktop,direct,,,4.7.2
2025-05-12T13:15:01.200000Z,cap-session-0236,cap-app-0236,identity_verification_started,web,desktop,direct,cap-req-0236,cap-corr-0236,4.7.2
2025-05-12T13:15:02.255000Z,cap-session-0236,cap-app-0236,identity_verification_completed,web,desktop,direct,cap-req-0236,cap-corr-0236,4.7.2
2025-05-12T13:15:04.855000Z,cap-session-0236,cap-app-0236,application_submitted,web,desktop,direct,,,4.7.2
2025-05-12T13:15:07.055000Z,cap-session-0236,cap-app-0236,application_completed,web,desktop,direct,,,4.7.2
2025-05-12T13:32:00Z,cap-session-0237,cap-app-0237,application_started,web,desktop,email,,,4.7.2
2025-05-12T13:32:01.200000Z,cap-session-0237,cap-app-0237,identity_verification_started,web,desktop,email,cap-req-0237,cap-corr-0237,4.7.2
2025-05-12T13:32:02.290000Z,cap-session-0237,cap-app-0237,identity_verification_completed,web,desktop,email,cap-req-0237,cap-corr-0237,4.7.2
2025-05-12T13:32:04.890000Z,cap-session-0237,cap-app-0237,application_submitted,web,desktop,email,,,4.7.2
2025-05-12T13:32:07.090000Z,cap-session-0237,cap-app-0237,application_completed,web,desktop,email,,,4.7.2
2025-05-12T13:49:00Z,cap-session-0238,cap-app-0238,application_started,web,desktop,direct,,,4.7.2
2025-05-12T13:49:01.200000Z,cap-session-0238,cap-app-0238,identity_verification_started,web,desktop,direct,cap-req-0238,cap-corr-0238,4.7.2
2025-05-12T13:49:02.080000Z,cap-session-0238,cap-app-0238,identity_verification_completed,web,desktop,direct,cap-req-0238,cap-corr-0238,4.7.2
2025-05-12T13:49:04.680000Z,cap-session-0238,cap-app-0238,application_submitted,web,desktop,direct,,,4.7.2
2025-05-12T13:49:06.880000Z,cap-session-0238,cap-app-0238,application_completed,web,desktop,direct,,,4.7.2
2025-05-12T14:06:00Z,cap-session-0239,cap-app-0239,application_started,web,desktop,direct,,,4.7.2
2025-05-12T14:06:01.200000Z,cap-session-0239,cap-app-0239,identity_verification_started,web,desktop,direct,cap-req-0239,cap-corr-0239,4.7.2
2025-05-12T14:06:02.115000Z,cap-session-0239,cap-app-0239,identity_verification_completed,web,desktop,direct,cap-req-0239,cap-corr-0239,4.7.2
2025-05-12T14:06:04.715000Z,cap-session-0239,cap-app-0239,application_submitted,web,desktop,direct,,,4.7.2
2025-05-12T14:06:06.915000Z,cap-session-0239,cap-app-0239,application_completed,web,desktop,direct,,,4.7.2
2025-05-12T14:23:00Z,cap-session-0240,cap-app-0240,application_started,web,desktop,direct,,,4.7.2
2025-05-12T14:23:01.200000Z,cap-session-0240,cap-app-0240,identity_verification_started,web,desktop,direct,cap-req-0240,cap-corr-0240,4.7.2
2025-05-12T14:23:02.150000Z,cap-session-0240,cap-app-0240,identity_verification_completed,web,desktop,direct,cap-req-0240,cap-corr-0240,4.7.2
2025-05-12T14:23:04.750000Z,cap-session-0240,cap-app-0240,application_submitted,web,desktop,direct,,,4.7.2
2025-05-12T14:23:06.950000Z,cap-session-0240,cap-app-0240,application_completed,web,desktop,direct,,,4.7.2
2025-05-13T09:00:00Z,cap-session-0241,cap-app-0241,application_started,mobile,ios,partner,,,4.7.2
2025-05-13T09:00:01.200000Z,cap-session-0241,cap-app-0241,identity_verification_started,mobile,ios,partner,cap-req-0241,cap-corr-0241,4.7.2
2025-05-13T09:00:02.185000Z,cap-session-0241,cap-app-0241,identity_verification_completed,mobile,ios,partner,cap-req-0241,cap-corr-0241,4.7.2
2025-05-13T09:00:04.785000Z,cap-session-0241,cap-app-0241,application_submitted,mobile,ios,partner,,,4.7.2
2025-05-13T09:00:06.985000Z,cap-session-0241,cap-app-0241,application_completed,mobile,ios,partner,,,4.7.2
2025-05-13T09:17:00Z,cap-session-0242,cap-app-0242,application_started,mobile,android,partner,,,4.7.2
2025-05-13T09:17:01.200000Z,cap-session-0242,cap-app-0242,identity_verification_started,mobile,android,partner,cap-req-0242,cap-corr-0242,4.7.2
2025-05-13T09:17:02.220000Z,cap-session-0242,cap-app-0242,identity_verification_completed,mobile,android,partner,cap-req-0242,cap-corr-0242,4.7.2
2025-05-13T09:17:04.820000Z,cap-session-0242,cap-app-0242,application_submitted,mobile,android,partner,,,4.7.2
2025-05-13T09:17:07.020000Z,cap-session-0242,cap-app-0242,application_completed,mobile,android,partner,,,4.7.2
2025-05-13T09:34:00Z,cap-session-0243,cap-app-0243,application_started,mobile,ios,partner,,,4.7.2
2025-05-13T09:34:01.200000Z,cap-session-0243,cap-app-0243,identity_verification_started,mobile,ios,partner,cap-req-0243,cap-corr-0243,4.7.2
2025-05-13T09:34:02.255000Z,cap-session-0243,cap-app-0243,identity_verification_completed,mobile,ios,partner,cap-req-0243,cap-corr-0243,4.7.2
2025-05-13T09:34:04.855000Z,cap-session-0243,cap-app-0243,application_submitted,mobile,ios,partner,,,4.7.2
2025-05-13T09:34:07.055000Z,cap-session-0243,cap-app-0243,application_completed,mobile,ios,partner,,,4.7.2
2025-05-13T09:51:00Z,cap-session-0244,cap-app-0244,application_started,mobile,android,direct,,,4.7.2
2025-05-13T09:51:01.200000Z,cap-session-0244,cap-app-0244,identity_verification_started,mobile,android,direct,cap-req-0244,cap-corr-0244,4.7.2
2025-05-13T09:51:02.290000Z,cap-session-0244,cap-app-0244,identity_verification_completed,mobile,android,direct,cap-req-0244,cap-corr-0244,4.7.2
2025-05-13T09:51:04.890000Z,cap-session-0244,cap-app-0244,application_submitted,mobile,android,direct,,,4.7.2
2025-05-13T09:51:07.090000Z,cap-session-0244,cap-app-0244,application_completed,mobile,android,direct,,,4.7.2
2025-05-13T10:08:00Z,cap-session-0245,cap-app-0245,application_started,mobile,ios,email,,,4.7.2
2025-05-13T10:08:01.200000Z,cap-session-0245,cap-app-0245,identity_verification_started,mobile,ios,email,cap-req-0245,cap-corr-0245,4.7.2
2025-05-13T10:08:02.080000Z,cap-session-0245,cap-app-0245,identity_verification_completed,mobile,ios,email,cap-req-0245,cap-corr-0245,4.7.2
2025-05-13T10:08:04.680000Z,cap-session-0245,cap-app-0245,application_submitted,mobile,ios,email,,,4.7.2
2025-05-13T10:08:06.880000Z,cap-session-0245,cap-app-0245,application_completed,mobile,ios,email,,,4.7.2
2025-05-13T10:25:00Z,cap-session-0246,cap-app-0246,application_started,mobile,android,direct,,,4.7.2
2025-05-13T10:25:01.200000Z,cap-session-0246,cap-app-0246,identity_verification_started,mobile,android,direct,cap-req-0246,cap-corr-0246,4.7.2
2025-05-13T10:25:02.115000Z,cap-session-0246,cap-app-0246,identity_verification_completed,mobile,android,direct,cap-req-0246,cap-corr-0246,4.7.2
2025-05-13T10:25:04.715000Z,cap-session-0246,cap-app-0246,application_submitted,mobile,android,direct,,,4.7.2
2025-05-13T10:25:06.915000Z,cap-session-0246,cap-app-0246,application_completed,mobile,android,direct,,,4.7.2
2025-05-13T10:42:00Z,cap-session-0247,cap-app-0247,application_started,mobile,ios,direct,,,4.7.2
2025-05-13T10:42:01.200000Z,cap-session-0247,cap-app-0247,identity_verification_started,mobile,ios,direct,cap-req-0247,cap-corr-0247,4.7.2
2025-05-13T10:59:00Z,cap-session-0248,cap-app-0248,application_started,mobile,android,direct,,,4.7.2
2025-05-13T10:59:01.200000Z,cap-session-0248,cap-app-0248,identity_verification_started,mobile,android,direct,cap-req-0248,cap-corr-0248,4.7.2
2025-05-13T10:59:02.185000Z,cap-session-0248,cap-app-0248,identity_verification_completed,mobile,android,direct,cap-req-0248,cap-corr-0248,4.7.2
2025-05-13T10:59:04.785000Z,cap-session-0248,cap-app-0248,application_submitted,mobile,android,direct,,,4.7.2
2025-05-13T10:59:06.985000Z,cap-session-0248,cap-app-0248,application_completed,mobile,android,direct,,,4.7.2
2025-05-13T11:16:00Z,cap-session-0249,cap-app-0249,application_started,mobile,ios,email,,,4.7.2
2025-05-13T11:16:01.200000Z,cap-session-0249,cap-app-0249,identity_verification_started,mobile,ios,email,cap-req-0249,cap-corr-0249,4.7.2
2025-05-13T11:16:02.220000Z,cap-session-0249,cap-app-0249,identity_verification_completed,mobile,ios,email,cap-req-0249,cap-corr-0249,4.7.2
2025-05-13T11:16:04.820000Z,cap-session-0249,cap-app-0249,application_submitted,mobile,ios,email,,,4.7.2
2025-05-13T11:16:07.020000Z,cap-session-0249,cap-app-0249,application_completed,mobile,ios,email,,,4.7.2
2025-05-13T11:33:00Z,cap-session-0250,cap-app-0250,application_started,mobile,android,direct,,,4.7.2
2025-05-13T11:33:01.200000Z,cap-session-0250,cap-app-0250,identity_verification_started,mobile,android,direct,cap-req-0250,cap-corr-0250,4.7.2
2025-05-13T11:33:02.255000Z,cap-session-0250,cap-app-0250,identity_verification_completed,mobile,android,direct,cap-req-0250,cap-corr-0250,4.7.2
2025-05-13T11:33:04.855000Z,cap-session-0250,cap-app-0250,application_submitted,mobile,android,direct,,,4.7.2
2025-05-13T11:33:07.055000Z,cap-session-0250,cap-app-0250,application_completed,mobile,android,direct,,,4.7.2
2025-05-13T11:50:00Z,cap-session-0251,cap-app-0251,application_started,web,desktop,direct,,,4.7.2
2025-05-13T11:50:01.200000Z,cap-session-0251,cap-app-0251,identity_verification_started,web,desktop,direct,cap-req-0251,cap-corr-0251,4.7.2
2025-05-13T11:50:02.290000Z,cap-session-0251,cap-app-0251,identity_verification_completed,web,desktop,direct,cap-req-0251,cap-corr-0251,4.7.2
2025-05-13T11:50:04.890000Z,cap-session-0251,cap-app-0251,application_submitted,web,desktop,direct,,,4.7.2
2025-05-13T11:50:07.090000Z,cap-session-0251,cap-app-0251,application_completed,web,desktop,direct,,,4.7.2
2025-05-13T12:07:00Z,cap-session-0252,cap-app-0252,application_started,web,desktop,direct,,,4.7.2
2025-05-13T12:07:01.200000Z,cap-session-0252,cap-app-0252,identity_verification_started,web,desktop,direct,cap-req-0252,cap-corr-0252,4.7.2
2025-05-13T12:07:02.080000Z,cap-session-0252,cap-app-0252,identity_verification_completed,web,desktop,direct,cap-req-0252,cap-corr-0252,4.7.2
2025-05-13T12:07:04.680000Z,cap-session-0252,cap-app-0252,application_submitted,web,desktop,direct,,,4.7.2
2025-05-13T12:07:06.880000Z,cap-session-0252,cap-app-0252,application_completed,web,desktop,direct,,,4.7.2
2025-05-13T12:24:00Z,cap-session-0253,cap-app-0253,application_started,web,desktop,email,,,4.7.2
2025-05-13T12:24:01.200000Z,cap-session-0253,cap-app-0253,identity_verification_started,web,desktop,email,cap-req-0253,cap-corr-0253,4.7.2
2025-05-13T12:24:02.115000Z,cap-session-0253,cap-app-0253,identity_verification_completed,web,desktop,email,cap-req-0253,cap-corr-0253,4.7.2
2025-05-13T12:24:04.715000Z,cap-session-0253,cap-app-0253,application_submitted,web,desktop,email,,,4.7.2
2025-05-13T12:41:00Z,cap-session-0254,cap-app-0254,application_started,web,desktop,direct,,,4.7.2
2025-05-13T12:41:01.200000Z,cap-session-0254,cap-app-0254,identity_verification_started,web,desktop,direct,cap-req-0254,cap-corr-0254,4.7.2
2025-05-13T12:41:02.150000Z,cap-session-0254,cap-app-0254,identity_verification_completed,web,desktop,direct,cap-req-0254,cap-corr-0254,4.7.2
2025-05-13T12:41:04.750000Z,cap-session-0254,cap-app-0254,application_submitted,web,desktop,direct,,,4.7.2
2025-05-13T12:41:06.950000Z,cap-session-0254,cap-app-0254,application_completed,web,desktop,direct,,,4.7.2
2025-05-13T12:58:00Z,cap-session-0255,cap-app-0255,application_started,web,desktop,direct,,,4.7.2
2025-05-13T12:58:01.200000Z,cap-session-0255,cap-app-0255,identity_verification_started,web,desktop,direct,cap-req-0255,cap-corr-0255,4.7.2
2025-05-13T12:58:02.185000Z,cap-session-0255,cap-app-0255,identity_verification_completed,web,desktop,direct,cap-req-0255,cap-corr-0255,4.7.2
2025-05-13T12:58:04.785000Z,cap-session-0255,cap-app-0255,application_submitted,web,desktop,direct,,,4.7.2
2025-05-13T12:58:06.985000Z,cap-session-0255,cap-app-0255,application_completed,web,desktop,direct,,,4.7.2
2025-05-13T13:15:00Z,cap-session-0256,cap-app-0256,application_started,web,desktop,direct,,,4.7.2
2025-05-13T13:15:01.200000Z,cap-session-0256,cap-app-0256,identity_verification_started,web,desktop,direct,cap-req-0256,cap-corr-0256,4.7.2
2025-05-13T13:15:02.220000Z,cap-session-0256,cap-app-0256,identity_verification_completed,web,desktop,direct,cap-req-0256,cap-corr-0256,4.7.2
2025-05-13T13:15:04.820000Z,cap-session-0256,cap-app-0256,application_submitted,web,desktop,direct,,,4.7.2
2025-05-13T13:15:07.020000Z,cap-session-0256,cap-app-0256,application_completed,web,desktop,direct,,,4.7.2
2025-05-13T13:32:00Z,cap-session-0257,cap-app-0257,application_started,web,desktop,email,,,4.7.2
2025-05-13T13:32:01.200000Z,cap-session-0257,cap-app-0257,identity_verification_started,web,desktop,email,cap-req-0257,cap-corr-0257,4.7.2
2025-05-13T13:32:02.255000Z,cap-session-0257,cap-app-0257,identity_verification_completed,web,desktop,email,cap-req-0257,cap-corr-0257,4.7.2
2025-05-13T13:32:04.855000Z,cap-session-0257,cap-app-0257,application_submitted,web,desktop,email,,,4.7.2
2025-05-13T13:32:07.055000Z,cap-session-0257,cap-app-0257,application_completed,web,desktop,email,,,4.7.2
2025-05-13T13:49:00Z,cap-session-0258,cap-app-0258,application_started,web,desktop,direct,,,4.7.2
2025-05-13T13:49:01.200000Z,cap-session-0258,cap-app-0258,identity_verification_started,web,desktop,direct,cap-req-0258,cap-corr-0258,4.7.2
2025-05-13T13:49:02.290000Z,cap-session-0258,cap-app-0258,identity_verification_completed,web,desktop,direct,cap-req-0258,cap-corr-0258,4.7.2
2025-05-13T13:49:04.890000Z,cap-session-0258,cap-app-0258,application_submitted,web,desktop,direct,,,4.7.2
2025-05-13T13:49:07.090000Z,cap-session-0258,cap-app-0258,application_completed,web,desktop,direct,,,4.7.2
2025-05-13T14:06:00Z,cap-session-0259,cap-app-0259,application_started,web,desktop,direct,,,4.7.2
2025-05-13T14:06:01.200000Z,cap-session-0259,cap-app-0259,identity_verification_started,web,desktop,direct,cap-req-0259,cap-corr-0259,4.7.2
2025-05-13T14:06:02.080000Z,cap-session-0259,cap-app-0259,identity_verification_completed,web,desktop,direct,cap-req-0259,cap-corr-0259,4.7.2
2025-05-13T14:06:04.680000Z,cap-session-0259,cap-app-0259,application_submitted,web,desktop,direct,,,4.7.2
2025-05-13T14:06:06.880000Z,cap-session-0259,cap-app-0259,application_completed,web,desktop,direct,,,4.7.2
2025-05-13T14:23:00Z,cap-session-0260,cap-app-0260,application_started,web,desktop,direct,,,4.7.2
2025-05-13T14:23:01.200000Z,cap-session-0260,cap-app-0260,identity_verification_started,web,desktop,direct,cap-req-0260,cap-corr-0260,4.7.2
2025-05-13T14:23:02.115000Z,cap-session-0260,cap-app-0260,identity_verification_completed,web,desktop,direct,cap-req-0260,cap-corr-0260,4.7.2
2025-05-13T14:23:04.715000Z,cap-session-0260,cap-app-0260,application_submitted,web,desktop,direct,,,4.7.2
2025-05-13T14:23:06.915000Z,cap-session-0260,cap-app-0260,application_completed,web,desktop,direct,,,4.7.2
2025-05-14T09:00:00Z,cap-session-0261,cap-app-0261,application_started,mobile,ios,partner,,,4.7.2
2025-05-14T09:00:01.200000Z,cap-session-0261,cap-app-0261,identity_verification_started,mobile,ios,partner,cap-req-0261,cap-corr-0261,4.7.2
2025-05-14T09:00:02.150000Z,cap-session-0261,cap-app-0261,identity_verification_completed,mobile,ios,partner,cap-req-0261,cap-corr-0261,4.7.2
2025-05-14T09:00:04.750000Z,cap-session-0261,cap-app-0261,application_submitted,mobile,ios,partner,,,4.7.2
2025-05-14T09:00:06.950000Z,cap-session-0261,cap-app-0261,application_completed,mobile,ios,partner,,,4.7.2
2025-05-14T09:17:00Z,cap-session-0262,cap-app-0262,application_started,mobile,android,partner,,,4.7.2
2025-05-14T09:17:01.200000Z,cap-session-0262,cap-app-0262,identity_verification_started,mobile,android,partner,cap-req-0262,cap-corr-0262,4.7.2
2025-05-14T09:17:02.185000Z,cap-session-0262,cap-app-0262,identity_verification_completed,mobile,android,partner,cap-req-0262,cap-corr-0262,4.7.2
2025-05-14T09:17:04.785000Z,cap-session-0262,cap-app-0262,application_submitted,mobile,android,partner,,,4.7.2
2025-05-14T09:17:06.985000Z,cap-session-0262,cap-app-0262,application_completed,mobile,android,partner,,,4.7.2
2025-05-14T09:34:00Z,cap-session-0263,cap-app-0263,application_started,mobile,ios,partner,,,4.7.2
2025-05-14T09:34:01.200000Z,cap-session-0263,cap-app-0263,identity_verification_started,mobile,ios,partner,cap-req-0263,cap-corr-0263,4.7.2
2025-05-14T09:34:02.220000Z,cap-session-0263,cap-app-0263,identity_verification_completed,mobile,ios,partner,cap-req-0263,cap-corr-0263,4.7.2
2025-05-14T09:34:04.820000Z,cap-session-0263,cap-app-0263,application_submitted,mobile,ios,partner,,,4.7.2
2025-05-14T09:34:07.020000Z,cap-session-0263,cap-app-0263,application_completed,mobile,ios,partner,,,4.7.2
2025-05-14T09:51:00Z,cap-session-0264,cap-app-0264,application_started,mobile,android,direct,,,4.7.2
2025-05-14T09:51:01.200000Z,cap-session-0264,cap-app-0264,identity_verification_started,mobile,android,direct,cap-req-0264,cap-corr-0264,4.7.2
2025-05-14T09:51:02.255000Z,cap-session-0264,cap-app-0264,identity_verification_completed,mobile,android,direct,cap-req-0264,cap-corr-0264,4.7.2
2025-05-14T09:51:04.855000Z,cap-session-0264,cap-app-0264,application_submitted,mobile,android,direct,,,4.7.2
2025-05-14T09:51:07.055000Z,cap-session-0264,cap-app-0264,application_completed,mobile,android,direct,,,4.7.2
2025-05-14T10:08:00Z,cap-session-0265,cap-app-0265,application_started,mobile,ios,email,,,4.7.2
2025-05-14T10:08:01.200000Z,cap-session-0265,cap-app-0265,identity_verification_started,mobile,ios,email,cap-req-0265,cap-corr-0265,4.7.2
2025-05-14T10:08:02.290000Z,cap-session-0265,cap-app-0265,identity_verification_completed,mobile,ios,email,cap-req-0265,cap-corr-0265,4.7.2
2025-05-14T10:08:04.890000Z,cap-session-0265,cap-app-0265,application_submitted,mobile,ios,email,,,4.7.2
2025-05-14T10:08:07.090000Z,cap-session-0265,cap-app-0265,application_completed,mobile,ios,email,,,4.7.2
2025-05-14T10:25:00Z,cap-session-0266,cap-app-0266,application_started,mobile,android,direct,,,4.7.2
2025-05-14T10:25:01.200000Z,cap-session-0266,cap-app-0266,identity_verification_started,mobile,android,direct,cap-req-0266,cap-corr-0266,4.7.2
2025-05-14T10:42:00Z,cap-session-0267,cap-app-0267,application_started,mobile,ios,direct,,,4.7.2
2025-05-14T10:42:01.200000Z,cap-session-0267,cap-app-0267,identity_verification_started,mobile,ios,direct,cap-req-0267,cap-corr-0267,4.7.2
2025-05-14T10:42:02.115000Z,cap-session-0267,cap-app-0267,identity_verification_completed,mobile,ios,direct,cap-req-0267,cap-corr-0267,4.7.2
2025-05-14T10:42:04.715000Z,cap-session-0267,cap-app-0267,application_submitted,mobile,ios,direct,,,4.7.2
2025-05-14T10:42:06.915000Z,cap-session-0267,cap-app-0267,application_completed,mobile,ios,direct,,,4.7.2
2025-05-14T10:59:00Z,cap-session-0268,cap-app-0268,application_started,mobile,android,direct,,,4.7.2
2025-05-14T10:59:01.200000Z,cap-session-0268,cap-app-0268,identity_verification_started,mobile,android,direct,cap-req-0268,cap-corr-0268,4.7.2
2025-05-14T10:59:02.150000Z,cap-session-0268,cap-app-0268,identity_verification_completed,mobile,android,direct,cap-req-0268,cap-corr-0268,4.7.2
2025-05-14T10:59:04.750000Z,cap-session-0268,cap-app-0268,application_submitted,mobile,android,direct,,,4.7.2
2025-05-14T10:59:06.950000Z,cap-session-0268,cap-app-0268,application_completed,mobile,android,direct,,,4.7.2
2025-05-14T11:16:00Z,cap-session-0269,cap-app-0269,application_started,mobile,ios,email,,,4.7.2
2025-05-14T11:16:01.200000Z,cap-session-0269,cap-app-0269,identity_verification_started,mobile,ios,email,cap-req-0269,cap-corr-0269,4.7.2
2025-05-14T11:16:02.185000Z,cap-session-0269,cap-app-0269,identity_verification_completed,mobile,ios,email,cap-req-0269,cap-corr-0269,4.7.2
2025-05-14T11:16:04.785000Z,cap-session-0269,cap-app-0269,application_submitted,mobile,ios,email,,,4.7.2
2025-05-14T11:16:06.985000Z,cap-session-0269,cap-app-0269,application_completed,mobile,ios,email,,,4.7.2
2025-05-14T11:33:00Z,cap-session-0270,cap-app-0270,application_started,mobile,android,direct,,,4.7.2
2025-05-14T11:33:01.200000Z,cap-session-0270,cap-app-0270,identity_verification_started,mobile,android,direct,cap-req-0270,cap-corr-0270,4.7.2
2025-05-14T11:33:02.220000Z,cap-session-0270,cap-app-0270,identity_verification_completed,mobile,android,direct,cap-req-0270,cap-corr-0270,4.7.2
2025-05-14T11:33:04.820000Z,cap-session-0270,cap-app-0270,application_submitted,mobile,android,direct,,,4.7.2
2025-05-14T11:33:07.020000Z,cap-session-0270,cap-app-0270,application_completed,mobile,android,direct,,,4.7.2
2025-05-14T11:50:00Z,cap-session-0271,cap-app-0271,application_started,web,desktop,direct,,,4.7.2
2025-05-14T11:50:01.200000Z,cap-session-0271,cap-app-0271,identity_verification_started,web,desktop,direct,cap-req-0271,cap-corr-0271,4.7.2
2025-05-14T11:50:02.255000Z,cap-session-0271,cap-app-0271,identity_verification_completed,web,desktop,direct,cap-req-0271,cap-corr-0271,4.7.2
2025-05-14T11:50:04.855000Z,cap-session-0271,cap-app-0271,application_submitted,web,desktop,direct,,,4.7.2
2025-05-14T11:50:07.055000Z,cap-session-0271,cap-app-0271,application_completed,web,desktop,direct,,,4.7.2
2025-05-14T12:07:00Z,cap-session-0272,cap-app-0272,application_started,web,desktop,direct,,,4.7.2
2025-05-14T12:07:01.200000Z,cap-session-0272,cap-app-0272,identity_verification_started,web,desktop,direct,cap-req-0272,cap-corr-0272,4.7.2
2025-05-14T12:07:02.290000Z,cap-session-0272,cap-app-0272,identity_verification_completed,web,desktop,direct,cap-req-0272,cap-corr-0272,4.7.2
2025-05-14T12:07:04.890000Z,cap-session-0272,cap-app-0272,application_submitted,web,desktop,direct,,,4.7.2
2025-05-14T12:07:07.090000Z,cap-session-0272,cap-app-0272,application_completed,web,desktop,direct,,,4.7.2
2025-05-14T12:24:00Z,cap-session-0273,cap-app-0273,application_started,web,desktop,email,,,4.7.2
2025-05-14T12:24:01.200000Z,cap-session-0273,cap-app-0273,identity_verification_started,web,desktop,email,cap-req-0273,cap-corr-0273,4.7.2
2025-05-14T12:24:02.080000Z,cap-session-0273,cap-app-0273,identity_verification_completed,web,desktop,email,cap-req-0273,cap-corr-0273,4.7.2
2025-05-14T12:24:04.680000Z,cap-session-0273,cap-app-0273,application_submitted,web,desktop,email,,,4.7.2
2025-05-14T12:24:06.880000Z,cap-session-0273,cap-app-0273,application_completed,web,desktop,email,,,4.7.2
2025-05-14T12:41:00Z,cap-session-0274,cap-app-0274,application_started,web,desktop,direct,,,4.7.2
2025-05-14T12:41:01.200000Z,cap-session-0274,cap-app-0274,identity_verification_started,web,desktop,direct,cap-req-0274,cap-corr-0274,4.7.2
2025-05-14T12:41:02.115000Z,cap-session-0274,cap-app-0274,identity_verification_completed,web,desktop,direct,cap-req-0274,cap-corr-0274,4.7.2
2025-05-14T12:41:04.715000Z,cap-session-0274,cap-app-0274,application_submitted,web,desktop,direct,,,4.7.2
2025-05-14T12:41:06.915000Z,cap-session-0274,cap-app-0274,application_completed,web,desktop,direct,,,4.7.2
2025-05-14T12:58:00Z,cap-session-0275,cap-app-0275,application_started,web,desktop,direct,,,4.7.2
2025-05-14T12:58:01.200000Z,cap-session-0275,cap-app-0275,identity_verification_started,web,desktop,direct,cap-req-0275,cap-corr-0275,4.7.2
2025-05-14T12:58:02.150000Z,cap-session-0275,cap-app-0275,identity_verification_completed,web,desktop,direct,cap-req-0275,cap-corr-0275,4.7.2
2025-05-14T12:58:04.750000Z,cap-session-0275,cap-app-0275,application_submitted,web,desktop,direct,,,4.7.2
2025-05-14T12:58:06.950000Z,cap-session-0275,cap-app-0275,application_completed,web,desktop,direct,,,4.7.2
2025-05-14T13:15:00Z,cap-session-0276,cap-app-0276,application_started,web,desktop,direct,,,4.7.2
2025-05-14T13:15:01.200000Z,cap-session-0276,cap-app-0276,identity_verification_started,web,desktop,direct,cap-req-0276,cap-corr-0276,4.7.2
2025-05-14T13:15:02.185000Z,cap-session-0276,cap-app-0276,identity_verification_completed,web,desktop,direct,cap-req-0276,cap-corr-0276,4.7.2
2025-05-14T13:15:04.785000Z,cap-session-0276,cap-app-0276,application_submitted,web,desktop,direct,,,4.7.2
2025-05-14T13:32:00Z,cap-session-0277,cap-app-0277,application_started,web,desktop,email,,,4.7.2
2025-05-14T13:32:01.200000Z,cap-session-0277,cap-app-0277,identity_verification_started,web,desktop,email,cap-req-0277,cap-corr-0277,4.7.2
2025-05-14T13:32:02.220000Z,cap-session-0277,cap-app-0277,identity_verification_completed,web,desktop,email,cap-req-0277,cap-corr-0277,4.7.2
2025-05-14T13:32:04.820000Z,cap-session-0277,cap-app-0277,application_submitted,web,desktop,email,,,4.7.2
2025-05-14T13:32:07.020000Z,cap-session-0277,cap-app-0277,application_completed,web,desktop,email,,,4.7.2
2025-05-14T13:49:00Z,cap-session-0278,cap-app-0278,application_started,web,desktop,direct,,,4.7.2
2025-05-14T13:49:01.200000Z,cap-session-0278,cap-app-0278,identity_verification_started,web,desktop,direct,cap-req-0278,cap-corr-0278,4.7.2
2025-05-14T13:49:02.255000Z,cap-session-0278,cap-app-0278,identity_verification_completed,web,desktop,direct,cap-req-0278,cap-corr-0278,4.7.2
2025-05-14T13:49:04.855000Z,cap-session-0278,cap-app-0278,application_submitted,web,desktop,direct,,,4.7.2
2025-05-14T13:49:07.055000Z,cap-session-0278,cap-app-0278,application_completed,web,desktop,direct,,,4.7.2
2025-05-14T14:06:00Z,cap-session-0279,cap-app-0279,application_started,web,desktop,direct,,,4.7.2
2025-05-14T14:06:01.200000Z,cap-session-0279,cap-app-0279,identity_verification_started,web,desktop,direct,cap-req-0279,cap-corr-0279,4.7.2
2025-05-14T14:06:02.290000Z,cap-session-0279,cap-app-0279,identity_verification_completed,web,desktop,direct,cap-req-0279,cap-corr-0279,4.7.2
2025-05-14T14:06:04.890000Z,cap-session-0279,cap-app-0279,application_submitted,web,desktop,direct,,,4.7.2
2025-05-14T14:06:07.090000Z,cap-session-0279,cap-app-0279,application_completed,web,desktop,direct,,,4.7.2
2025-05-14T14:23:00Z,cap-session-0280,cap-app-0280,application_started,web,desktop,direct,,,4.7.2
2025-05-14T14:23:01.200000Z,cap-session-0280,cap-app-0280,identity_verification_started,web,desktop,direct,cap-req-0280,cap-corr-0280,4.7.2
2025-05-14T14:23:02.080000Z,cap-session-0280,cap-app-0280,identity_verification_completed,web,desktop,direct,cap-req-0280,cap-corr-0280,4.7.2
2025-05-14T14:23:04.680000Z,cap-session-0280,cap-app-0280,application_submitted,web,desktop,direct,,,4.7.2
2025-05-14T14:23:06.880000Z,cap-session-0280,cap-app-0280,application_completed,web,desktop,direct,,,4.7.2
2025-05-15T09:00:00Z,cap-session-0281,cap-app-0281,application_started,mobile,ios,partner,,,4.8.0
2025-05-15T09:00:01.200000Z,cap-session-0281,cap-app-0281,identity_verification_started,mobile,ios,partner,cap-req-0281,cap-corr-0281,4.8.0
2025-05-15T09:00:02.115000Z,cap-session-0281,cap-app-0281,identity_verification_completed,mobile,ios,partner,cap-req-0281,cap-corr-0281,4.8.0
2025-05-15T09:00:04.715000Z,cap-session-0281,cap-app-0281,application_submitted,mobile,ios,partner,,,4.8.0
2025-05-15T09:00:06.915000Z,cap-session-0281,cap-app-0281,application_completed,mobile,ios,partner,,,4.8.0
2025-05-15T09:17:00Z,cap-session-0282,cap-app-0282,application_started,mobile,android,partner,,,4.8.0
2025-05-15T09:17:01.200000Z,cap-session-0282,cap-app-0282,identity_verification_started,mobile,android,partner,cap-req-0282,cap-corr-0282,4.8.0
2025-05-15T09:17:02.150000Z,cap-session-0282,cap-app-0282,identity_verification_completed,mobile,android,partner,cap-req-0282,cap-corr-0282,4.8.0
2025-05-15T09:17:04.750000Z,cap-session-0282,cap-app-0282,application_submitted,mobile,android,partner,,,4.8.0
2025-05-15T09:17:06.950000Z,cap-session-0282,cap-app-0282,application_completed,mobile,android,partner,,,4.8.0
2025-05-15T09:34:00Z,cap-session-0283,cap-app-0283,application_started,mobile,ios,partner,,,4.8.0
2025-05-15T09:34:01.200000Z,cap-session-0283,cap-app-0283,identity_verification_started,mobile,ios,partner,cap-req-0283,cap-corr-0283,4.8.0
2025-05-15T09:51:00Z,cap-session-0284,cap-app-0284,application_started,mobile,android,partner,,,4.8.0
2025-05-15T09:51:01.200000Z,cap-session-0284,cap-app-0284,identity_verification_started,mobile,android,partner,cap-req-0284,cap-corr-0284,4.8.0
2025-05-15T09:51:05.120000Z,cap-session-0284,cap-app-0284,identity_verification_completed,mobile,android,partner,cap-req-0284,cap-corr-0284,4.8.0
2025-05-15T09:51:07.720000Z,cap-session-0284,cap-app-0284,application_submitted,mobile,android,partner,,,4.8.0
2025-05-15T09:51:09.920000Z,cap-session-0284,cap-app-0284,application_completed,mobile,android,partner,,,4.8.0
2025-05-15T10:08:00Z,cap-session-0285,cap-app-0285,application_started,mobile,ios,partner,,,4.8.0
2025-05-15T10:08:01.200000Z,cap-session-0285,cap-app-0285,identity_verification_started,mobile,ios,partner,cap-req-0285,cap-corr-0285,4.8.0
2025-05-15T10:25:00Z,cap-session-0286,cap-app-0286,application_started,mobile,android,partner,,,4.8.0
2025-05-15T10:25:01.200000Z,cap-session-0286,cap-app-0286,identity_verification_started,mobile,android,partner,cap-req-0286,cap-corr-0286,4.8.0
2025-05-15T10:25:02.290000Z,cap-session-0286,cap-app-0286,identity_verification_completed,mobile,android,partner,cap-req-0286,cap-corr-0286,4.8.0
2025-05-15T10:25:04.890000Z,cap-session-0286,cap-app-0286,application_submitted,mobile,android,partner,,,4.8.0
2025-05-15T10:25:07.090000Z,cap-session-0286,cap-app-0286,application_completed,mobile,android,partner,,,4.8.0
2025-05-15T10:42:00Z,cap-session-0287,cap-app-0287,application_started,mobile,ios,direct,,,4.8.0
2025-05-15T10:42:01.200000Z,cap-session-0287,cap-app-0287,identity_verification_started,mobile,ios,direct,cap-req-0287,cap-corr-0287,4.8.0
2025-05-15T10:42:02.080000Z,cap-session-0287,cap-app-0287,identity_verification_completed,mobile,ios,direct,cap-req-0287,cap-corr-0287,4.8.0
2025-05-15T10:42:04.680000Z,cap-session-0287,cap-app-0287,application_submitted,mobile,ios,direct,,,4.8.0
2025-05-15T10:42:06.880000Z,cap-session-0287,cap-app-0287,application_completed,mobile,ios,direct,,,4.8.0
2025-05-15T10:59:00Z,cap-session-0288,cap-app-0288,application_started,mobile,android,direct,,,4.8.0
2025-05-15T10:59:01.200000Z,cap-session-0288,cap-app-0288,identity_verification_started,mobile,android,direct,cap-req-0288,cap-corr-0288,4.8.0
2025-05-15T11:16:00Z,cap-session-0289,cap-app-0289,application_started,mobile,ios,email,,,4.8.0
2025-05-15T11:16:01.200000Z,cap-session-0289,cap-app-0289,identity_verification_started,mobile,ios,email,cap-req-0289,cap-corr-0289,4.8.0
2025-05-15T11:16:04.880000Z,cap-session-0289,cap-app-0289,identity_verification_completed,mobile,ios,email,cap-req-0289,cap-corr-0289,4.8.0
2025-05-15T11:16:07.480000Z,cap-session-0289,cap-app-0289,application_submitted,mobile,ios,email,,,4.8.0
2025-05-15T11:16:09.680000Z,cap-session-0289,cap-app-0289,application_completed,mobile,ios,email,,,4.8.0
2025-05-15T11:33:00Z,cap-session-0290,cap-app-0290,application_started,mobile,android,direct,,,4.8.0
2025-05-15T11:33:01.200000Z,cap-session-0290,cap-app-0290,identity_verification_started,mobile,android,direct,cap-req-0290,cap-corr-0290,4.8.0
2025-05-15T11:33:02.185000Z,cap-session-0290,cap-app-0290,identity_verification_completed,mobile,android,direct,cap-req-0290,cap-corr-0290,4.8.0
2025-05-15T11:33:04.785000Z,cap-session-0290,cap-app-0290,application_submitted,mobile,android,direct,,,4.8.0
2025-05-15T11:33:06.985000Z,cap-session-0290,cap-app-0290,application_completed,mobile,android,direct,,,4.8.0
2025-05-15T11:50:00Z,cap-session-0291,cap-app-0291,application_started,mobile,ios,direct,,,4.8.0
2025-05-15T11:50:01.200000Z,cap-session-0291,cap-app-0291,identity_verification_started,mobile,ios,direct,cap-req-0291,cap-corr-0291,4.8.0
2025-05-15T11:50:02.220000Z,cap-session-0291,cap-app-0291,identity_verification_completed,mobile,ios,direct,cap-req-0291,cap-corr-0291,4.8.0
2025-05-15T11:50:04.820000Z,cap-session-0291,cap-app-0291,application_submitted,mobile,ios,direct,,,4.8.0
2025-05-15T11:50:07.020000Z,cap-session-0291,cap-app-0291,application_completed,mobile,ios,direct,,,4.8.0
2025-05-15T12:07:00Z,cap-session-0292,cap-app-0292,application_started,mobile,android,direct,,,4.8.0
2025-05-15T12:07:01.200000Z,cap-session-0292,cap-app-0292,identity_verification_started,mobile,android,direct,cap-req-0292,cap-corr-0292,4.8.0
2025-05-15T12:07:02.255000Z,cap-session-0292,cap-app-0292,identity_verification_completed,mobile,android,direct,cap-req-0292,cap-corr-0292,4.8.0
2025-05-15T12:07:04.855000Z,cap-session-0292,cap-app-0292,application_submitted,mobile,android,direct,,,4.8.0
2025-05-15T12:07:07.055000Z,cap-session-0292,cap-app-0292,application_completed,mobile,android,direct,,,4.8.0
2025-05-15T12:24:00Z,cap-session-0293,cap-app-0293,application_started,web,desktop,email,,,4.8.0
2025-05-15T12:24:01.200000Z,cap-session-0293,cap-app-0293,identity_verification_started,web,desktop,email,cap-req-0293,cap-corr-0293,4.8.0
2025-05-15T12:24:02.290000Z,cap-session-0293,cap-app-0293,identity_verification_completed,web,desktop,email,cap-req-0293,cap-corr-0293,4.8.0
2025-05-15T12:24:04.890000Z,cap-session-0293,cap-app-0293,application_submitted,web,desktop,email,,,4.8.0
2025-05-15T12:24:07.090000Z,cap-session-0293,cap-app-0293,application_completed,web,desktop,email,,,4.8.0
2025-05-15T12:41:00Z,cap-session-0294,cap-app-0294,application_started,web,desktop,direct,,,4.8.0
2025-05-15T12:41:01.200000Z,cap-session-0294,cap-app-0294,identity_verification_started,web,desktop,direct,cap-req-0294,cap-corr-0294,4.8.0
2025-05-15T12:41:02.080000Z,cap-session-0294,cap-app-0294,identity_verification_completed,web,desktop,direct,cap-req-0294,cap-corr-0294,4.8.0
2025-05-15T12:41:04.680000Z,cap-session-0294,cap-app-0294,application_submitted,web,desktop,direct,,,4.8.0
2025-05-15T12:41:06.880000Z,cap-session-0294,cap-app-0294,application_completed,web,desktop,direct,,,4.8.0
2025-05-15T12:58:00Z,cap-session-0295,cap-app-0295,application_started,web,desktop,direct,,,4.8.0
2025-05-15T12:58:01.200000Z,cap-session-0295,cap-app-0295,identity_verification_started,web,desktop,direct,cap-req-0295,cap-corr-0295,4.8.0
2025-05-15T12:58:02.115000Z,cap-session-0295,cap-app-0295,identity_verification_completed,web,desktop,direct,cap-req-0295,cap-corr-0295,4.8.0
2025-05-15T12:58:04.715000Z,cap-session-0295,cap-app-0295,application_submitted,web,desktop,direct,,,4.8.0
2025-05-15T12:58:06.915000Z,cap-session-0295,cap-app-0295,application_completed,web,desktop,direct,,,4.8.0
2025-05-15T13:15:00Z,cap-session-0296,cap-app-0296,application_started,web,desktop,direct,,,4.8.0
2025-05-15T13:15:01.200000Z,cap-session-0296,cap-app-0296,identity_verification_started,web,desktop,direct,cap-req-0296,cap-corr-0296,4.8.0
2025-05-15T13:15:02.150000Z,cap-session-0296,cap-app-0296,identity_verification_completed,web,desktop,direct,cap-req-0296,cap-corr-0296,4.8.0
2025-05-15T13:15:04.750000Z,cap-session-0296,cap-app-0296,application_submitted,web,desktop,direct,,,4.8.0
2025-05-15T13:15:06.950000Z,cap-session-0296,cap-app-0296,application_completed,web,desktop,direct,,,4.8.0
2025-05-15T13:32:00Z,cap-session-0297,cap-app-0297,application_started,web,desktop,email,,,4.8.0
2025-05-15T13:32:01.200000Z,cap-session-0297,cap-app-0297,identity_verification_started,web,desktop,email,cap-req-0297,cap-corr-0297,4.8.0
2025-05-15T13:32:02.185000Z,cap-session-0297,cap-app-0297,identity_verification_completed,web,desktop,email,cap-req-0297,cap-corr-0297,4.8.0
2025-05-15T13:32:04.785000Z,cap-session-0297,cap-app-0297,application_submitted,web,desktop,email,,,4.8.0
2025-05-15T13:32:06.985000Z,cap-session-0297,cap-app-0297,application_completed,web,desktop,email,,,4.8.0
2025-05-15T13:49:00Z,cap-session-0298,cap-app-0298,application_started,web,desktop,direct,,,4.8.0
2025-05-15T13:49:01.200000Z,cap-session-0298,cap-app-0298,identity_verification_started,web,desktop,direct,cap-req-0298,cap-corr-0298,4.8.0
2025-05-15T13:49:02.220000Z,cap-session-0298,cap-app-0298,identity_verification_completed,web,desktop,direct,cap-req-0298,cap-corr-0298,4.8.0
2025-05-15T13:49:04.820000Z,cap-session-0298,cap-app-0298,application_submitted,web,desktop,direct,,,4.8.0
2025-05-15T13:49:07.020000Z,cap-session-0298,cap-app-0298,application_completed,web,desktop,direct,,,4.8.0
2025-05-15T14:06:00Z,cap-session-0299,cap-app-0299,application_started,web,desktop,direct,,,4.8.0
2025-05-15T14:06:01.200000Z,cap-session-0299,cap-app-0299,identity_verification_started,web,desktop,direct,cap-req-0299,cap-corr-0299,4.8.0
2025-05-15T14:06:02.255000Z,cap-session-0299,cap-app-0299,identity_verification_completed,web,desktop,direct,cap-req-0299,cap-corr-0299,4.8.0
2025-05-15T14:06:04.855000Z,cap-session-0299,cap-app-0299,application_submitted,web,desktop,direct,,,4.8.0
2025-05-15T14:23:00Z,cap-session-0300,cap-app-0300,application_started,web,desktop,direct,,,4.8.0
2025-05-15T14:23:01.200000Z,cap-session-0300,cap-app-0300,identity_verification_started,web,desktop,direct,cap-req-0300,cap-corr-0300,4.8.0
2025-05-15T14:23:02.290000Z,cap-session-0300,cap-app-0300,identity_verification_completed,web,desktop,direct,cap-req-0300,cap-corr-0300,4.8.0
2025-05-15T14:23:04.890000Z,cap-session-0300,cap-app-0300,application_submitted,web,desktop,direct,,,4.8.0
2025-05-15T14:23:07.090000Z,cap-session-0300,cap-app-0300,application_completed,web,desktop,direct,,,4.8.0
2025-05-16T09:00:00Z,cap-session-0301,cap-app-0301,application_started,mobile,ios,partner,,,4.8.0
2025-05-16T09:00:01.200000Z,cap-session-0301,cap-app-0301,identity_verification_started,mobile,ios,partner,cap-req-0301,cap-corr-0301,4.8.0
2025-05-16T09:00:02.080000Z,cap-session-0301,cap-app-0301,identity_verification_completed,mobile,ios,partner,cap-req-0301,cap-corr-0301,4.8.0
2025-05-16T09:00:04.680000Z,cap-session-0301,cap-app-0301,application_submitted,mobile,ios,partner,,,4.8.0
2025-05-16T09:00:06.880000Z,cap-session-0301,cap-app-0301,application_completed,mobile,ios,partner,,,4.8.0
2025-05-16T09:17:00Z,cap-session-0302,cap-app-0302,application_started,mobile,android,partner,,,4.8.0
2025-05-16T09:17:01.200000Z,cap-session-0302,cap-app-0302,identity_verification_started,mobile,android,partner,cap-req-0302,cap-corr-0302,4.8.0
2025-05-16T09:34:00Z,cap-session-0303,cap-app-0303,application_started,mobile,ios,partner,,,4.8.0
2025-05-16T09:34:01.200000Z,cap-session-0303,cap-app-0303,identity_verification_started,mobile,ios,partner,cap-req-0303,cap-corr-0303,4.8.0
2025-05-16T09:34:05.360000Z,cap-session-0303,cap-app-0303,identity_verification_completed,mobile,ios,partner,cap-req-0303,cap-corr-0303,4.8.0
2025-05-16T09:34:07.960000Z,cap-session-0303,cap-app-0303,application_submitted,mobile,ios,partner,,,4.8.0
2025-05-16T09:34:10.160000Z,cap-session-0303,cap-app-0303,application_completed,mobile,ios,partner,,,4.8.0
2025-05-16T09:51:00Z,cap-session-0304,cap-app-0304,application_started,mobile,android,partner,,,4.8.0
2025-05-16T09:51:01.200000Z,cap-session-0304,cap-app-0304,identity_verification_started,mobile,android,partner,cap-req-0304,cap-corr-0304,4.8.0
2025-05-16T10:08:00Z,cap-session-0305,cap-app-0305,application_started,mobile,ios,partner,,,4.8.0
2025-05-16T10:08:01.200000Z,cap-session-0305,cap-app-0305,identity_verification_started,mobile,ios,partner,cap-req-0305,cap-corr-0305,4.8.0
2025-05-16T10:25:00Z,cap-session-0306,cap-app-0306,application_started,mobile,android,partner,,,4.8.0
2025-05-16T10:25:01.200000Z,cap-session-0306,cap-app-0306,identity_verification_started,mobile,android,partner,cap-req-0306,cap-corr-0306,4.8.0
2025-05-16T10:25:02.255000Z,cap-session-0306,cap-app-0306,identity_verification_completed,mobile,android,partner,cap-req-0306,cap-corr-0306,4.8.0
2025-05-16T10:25:04.855000Z,cap-session-0306,cap-app-0306,application_submitted,mobile,android,partner,,,4.8.0
2025-05-16T10:25:07.055000Z,cap-session-0306,cap-app-0306,application_completed,mobile,android,partner,,,4.8.0
2025-05-16T10:42:00Z,cap-session-0307,cap-app-0307,application_started,mobile,ios,direct,,,4.8.0
2025-05-16T10:42:01.200000Z,cap-session-0307,cap-app-0307,identity_verification_started,mobile,ios,direct,cap-req-0307,cap-corr-0307,4.8.0
2025-05-16T10:59:00Z,cap-session-0308,cap-app-0308,application_started,mobile,android,direct,,,4.8.0
2025-05-16T10:59:01.200000Z,cap-session-0308,cap-app-0308,identity_verification_started,mobile,android,direct,cap-req-0308,cap-corr-0308,4.8.0
2025-05-16T10:59:05.120000Z,cap-session-0308,cap-app-0308,identity_verification_completed,mobile,android,direct,cap-req-0308,cap-corr-0308,4.8.0
2025-05-16T10:59:07.720000Z,cap-session-0308,cap-app-0308,application_submitted,mobile,android,direct,,,4.8.0
2025-05-16T10:59:09.920000Z,cap-session-0308,cap-app-0308,application_completed,mobile,android,direct,,,4.8.0
2025-05-16T11:16:00Z,cap-session-0309,cap-app-0309,application_started,mobile,ios,email,,,4.8.0
2025-05-16T11:16:01.200000Z,cap-session-0309,cap-app-0309,identity_verification_started,mobile,ios,email,cap-req-0309,cap-corr-0309,4.8.0
2025-05-16T11:16:02.115000Z,cap-session-0309,cap-app-0309,identity_verification_completed,mobile,ios,email,cap-req-0309,cap-corr-0309,4.8.0
2025-05-16T11:16:04.715000Z,cap-session-0309,cap-app-0309,application_submitted,mobile,ios,email,,,4.8.0
2025-05-16T11:16:06.915000Z,cap-session-0309,cap-app-0309,application_completed,mobile,ios,email,,,4.8.0
2025-05-16T11:33:00Z,cap-session-0310,cap-app-0310,application_started,mobile,android,direct,,,4.8.0
2025-05-16T11:33:01.200000Z,cap-session-0310,cap-app-0310,identity_verification_started,mobile,android,direct,cap-req-0310,cap-corr-0310,4.8.0
2025-05-16T11:33:02.150000Z,cap-session-0310,cap-app-0310,identity_verification_completed,mobile,android,direct,cap-req-0310,cap-corr-0310,4.8.0
2025-05-16T11:33:04.750000Z,cap-session-0310,cap-app-0310,application_submitted,mobile,android,direct,,,4.8.0
2025-05-16T11:33:06.950000Z,cap-session-0310,cap-app-0310,application_completed,mobile,android,direct,,,4.8.0
2025-05-16T11:50:00Z,cap-session-0311,cap-app-0311,application_started,mobile,ios,direct,,,4.8.0
2025-05-16T11:50:01.200000Z,cap-session-0311,cap-app-0311,identity_verification_started,mobile,ios,direct,cap-req-0311,cap-corr-0311,4.8.0
2025-05-16T11:50:02.185000Z,cap-session-0311,cap-app-0311,identity_verification_completed,mobile,ios,direct,cap-req-0311,cap-corr-0311,4.8.0
2025-05-16T11:50:04.785000Z,cap-session-0311,cap-app-0311,application_submitted,mobile,ios,direct,,,4.8.0
2025-05-16T11:50:06.985000Z,cap-session-0311,cap-app-0311,application_completed,mobile,ios,direct,,,4.8.0
2025-05-16T12:07:00Z,cap-session-0312,cap-app-0312,application_started,mobile,android,direct,,,4.8.0
2025-05-16T12:07:01.200000Z,cap-session-0312,cap-app-0312,identity_verification_started,mobile,android,direct,cap-req-0312,cap-corr-0312,4.8.0
2025-05-16T12:24:00Z,cap-session-0313,cap-app-0313,application_started,web,desktop,email,,,4.8.0
2025-05-16T12:24:01.200000Z,cap-session-0313,cap-app-0313,identity_verification_started,web,desktop,email,cap-req-0313,cap-corr-0313,4.8.0
2025-05-16T12:24:02.255000Z,cap-session-0313,cap-app-0313,identity_verification_completed,web,desktop,email,cap-req-0313,cap-corr-0313,4.8.0
2025-05-16T12:24:04.855000Z,cap-session-0313,cap-app-0313,application_submitted,web,desktop,email,,,4.8.0
2025-05-16T12:24:07.055000Z,cap-session-0313,cap-app-0313,application_completed,web,desktop,email,,,4.8.0
2025-05-16T12:41:00Z,cap-session-0314,cap-app-0314,application_started,web,desktop,direct,,,4.8.0
2025-05-16T12:41:01.200000Z,cap-session-0314,cap-app-0314,identity_verification_started,web,desktop,direct,cap-req-0314,cap-corr-0314,4.8.0
2025-05-16T12:41:02.290000Z,cap-session-0314,cap-app-0314,identity_verification_completed,web,desktop,direct,cap-req-0314,cap-corr-0314,4.8.0
2025-05-16T12:41:04.890000Z,cap-session-0314,cap-app-0314,application_submitted,web,desktop,direct,,,4.8.0
2025-05-16T12:41:07.090000Z,cap-session-0314,cap-app-0314,application_completed,web,desktop,direct,,,4.8.0
2025-05-16T12:58:00Z,cap-session-0315,cap-app-0315,application_started,web,desktop,direct,,,4.8.0
2025-05-16T12:58:01.200000Z,cap-session-0315,cap-app-0315,identity_verification_started,web,desktop,direct,cap-req-0315,cap-corr-0315,4.8.0
2025-05-16T12:58:02.080000Z,cap-session-0315,cap-app-0315,identity_verification_completed,web,desktop,direct,cap-req-0315,cap-corr-0315,4.8.0
2025-05-16T12:58:04.680000Z,cap-session-0315,cap-app-0315,application_submitted,web,desktop,direct,,,4.8.0
2025-05-16T12:58:06.880000Z,cap-session-0315,cap-app-0315,application_completed,web,desktop,direct,,,4.8.0
2025-05-16T13:15:00Z,cap-session-0316,cap-app-0316,application_started,web,desktop,direct,,,4.8.0
2025-05-16T13:15:01.200000Z,cap-session-0316,cap-app-0316,identity_verification_started,web,desktop,direct,cap-req-0316,cap-corr-0316,4.8.0
2025-05-16T13:15:02.115000Z,cap-session-0316,cap-app-0316,identity_verification_completed,web,desktop,direct,cap-req-0316,cap-corr-0316,4.8.0
2025-05-16T13:15:04.715000Z,cap-session-0316,cap-app-0316,application_submitted,web,desktop,direct,,,4.8.0
2025-05-16T13:15:06.915000Z,cap-session-0316,cap-app-0316,application_completed,web,desktop,direct,,,4.8.0
2025-05-16T13:32:00Z,cap-session-0317,cap-app-0317,application_started,web,desktop,email,,,4.8.0
2025-05-16T13:32:01.200000Z,cap-session-0317,cap-app-0317,identity_verification_started,web,desktop,email,cap-req-0317,cap-corr-0317,4.8.0
2025-05-16T13:32:02.150000Z,cap-session-0317,cap-app-0317,identity_verification_completed,web,desktop,email,cap-req-0317,cap-corr-0317,4.8.0
2025-05-16T13:32:04.750000Z,cap-session-0317,cap-app-0317,application_submitted,web,desktop,email,,,4.8.0
2025-05-16T13:32:06.950000Z,cap-session-0317,cap-app-0317,application_completed,web,desktop,email,,,4.8.0
2025-05-16T13:49:00Z,cap-session-0318,cap-app-0318,application_started,web,desktop,direct,,,4.8.0
2025-05-16T13:49:01.200000Z,cap-session-0318,cap-app-0318,identity_verification_started,web,desktop,direct,cap-req-0318,cap-corr-0318,4.8.0
2025-05-16T13:49:02.185000Z,cap-session-0318,cap-app-0318,identity_verification_completed,web,desktop,direct,cap-req-0318,cap-corr-0318,4.8.0
2025-05-16T13:49:04.785000Z,cap-session-0318,cap-app-0318,application_submitted,web,desktop,direct,,,4.8.0
2025-05-16T13:49:06.985000Z,cap-session-0318,cap-app-0318,application_completed,web,desktop,direct,,,4.8.0
2025-05-16T14:06:00Z,cap-session-0319,cap-app-0319,application_started,web,desktop,direct,,,4.8.0
2025-05-16T14:06:01.200000Z,cap-session-0319,cap-app-0319,identity_verification_started,web,desktop,direct,cap-req-0319,cap-corr-0319,4.8.0
2025-05-16T14:06:02.220000Z,cap-session-0319,cap-app-0319,identity_verification_completed,web,desktop,direct,cap-req-0319,cap-corr-0319,4.8.0
2025-05-16T14:06:04.820000Z,cap-session-0319,cap-app-0319,application_submitted,web,desktop,direct,,,4.8.0
2025-05-16T14:06:07.020000Z,cap-session-0319,cap-app-0319,application_completed,web,desktop,direct,,,4.8.0
2025-05-16T14:23:00Z,cap-session-0320,cap-app-0320,application_started,web,desktop,direct,,,4.8.0
2025-05-16T14:23:01.200000Z,cap-session-0320,cap-app-0320,identity_verification_started,web,desktop,direct,cap-req-0320,cap-corr-0320,4.8.0
2025-05-16T14:23:02.255000Z,cap-session-0320,cap-app-0320,identity_verification_completed,web,desktop,direct,cap-req-0320,cap-corr-0320,4.8.0
2025-05-16T14:23:04.855000Z,cap-session-0320,cap-app-0320,application_submitted,web,desktop,direct,,,4.8.0
2025-05-16T14:23:07.055000Z,cap-session-0320,cap-app-0320,application_completed,web,desktop,direct,,,4.8.0
2025-05-17T09:00:00Z,cap-session-0321,cap-app-0321,application_started,mobile,ios,partner,,,4.8.0
2025-05-17T09:00:01.200000Z,cap-session-0321,cap-app-0321,identity_verification_started,mobile,ios,partner,cap-req-0321,cap-corr-0321,4.8.0
2025-05-17T09:17:00Z,cap-session-0322,cap-app-0322,application_started,mobile,android,partner,,,4.8.0
2025-05-17T09:17:01.200000Z,cap-session-0322,cap-app-0322,identity_verification_started,mobile,android,partner,cap-req-0322,cap-corr-0322,4.8.0
2025-05-17T09:17:04.960000Z,cap-session-0322,cap-app-0322,identity_verification_completed,mobile,android,partner,cap-req-0322,cap-corr-0322,4.8.0
2025-05-17T09:17:07.560000Z,cap-session-0322,cap-app-0322,application_submitted,mobile,android,partner,,,4.8.0
2025-05-17T09:34:00Z,cap-session-0323,cap-app-0323,application_started,mobile,ios,partner,,,4.8.0
2025-05-17T09:34:01.200000Z,cap-session-0323,cap-app-0323,identity_verification_started,mobile,ios,partner,cap-req-0323,cap-corr-0323,4.8.0
2025-05-17T09:51:00Z,cap-session-0324,cap-app-0324,application_started,mobile,android,partner,,,4.8.0
2025-05-17T09:51:01.200000Z,cap-session-0324,cap-app-0324,identity_verification_started,mobile,android,partner,cap-req-0324,cap-corr-0324,4.8.0
2025-05-17T09:51:02.150000Z,cap-session-0324,cap-app-0324,identity_verification_completed,mobile,android,partner,cap-req-0324,cap-corr-0324,4.8.0
2025-05-17T09:51:04.750000Z,cap-session-0324,cap-app-0324,application_submitted,mobile,android,partner,,,4.8.0
2025-05-17T09:51:06.950000Z,cap-session-0324,cap-app-0324,application_completed,mobile,android,partner,,,4.8.0
2025-05-17T10:08:00Z,cap-session-0325,cap-app-0325,application_started,mobile,ios,partner,,,4.8.0
2025-05-17T10:08:01.200000Z,cap-session-0325,cap-app-0325,identity_verification_started,mobile,ios,partner,cap-req-0325,cap-corr-0325,4.8.0
2025-05-17T10:25:00Z,cap-session-0326,cap-app-0326,application_started,mobile,android,partner,,,4.8.0
2025-05-17T10:25:01.200000Z,cap-session-0326,cap-app-0326,identity_verification_started,mobile,android,partner,cap-req-0326,cap-corr-0326,4.8.0
2025-05-17T10:42:00Z,cap-session-0327,cap-app-0327,application_started,mobile,ios,direct,,,4.8.0
2025-05-17T10:42:01.200000Z,cap-session-0327,cap-app-0327,identity_verification_started,mobile,ios,direct,cap-req-0327,cap-corr-0327,4.8.0
2025-05-17T10:42:05.360000Z,cap-session-0327,cap-app-0327,identity_verification_completed,mobile,ios,direct,cap-req-0327,cap-corr-0327,4.8.0
2025-05-17T10:42:07.960000Z,cap-session-0327,cap-app-0327,application_submitted,mobile,ios,direct,,,4.8.0
2025-05-17T10:42:10.160000Z,cap-session-0327,cap-app-0327,application_completed,mobile,ios,direct,,,4.8.0
2025-05-17T10:59:00Z,cap-session-0328,cap-app-0328,application_started,mobile,android,direct,,,4.8.0
2025-05-17T10:59:01.200000Z,cap-session-0328,cap-app-0328,identity_verification_started,mobile,android,direct,cap-req-0328,cap-corr-0328,4.8.0
2025-05-17T10:59:02.290000Z,cap-session-0328,cap-app-0328,identity_verification_completed,mobile,android,direct,cap-req-0328,cap-corr-0328,4.8.0
2025-05-17T10:59:04.890000Z,cap-session-0328,cap-app-0328,application_submitted,mobile,android,direct,,,4.8.0
2025-05-17T10:59:07.090000Z,cap-session-0328,cap-app-0328,application_completed,mobile,android,direct,,,4.8.0
2025-05-17T11:16:00Z,cap-session-0329,cap-app-0329,application_started,mobile,ios,email,,,4.8.0
2025-05-17T11:16:01.200000Z,cap-session-0329,cap-app-0329,identity_verification_started,mobile,ios,email,cap-req-0329,cap-corr-0329,4.8.0
2025-05-17T11:16:02.080000Z,cap-session-0329,cap-app-0329,identity_verification_completed,mobile,ios,email,cap-req-0329,cap-corr-0329,4.8.0
2025-05-17T11:16:04.680000Z,cap-session-0329,cap-app-0329,application_submitted,mobile,ios,email,,,4.8.0
2025-05-17T11:16:06.880000Z,cap-session-0329,cap-app-0329,application_completed,mobile,ios,email,,,4.8.0
2025-05-17T11:33:00Z,cap-session-0330,cap-app-0330,application_started,mobile,android,direct,,,4.8.0
2025-05-17T11:33:01.200000Z,cap-session-0330,cap-app-0330,identity_verification_started,mobile,android,direct,cap-req-0330,cap-corr-0330,4.8.0
2025-05-17T11:33:02.115000Z,cap-session-0330,cap-app-0330,identity_verification_completed,mobile,android,direct,cap-req-0330,cap-corr-0330,4.8.0
2025-05-17T11:33:04.715000Z,cap-session-0330,cap-app-0330,application_submitted,mobile,android,direct,,,4.8.0
2025-05-17T11:33:06.915000Z,cap-session-0330,cap-app-0330,application_completed,mobile,android,direct,,,4.8.0
2025-05-17T11:50:00Z,cap-session-0331,cap-app-0331,application_started,mobile,ios,direct,,,4.8.0
2025-05-17T11:50:01.200000Z,cap-session-0331,cap-app-0331,identity_verification_started,mobile,ios,direct,cap-req-0331,cap-corr-0331,4.8.0
2025-05-17T12:07:00Z,cap-session-0332,cap-app-0332,application_started,mobile,android,direct,,,4.8.0
2025-05-17T12:07:01.200000Z,cap-session-0332,cap-app-0332,identity_verification_started,mobile,android,direct,cap-req-0332,cap-corr-0332,4.8.0
2025-05-17T12:07:05.120000Z,cap-session-0332,cap-app-0332,identity_verification_completed,mobile,android,direct,cap-req-0332,cap-corr-0332,4.8.0
2025-05-17T12:07:07.720000Z,cap-session-0332,cap-app-0332,application_submitted,mobile,android,direct,,,4.8.0
2025-05-17T12:07:09.920000Z,cap-session-0332,cap-app-0332,application_completed,mobile,android,direct,,,4.8.0
2025-05-17T12:24:00Z,cap-session-0333,cap-app-0333,application_started,web,desktop,email,,,4.8.0
2025-05-17T12:24:01.200000Z,cap-session-0333,cap-app-0333,identity_verification_started,web,desktop,email,cap-req-0333,cap-corr-0333,4.8.0
2025-05-17T12:24:02.220000Z,cap-session-0333,cap-app-0333,identity_verification_completed,web,desktop,email,cap-req-0333,cap-corr-0333,4.8.0
2025-05-17T12:24:04.820000Z,cap-session-0333,cap-app-0333,application_submitted,web,desktop,email,,,4.8.0
2025-05-17T12:24:07.020000Z,cap-session-0333,cap-app-0333,application_completed,web,desktop,email,,,4.8.0
2025-05-17T12:41:00Z,cap-session-0334,cap-app-0334,application_started,web,desktop,direct,,,4.8.0
2025-05-17T12:41:01.200000Z,cap-session-0334,cap-app-0334,identity_verification_started,web,desktop,direct,cap-req-0334,cap-corr-0334,4.8.0
2025-05-17T12:41:02.255000Z,cap-session-0334,cap-app-0334,identity_verification_completed,web,desktop,direct,cap-req-0334,cap-corr-0334,4.8.0
2025-05-17T12:41:04.855000Z,cap-session-0334,cap-app-0334,application_submitted,web,desktop,direct,,,4.8.0
2025-05-17T12:41:07.055000Z,cap-session-0334,cap-app-0334,application_completed,web,desktop,direct,,,4.8.0
2025-05-17T12:58:00Z,cap-session-0335,cap-app-0335,application_started,web,desktop,direct,,,4.8.0
2025-05-17T12:58:01.200000Z,cap-session-0335,cap-app-0335,identity_verification_started,web,desktop,direct,cap-req-0335,cap-corr-0335,4.8.0
2025-05-17T12:58:02.290000Z,cap-session-0335,cap-app-0335,identity_verification_completed,web,desktop,direct,cap-req-0335,cap-corr-0335,4.8.0
2025-05-17T12:58:04.890000Z,cap-session-0335,cap-app-0335,application_submitted,web,desktop,direct,,,4.8.0
2025-05-17T12:58:07.090000Z,cap-session-0335,cap-app-0335,application_completed,web,desktop,direct,,,4.8.0
2025-05-17T13:15:00Z,cap-session-0336,cap-app-0336,application_started,web,desktop,direct,,,4.8.0
2025-05-17T13:15:01.200000Z,cap-session-0336,cap-app-0336,identity_verification_started,web,desktop,direct,cap-req-0336,cap-corr-0336,4.8.0
2025-05-17T13:15:02.080000Z,cap-session-0336,cap-app-0336,identity_verification_completed,web,desktop,direct,cap-req-0336,cap-corr-0336,4.8.0
2025-05-17T13:15:04.680000Z,cap-session-0336,cap-app-0336,application_submitted,web,desktop,direct,,,4.8.0
2025-05-17T13:15:06.880000Z,cap-session-0336,cap-app-0336,application_completed,web,desktop,direct,,,4.8.0
2025-05-17T13:32:00Z,cap-session-0337,cap-app-0337,application_started,web,desktop,email,,,4.8.0
2025-05-17T13:32:01.200000Z,cap-session-0337,cap-app-0337,identity_verification_started,web,desktop,email,cap-req-0337,cap-corr-0337,4.8.0
2025-05-17T13:32:02.115000Z,cap-session-0337,cap-app-0337,identity_verification_completed,web,desktop,email,cap-req-0337,cap-corr-0337,4.8.0
2025-05-17T13:32:04.715000Z,cap-session-0337,cap-app-0337,application_submitted,web,desktop,email,,,4.8.0
2025-05-17T13:32:06.915000Z,cap-session-0337,cap-app-0337,application_completed,web,desktop,email,,,4.8.0
2025-05-17T13:49:00Z,cap-session-0338,cap-app-0338,application_started,web,desktop,direct,,,4.8.0
2025-05-17T13:49:01.200000Z,cap-session-0338,cap-app-0338,identity_verification_started,web,desktop,direct,cap-req-0338,cap-corr-0338,4.8.0
2025-05-17T13:49:02.150000Z,cap-session-0338,cap-app-0338,identity_verification_completed,web,desktop,direct,cap-req-0338,cap-corr-0338,4.8.0
2025-05-17T13:49:04.750000Z,cap-session-0338,cap-app-0338,application_submitted,web,desktop,direct,,,4.8.0
2025-05-17T13:49:06.950000Z,cap-session-0338,cap-app-0338,application_completed,web,desktop,direct,,,4.8.0
2025-05-17T14:06:00Z,cap-session-0339,cap-app-0339,application_started,web,desktop,direct,,,4.8.0
2025-05-17T14:06:01.200000Z,cap-session-0339,cap-app-0339,identity_verification_started,web,desktop,direct,cap-req-0339,cap-corr-0339,4.8.0
2025-05-17T14:06:02.185000Z,cap-session-0339,cap-app-0339,identity_verification_completed,web,desktop,direct,cap-req-0339,cap-corr-0339,4.8.0
2025-05-17T14:06:04.785000Z,cap-session-0339,cap-app-0339,application_submitted,web,desktop,direct,,,4.8.0
2025-05-17T14:06:06.985000Z,cap-session-0339,cap-app-0339,application_completed,web,desktop,direct,,,4.8.0
2025-05-17T14:23:00Z,cap-session-0340,cap-app-0340,application_started,web,desktop,direct,,,4.8.0
2025-05-17T14:23:01.200000Z,cap-session-0340,cap-app-0340,identity_verification_started,web,desktop,direct,cap-req-0340,cap-corr-0340,4.8.0
2025-05-17T14:23:02.220000Z,cap-session-0340,cap-app-0340,identity_verification_completed,web,desktop,direct,cap-req-0340,cap-corr-0340,4.8.0
2025-05-17T14:23:04.820000Z,cap-session-0340,cap-app-0340,application_submitted,web,desktop,direct,,,4.8.0
2025-05-17T14:23:07.020000Z,cap-session-0340,cap-app-0340,application_completed,web,desktop,direct,,,4.8.0
2025-05-18T09:00:00Z,cap-session-0341,cap-app-0341,application_started,mobile,ios,partner,,,4.8.0
2025-05-18T09:00:01.200000Z,cap-session-0341,cap-app-0341,identity_verification_started,mobile,ios,partner,cap-req-0341,cap-corr-0341,4.8.0
2025-05-18T09:00:05.200000Z,cap-session-0341,cap-app-0341,identity_verification_completed,mobile,ios,partner,cap-req-0341,cap-corr-0341,4.8.0
2025-05-18T09:00:07.800000Z,cap-session-0341,cap-app-0341,application_submitted,mobile,ios,partner,,,4.8.0
2025-05-18T09:00:10Z,cap-session-0341,cap-app-0341,application_completed,mobile,ios,partner,,,4.8.0
2025-05-18T09:17:00Z,cap-session-0342,cap-app-0342,application_started,mobile,android,partner,,,4.8.0
2025-05-18T09:17:01.200000Z,cap-session-0342,cap-app-0342,identity_verification_started,mobile,android,partner,cap-req-0342,cap-corr-0342,4.8.0
2025-05-18T09:34:00Z,cap-session-0343,cap-app-0343,application_started,mobile,ios,partner,,,4.8.0
2025-05-18T09:34:01.200000Z,cap-session-0343,cap-app-0343,identity_verification_started,mobile,ios,partner,cap-req-0343,cap-corr-0343,4.8.0
2025-05-18T09:34:02.080000Z,cap-session-0343,cap-app-0343,identity_verification_completed,mobile,ios,partner,cap-req-0343,cap-corr-0343,4.8.0
2025-05-18T09:34:04.680000Z,cap-session-0343,cap-app-0343,application_submitted,mobile,ios,partner,,,4.8.0
2025-05-18T09:34:06.880000Z,cap-session-0343,cap-app-0343,application_completed,mobile,ios,partner,,,4.8.0
2025-05-18T09:51:00Z,cap-session-0344,cap-app-0344,application_started,mobile,android,partner,,,4.8.0
2025-05-18T09:51:01.200000Z,cap-session-0344,cap-app-0344,identity_verification_started,mobile,android,partner,cap-req-0344,cap-corr-0344,4.8.0
2025-05-18T09:51:02.115000Z,cap-session-0344,cap-app-0344,identity_verification_completed,mobile,android,partner,cap-req-0344,cap-corr-0344,4.8.0
2025-05-18T09:51:04.715000Z,cap-session-0344,cap-app-0344,application_submitted,mobile,android,partner,,,4.8.0
2025-05-18T09:51:06.915000Z,cap-session-0344,cap-app-0344,application_completed,mobile,android,partner,,,4.8.0
2025-05-18T10:08:00Z,cap-session-0345,cap-app-0345,application_started,mobile,ios,partner,,,4.8.0
2025-05-18T10:08:01.200000Z,cap-session-0345,cap-app-0345,identity_verification_started,mobile,ios,partner,cap-req-0345,cap-corr-0345,4.8.0
2025-05-18T10:25:00Z,cap-session-0346,cap-app-0346,application_started,mobile,android,partner,,,4.8.0
2025-05-18T10:25:01.200000Z,cap-session-0346,cap-app-0346,identity_verification_started,mobile,android,partner,cap-req-0346,cap-corr-0346,4.8.0
2025-05-18T10:25:04.960000Z,cap-session-0346,cap-app-0346,identity_verification_completed,mobile,android,partner,cap-req-0346,cap-corr-0346,4.8.0
2025-05-18T10:25:07.560000Z,cap-session-0346,cap-app-0346,application_submitted,mobile,android,partner,,,4.8.0
2025-05-18T10:25:09.760000Z,cap-session-0346,cap-app-0346,application_completed,mobile,android,partner,,,4.8.0
2025-05-18T10:42:00Z,cap-session-0347,cap-app-0347,application_started,mobile,ios,direct,,,4.8.0
2025-05-18T10:42:01.200000Z,cap-session-0347,cap-app-0347,identity_verification_started,mobile,ios,direct,cap-req-0347,cap-corr-0347,4.8.0
2025-05-18T10:42:02.220000Z,cap-session-0347,cap-app-0347,identity_verification_completed,mobile,ios,direct,cap-req-0347,cap-corr-0347,4.8.0
2025-05-18T10:42:04.820000Z,cap-session-0347,cap-app-0347,application_submitted,mobile,ios,direct,,,4.8.0
2025-05-18T10:42:07.020000Z,cap-session-0347,cap-app-0347,application_completed,mobile,ios,direct,,,4.8.0
2025-05-18T10:59:00Z,cap-session-0348,cap-app-0348,application_started,mobile,android,direct,,,4.8.0
2025-05-18T10:59:01.200000Z,cap-session-0348,cap-app-0348,identity_verification_started,mobile,android,direct,cap-req-0348,cap-corr-0348,4.8.0
2025-05-18T10:59:02.255000Z,cap-session-0348,cap-app-0348,identity_verification_completed,mobile,android,direct,cap-req-0348,cap-corr-0348,4.8.0
2025-05-18T10:59:04.855000Z,cap-session-0348,cap-app-0348,application_submitted,mobile,android,direct,,,4.8.0
2025-05-18T10:59:07.055000Z,cap-session-0348,cap-app-0348,application_completed,mobile,android,direct,,,4.8.0
2025-05-18T11:16:00Z,cap-session-0349,cap-app-0349,application_started,mobile,ios,email,,,4.8.0
2025-05-18T11:16:01.200000Z,cap-session-0349,cap-app-0349,identity_verification_started,mobile,ios,email,cap-req-0349,cap-corr-0349,4.8.0
2025-05-18T11:16:02.290000Z,cap-session-0349,cap-app-0349,identity_verification_completed,mobile,ios,email,cap-req-0349,cap-corr-0349,4.8.0
2025-05-18T11:16:04.890000Z,cap-session-0349,cap-app-0349,application_submitted,mobile,ios,email,,,4.8.0
2025-05-18T11:16:07.090000Z,cap-session-0349,cap-app-0349,application_completed,mobile,ios,email,,,4.8.0
2025-05-18T11:33:00Z,cap-session-0350,cap-app-0350,application_started,mobile,android,direct,,,4.8.0
2025-05-18T11:33:01.200000Z,cap-session-0350,cap-app-0350,identity_verification_started,mobile,android,direct,cap-req-0350,cap-corr-0350,4.8.0
2025-05-18T11:50:00Z,cap-session-0351,cap-app-0351,application_started,mobile,ios,direct,,,4.8.0
2025-05-18T11:50:01.200000Z,cap-session-0351,cap-app-0351,identity_verification_started,mobile,ios,direct,cap-req-0351,cap-corr-0351,4.8.0
2025-05-18T11:50:05.360000Z,cap-session-0351,cap-app-0351,identity_verification_completed,mobile,ios,direct,cap-req-0351,cap-corr-0351,4.8.0
2025-05-18T11:50:07.960000Z,cap-session-0351,cap-app-0351,application_submitted,mobile,ios,direct,,,4.8.0
2025-05-18T11:50:10.160000Z,cap-session-0351,cap-app-0351,application_completed,mobile,ios,direct,,,4.8.0
2025-05-18T12:07:00Z,cap-session-0352,cap-app-0352,application_started,mobile,android,direct,,,4.8.0
2025-05-18T12:07:01.200000Z,cap-session-0352,cap-app-0352,identity_verification_started,mobile,android,direct,cap-req-0352,cap-corr-0352,4.8.0
2025-05-18T12:07:02.150000Z,cap-session-0352,cap-app-0352,identity_verification_completed,mobile,android,direct,cap-req-0352,cap-corr-0352,4.8.0
2025-05-18T12:07:04.750000Z,cap-session-0352,cap-app-0352,application_submitted,mobile,android,direct,,,4.8.0
2025-05-18T12:07:06.950000Z,cap-session-0352,cap-app-0352,application_completed,mobile,android,direct,,,4.8.0
2025-05-18T12:24:00Z,cap-session-0353,cap-app-0353,application_started,web,desktop,email,,,4.8.0
2025-05-18T12:24:01.200000Z,cap-session-0353,cap-app-0353,identity_verification_started,web,desktop,email,cap-req-0353,cap-corr-0353,4.8.0
2025-05-18T12:24:02.185000Z,cap-session-0353,cap-app-0353,identity_verification_completed,web,desktop,email,cap-req-0353,cap-corr-0353,4.8.0
2025-05-18T12:24:04.785000Z,cap-session-0353,cap-app-0353,application_submitted,web,desktop,email,,,4.8.0
2025-05-18T12:24:06.985000Z,cap-session-0353,cap-app-0353,application_completed,web,desktop,email,,,4.8.0
2025-05-18T12:41:00Z,cap-session-0354,cap-app-0354,application_started,web,desktop,direct,,,4.8.0
2025-05-18T12:41:01.200000Z,cap-session-0354,cap-app-0354,identity_verification_started,web,desktop,direct,cap-req-0354,cap-corr-0354,4.8.0
2025-05-18T12:41:02.220000Z,cap-session-0354,cap-app-0354,identity_verification_completed,web,desktop,direct,cap-req-0354,cap-corr-0354,4.8.0
2025-05-18T12:41:04.820000Z,cap-session-0354,cap-app-0354,application_submitted,web,desktop,direct,,,4.8.0
2025-05-18T12:41:07.020000Z,cap-session-0354,cap-app-0354,application_completed,web,desktop,direct,,,4.8.0
2025-05-18T12:58:00Z,cap-session-0355,cap-app-0355,application_started,web,desktop,direct,,,4.8.0
2025-05-18T12:58:01.200000Z,cap-session-0355,cap-app-0355,identity_verification_started,web,desktop,direct,cap-req-0355,cap-corr-0355,4.8.0
2025-05-18T12:58:02.255000Z,cap-session-0355,cap-app-0355,identity_verification_completed,web,desktop,direct,cap-req-0355,cap-corr-0355,4.8.0
2025-05-18T12:58:04.855000Z,cap-session-0355,cap-app-0355,application_submitted,web,desktop,direct,,,4.8.0
2025-05-18T12:58:07.055000Z,cap-session-0355,cap-app-0355,application_completed,web,desktop,direct,,,4.8.0
2025-05-18T13:15:00Z,cap-session-0356,cap-app-0356,application_started,web,desktop,direct,,,4.8.0
2025-05-18T13:15:01.200000Z,cap-session-0356,cap-app-0356,identity_verification_started,web,desktop,direct,cap-req-0356,cap-corr-0356,4.8.0
2025-05-18T13:15:02.290000Z,cap-session-0356,cap-app-0356,identity_verification_completed,web,desktop,direct,cap-req-0356,cap-corr-0356,4.8.0
2025-05-18T13:15:04.890000Z,cap-session-0356,cap-app-0356,application_submitted,web,desktop,direct,,,4.8.0
2025-05-18T13:15:07.090000Z,cap-session-0356,cap-app-0356,application_completed,web,desktop,direct,,,4.8.0
2025-05-18T13:32:00Z,cap-session-0357,cap-app-0357,application_started,web,desktop,email,,,4.8.0
2025-05-18T13:32:01.200000Z,cap-session-0357,cap-app-0357,identity_verification_started,web,desktop,email,cap-req-0357,cap-corr-0357,4.8.0
2025-05-18T13:32:02.080000Z,cap-session-0357,cap-app-0357,identity_verification_completed,web,desktop,email,cap-req-0357,cap-corr-0357,4.8.0
2025-05-18T13:32:04.680000Z,cap-session-0357,cap-app-0357,application_submitted,web,desktop,email,,,4.8.0
2025-05-18T13:32:06.880000Z,cap-session-0357,cap-app-0357,application_completed,web,desktop,email,,,4.8.0
2025-05-18T13:49:00Z,cap-session-0358,cap-app-0358,application_started,web,desktop,direct,,,4.8.0
2025-05-18T13:49:01.200000Z,cap-session-0358,cap-app-0358,identity_verification_started,web,desktop,direct,cap-req-0358,cap-corr-0358,4.8.0
2025-05-18T13:49:02.115000Z,cap-session-0358,cap-app-0358,identity_verification_completed,web,desktop,direct,cap-req-0358,cap-corr-0358,4.8.0
2025-05-18T13:49:04.715000Z,cap-session-0358,cap-app-0358,application_submitted,web,desktop,direct,,,4.8.0
2025-05-18T13:49:06.915000Z,cap-session-0358,cap-app-0358,application_completed,web,desktop,direct,,,4.8.0
2025-05-18T14:06:00Z,cap-session-0359,cap-app-0359,application_started,web,desktop,direct,,,4.8.0
2025-05-18T14:06:01.200000Z,cap-session-0359,cap-app-0359,identity_verification_started,web,desktop,direct,cap-req-0359,cap-corr-0359,4.8.0
2025-05-18T14:06:02.150000Z,cap-session-0359,cap-app-0359,identity_verification_completed,web,desktop,direct,cap-req-0359,cap-corr-0359,4.8.0
2025-05-18T14:06:04.750000Z,cap-session-0359,cap-app-0359,application_submitted,web,desktop,direct,,,4.8.0
2025-05-18T14:06:06.950000Z,cap-session-0359,cap-app-0359,application_completed,web,desktop,direct,,,4.8.0
2025-05-18T14:23:00Z,cap-session-0360,cap-app-0360,application_started,web,desktop,direct,,,4.8.0
2025-05-18T14:23:01.200000Z,cap-session-0360,cap-app-0360,identity_verification_started,web,desktop,direct,cap-req-0360,cap-corr-0360,4.8.0
2025-05-18T14:23:02.185000Z,cap-session-0360,cap-app-0360,identity_verification_completed,web,desktop,direct,cap-req-0360,cap-corr-0360,4.8.0
2025-05-18T14:23:04.785000Z,cap-session-0360,cap-app-0360,application_submitted,web,desktop,direct,,,4.8.0
2025-05-18T14:23:06.985000Z,cap-session-0360,cap-app-0360,application_completed,web,desktop,direct,,,4.8.0
2025-05-19T09:00:00Z,cap-session-0361,cap-app-0361,application_started,mobile,ios,partner,,,4.8.0
2025-05-19T09:00:01.200000Z,cap-session-0361,cap-app-0361,identity_verification_started,mobile,ios,partner,cap-req-0361,cap-corr-0361,4.8.0
2025-05-19T09:17:00Z,cap-session-0362,cap-app-0362,application_started,mobile,android,partner,,,4.8.0
2025-05-19T09:17:01.200000Z,cap-session-0362,cap-app-0362,identity_verification_started,mobile,android,partner,cap-req-0362,cap-corr-0362,4.8.0
2025-05-19T09:17:02.255000Z,cap-session-0362,cap-app-0362,identity_verification_completed,mobile,android,partner,cap-req-0362,cap-corr-0362,4.8.0
2025-05-19T09:17:04.855000Z,cap-session-0362,cap-app-0362,application_submitted,mobile,android,partner,,,4.8.0
2025-05-19T09:17:07.055000Z,cap-session-0362,cap-app-0362,application_completed,mobile,android,partner,,,4.8.0
2025-05-19T09:34:00Z,cap-session-0363,cap-app-0363,application_started,mobile,ios,partner,,,4.8.0
2025-05-19T09:34:01.200000Z,cap-session-0363,cap-app-0363,identity_verification_started,mobile,ios,partner,cap-req-0363,cap-corr-0363,4.8.0
2025-05-19T09:34:02.290000Z,cap-session-0363,cap-app-0363,identity_verification_completed,mobile,ios,partner,cap-req-0363,cap-corr-0363,4.8.0
2025-05-19T09:34:04.890000Z,cap-session-0363,cap-app-0363,application_submitted,mobile,ios,partner,,,4.8.0
2025-05-19T09:34:07.090000Z,cap-session-0363,cap-app-0363,application_completed,mobile,ios,partner,,,4.8.0
2025-05-19T09:51:00Z,cap-session-0364,cap-app-0364,application_started,mobile,android,partner,,,4.8.0
2025-05-19T09:51:01.200000Z,cap-session-0364,cap-app-0364,identity_verification_started,mobile,android,partner,cap-req-0364,cap-corr-0364,4.8.0
2025-05-19T10:08:00Z,cap-session-0365,cap-app-0365,application_started,mobile,ios,partner,,,4.8.0
2025-05-19T10:08:01.200000Z,cap-session-0365,cap-app-0365,identity_verification_started,mobile,ios,partner,cap-req-0365,cap-corr-0365,4.8.0
2025-05-19T10:25:00Z,cap-session-0366,cap-app-0366,application_started,mobile,android,partner,,,4.8.0
2025-05-19T10:25:01.200000Z,cap-session-0366,cap-app-0366,identity_verification_started,mobile,android,partner,cap-req-0366,cap-corr-0366,4.8.0
2025-05-19T10:25:02.150000Z,cap-session-0366,cap-app-0366,identity_verification_completed,mobile,android,partner,cap-req-0366,cap-corr-0366,4.8.0
2025-05-19T10:25:04.750000Z,cap-session-0366,cap-app-0366,application_submitted,mobile,android,partner,,,4.8.0
2025-05-19T10:25:06.950000Z,cap-session-0366,cap-app-0366,application_completed,mobile,android,partner,,,4.8.0
2025-05-19T10:42:00Z,cap-session-0367,cap-app-0367,application_started,mobile,ios,direct,,,4.8.0
2025-05-19T10:42:01.200000Z,cap-session-0367,cap-app-0367,identity_verification_started,mobile,ios,direct,cap-req-0367,cap-corr-0367,4.8.0
2025-05-19T10:42:02.185000Z,cap-session-0367,cap-app-0367,identity_verification_completed,mobile,ios,direct,cap-req-0367,cap-corr-0367,4.8.0
2025-05-19T10:42:04.785000Z,cap-session-0367,cap-app-0367,application_submitted,mobile,ios,direct,,,4.8.0
2025-05-19T10:42:06.985000Z,cap-session-0367,cap-app-0367,application_completed,mobile,ios,direct,,,4.8.0
2025-05-19T10:59:00Z,cap-session-0368,cap-app-0368,application_started,mobile,android,direct,,,4.8.0
2025-05-19T10:59:01.200000Z,cap-session-0368,cap-app-0368,identity_verification_started,mobile,android,direct,cap-req-0368,cap-corr-0368,4.8.0
2025-05-19T10:59:02.220000Z,cap-session-0368,cap-app-0368,identity_verification_completed,mobile,android,direct,cap-req-0368,cap-corr-0368,4.8.0
2025-05-19T10:59:04.820000Z,cap-session-0368,cap-app-0368,application_submitted,mobile,android,direct,,,4.8.0
2025-05-19T11:16:00Z,cap-session-0369,cap-app-0369,application_started,mobile,ios,email,,,4.8.0
2025-05-19T11:16:01.200000Z,cap-session-0369,cap-app-0369,identity_verification_started,mobile,ios,email,cap-req-0369,cap-corr-0369,4.8.0
2025-05-19T11:33:00Z,cap-session-0370,cap-app-0370,application_started,mobile,android,direct,,,4.8.0
2025-05-19T11:33:01.200000Z,cap-session-0370,cap-app-0370,identity_verification_started,mobile,android,direct,cap-req-0370,cap-corr-0370,4.8.0
2025-05-19T11:33:04.960000Z,cap-session-0370,cap-app-0370,identity_verification_completed,mobile,android,direct,cap-req-0370,cap-corr-0370,4.8.0
2025-05-19T11:33:07.560000Z,cap-session-0370,cap-app-0370,application_submitted,mobile,android,direct,,,4.8.0
2025-05-19T11:33:09.760000Z,cap-session-0370,cap-app-0370,application_completed,mobile,android,direct,,,4.8.0
2025-05-19T11:50:00Z,cap-session-0371,cap-app-0371,application_started,mobile,ios,direct,,,4.8.0
2025-05-19T11:50:01.200000Z,cap-session-0371,cap-app-0371,identity_verification_started,mobile,ios,direct,cap-req-0371,cap-corr-0371,4.8.0
2025-05-19T11:50:02.080000Z,cap-session-0371,cap-app-0371,identity_verification_completed,mobile,ios,direct,cap-req-0371,cap-corr-0371,4.8.0
2025-05-19T11:50:04.680000Z,cap-session-0371,cap-app-0371,application_submitted,mobile,ios,direct,,,4.8.0
2025-05-19T11:50:06.880000Z,cap-session-0371,cap-app-0371,application_completed,mobile,ios,direct,,,4.8.0
2025-05-19T12:07:00Z,cap-session-0372,cap-app-0372,application_started,mobile,android,direct,,,4.8.0
2025-05-19T12:07:01.200000Z,cap-session-0372,cap-app-0372,identity_verification_started,mobile,android,direct,cap-req-0372,cap-corr-0372,4.8.0
2025-05-19T12:07:02.115000Z,cap-session-0372,cap-app-0372,identity_verification_completed,mobile,android,direct,cap-req-0372,cap-corr-0372,4.8.0
2025-05-19T12:07:04.715000Z,cap-session-0372,cap-app-0372,application_submitted,mobile,android,direct,,,4.8.0
2025-05-19T12:07:06.915000Z,cap-session-0372,cap-app-0372,application_completed,mobile,android,direct,,,4.8.0
2025-05-19T12:24:00Z,cap-session-0373,cap-app-0373,application_started,web,desktop,email,,,4.8.0
2025-05-19T12:24:01.200000Z,cap-session-0373,cap-app-0373,identity_verification_started,web,desktop,email,cap-req-0373,cap-corr-0373,4.8.0
2025-05-19T12:24:02.150000Z,cap-session-0373,cap-app-0373,identity_verification_completed,web,desktop,email,cap-req-0373,cap-corr-0373,4.8.0
2025-05-19T12:24:04.750000Z,cap-session-0373,cap-app-0373,application_submitted,web,desktop,email,,,4.8.0
2025-05-19T12:24:06.950000Z,cap-session-0373,cap-app-0373,application_completed,web,desktop,email,,,4.8.0
2025-05-19T12:41:00Z,cap-session-0374,cap-app-0374,application_started,web,desktop,direct,,,4.8.0
2025-05-19T12:41:01.200000Z,cap-session-0374,cap-app-0374,identity_verification_started,web,desktop,direct,cap-req-0374,cap-corr-0374,4.8.0
2025-05-19T12:41:02.185000Z,cap-session-0374,cap-app-0374,identity_verification_completed,web,desktop,direct,cap-req-0374,cap-corr-0374,4.8.0
2025-05-19T12:41:04.785000Z,cap-session-0374,cap-app-0374,application_submitted,web,desktop,direct,,,4.8.0
2025-05-19T12:41:06.985000Z,cap-session-0374,cap-app-0374,application_completed,web,desktop,direct,,,4.8.0
2025-05-19T12:58:00Z,cap-session-0375,cap-app-0375,application_started,web,desktop,direct,,,4.8.0
2025-05-19T12:58:01.200000Z,cap-session-0375,cap-app-0375,identity_verification_started,web,desktop,direct,cap-req-0375,cap-corr-0375,4.8.0
2025-05-19T12:58:02.220000Z,cap-session-0375,cap-app-0375,identity_verification_completed,web,desktop,direct,cap-req-0375,cap-corr-0375,4.8.0
2025-05-19T12:58:04.820000Z,cap-session-0375,cap-app-0375,application_submitted,web,desktop,direct,,,4.8.0
2025-05-19T12:58:07.020000Z,cap-session-0375,cap-app-0375,application_completed,web,desktop,direct,,,4.8.0
2025-05-19T13:15:00Z,cap-session-0376,cap-app-0376,application_started,web,desktop,direct,,,4.8.0
2025-05-19T13:15:01.200000Z,cap-session-0376,cap-app-0376,identity_verification_started,web,desktop,direct,cap-req-0376,cap-corr-0376,4.8.0
2025-05-19T13:15:02.255000Z,cap-session-0376,cap-app-0376,identity_verification_completed,web,desktop,direct,cap-req-0376,cap-corr-0376,4.8.0
2025-05-19T13:15:04.855000Z,cap-session-0376,cap-app-0376,application_submitted,web,desktop,direct,,,4.8.0
2025-05-19T13:15:07.055000Z,cap-session-0376,cap-app-0376,application_completed,web,desktop,direct,,,4.8.0
2025-05-19T13:32:00Z,cap-session-0377,cap-app-0377,application_started,web,desktop,email,,,4.8.0
2025-05-19T13:32:01.200000Z,cap-session-0377,cap-app-0377,identity_verification_started,web,desktop,email,cap-req-0377,cap-corr-0377,4.8.0
2025-05-19T13:32:02.290000Z,cap-session-0377,cap-app-0377,identity_verification_completed,web,desktop,email,cap-req-0377,cap-corr-0377,4.8.0
2025-05-19T13:32:04.890000Z,cap-session-0377,cap-app-0377,application_submitted,web,desktop,email,,,4.8.0
2025-05-19T13:32:07.090000Z,cap-session-0377,cap-app-0377,application_completed,web,desktop,email,,,4.8.0
2025-05-19T13:49:00Z,cap-session-0378,cap-app-0378,application_started,web,desktop,direct,,,4.8.0
2025-05-19T13:49:01.200000Z,cap-session-0378,cap-app-0378,identity_verification_started,web,desktop,direct,cap-req-0378,cap-corr-0378,4.8.0
2025-05-19T13:49:02.080000Z,cap-session-0378,cap-app-0378,identity_verification_completed,web,desktop,direct,cap-req-0378,cap-corr-0378,4.8.0
2025-05-19T13:49:04.680000Z,cap-session-0378,cap-app-0378,application_submitted,web,desktop,direct,,,4.8.0
2025-05-19T13:49:06.880000Z,cap-session-0378,cap-app-0378,application_completed,web,desktop,direct,,,4.8.0
2025-05-19T14:06:00Z,cap-session-0379,cap-app-0379,application_started,web,desktop,direct,,,4.8.0
2025-05-19T14:06:01.200000Z,cap-session-0379,cap-app-0379,identity_verification_started,web,desktop,direct,cap-req-0379,cap-corr-0379,4.8.0
2025-05-19T14:06:02.115000Z,cap-session-0379,cap-app-0379,identity_verification_completed,web,desktop,direct,cap-req-0379,cap-corr-0379,4.8.0
2025-05-19T14:06:04.715000Z,cap-session-0379,cap-app-0379,application_submitted,web,desktop,direct,,,4.8.0
2025-05-19T14:06:06.915000Z,cap-session-0379,cap-app-0379,application_completed,web,desktop,direct,,,4.8.0
2025-05-19T14:23:00Z,cap-session-0380,cap-app-0380,application_started,web,desktop,direct,,,4.8.0
2025-05-19T14:23:01.200000Z,cap-session-0380,cap-app-0380,identity_verification_started,web,desktop,direct,cap-req-0380,cap-corr-0380,4.8.0
2025-05-20T09:00:00Z,cap-session-0381,cap-app-0381,application_started,mobile,ios,partner,,,4.8.0
2025-05-20T09:00:01.200000Z,cap-session-0381,cap-app-0381,identity_verification_started,mobile,ios,partner,cap-req-0381,cap-corr-0381,4.8.0
2025-05-20T09:00:02.185000Z,cap-session-0381,cap-app-0381,identity_verification_completed,mobile,ios,partner,cap-req-0381,cap-corr-0381,4.8.0
2025-05-20T09:00:04.785000Z,cap-session-0381,cap-app-0381,application_submitted,mobile,ios,partner,,,4.8.0
2025-05-20T09:00:06.985000Z,cap-session-0381,cap-app-0381,application_completed,mobile,ios,partner,,,4.8.0
2025-05-20T09:17:00Z,cap-session-0382,cap-app-0382,application_started,mobile,android,partner,,,4.8.0
2025-05-20T09:17:01.200000Z,cap-session-0382,cap-app-0382,identity_verification_started,mobile,android,partner,cap-req-0382,cap-corr-0382,4.8.0
2025-05-20T09:17:02.220000Z,cap-session-0382,cap-app-0382,identity_verification_completed,mobile,android,partner,cap-req-0382,cap-corr-0382,4.8.0
2025-05-20T09:17:04.820000Z,cap-session-0382,cap-app-0382,application_submitted,mobile,android,partner,,,4.8.0
2025-05-20T09:17:07.020000Z,cap-session-0382,cap-app-0382,application_completed,mobile,android,partner,,,4.8.0
2025-05-20T09:34:00Z,cap-session-0383,cap-app-0383,application_started,mobile,ios,partner,,,4.8.0
2025-05-20T09:34:01.200000Z,cap-session-0383,cap-app-0383,identity_verification_started,mobile,ios,partner,cap-req-0383,cap-corr-0383,4.8.0
2025-05-20T09:51:00Z,cap-session-0384,cap-app-0384,application_started,mobile,android,partner,,,4.8.0
2025-05-20T09:51:01.200000Z,cap-session-0384,cap-app-0384,identity_verification_started,mobile,android,partner,cap-req-0384,cap-corr-0384,4.8.0
2025-05-20T09:51:04.800000Z,cap-session-0384,cap-app-0384,identity_verification_completed,mobile,android,partner,cap-req-0384,cap-corr-0384,4.8.0
2025-05-20T09:51:07.400000Z,cap-session-0384,cap-app-0384,application_submitted,mobile,android,partner,,,4.8.0
2025-05-20T09:51:09.600000Z,cap-session-0384,cap-app-0384,application_completed,mobile,android,partner,,,4.8.0
2025-05-20T10:08:00Z,cap-session-0385,cap-app-0385,application_started,mobile,ios,partner,,,4.8.0
2025-05-20T10:08:01.200000Z,cap-session-0385,cap-app-0385,identity_verification_started,mobile,ios,partner,cap-req-0385,cap-corr-0385,4.8.0
2025-05-20T10:25:00Z,cap-session-0386,cap-app-0386,application_started,mobile,android,partner,,,4.8.0
2025-05-20T10:25:01.200000Z,cap-session-0386,cap-app-0386,identity_verification_started,mobile,android,partner,cap-req-0386,cap-corr-0386,4.8.0
2025-05-20T10:25:02.115000Z,cap-session-0386,cap-app-0386,identity_verification_completed,mobile,android,partner,cap-req-0386,cap-corr-0386,4.8.0
2025-05-20T10:25:04.715000Z,cap-session-0386,cap-app-0386,application_submitted,mobile,android,partner,,,4.8.0
2025-05-20T10:25:06.915000Z,cap-session-0386,cap-app-0386,application_completed,mobile,android,partner,,,4.8.0
2025-05-20T10:42:00Z,cap-session-0387,cap-app-0387,application_started,mobile,ios,direct,,,4.8.0
2025-05-20T10:42:01.200000Z,cap-session-0387,cap-app-0387,identity_verification_started,mobile,ios,direct,cap-req-0387,cap-corr-0387,4.8.0
2025-05-20T10:42:02.150000Z,cap-session-0387,cap-app-0387,identity_verification_completed,mobile,ios,direct,cap-req-0387,cap-corr-0387,4.8.0
2025-05-20T10:42:04.750000Z,cap-session-0387,cap-app-0387,application_submitted,mobile,ios,direct,,,4.8.0
2025-05-20T10:42:06.950000Z,cap-session-0387,cap-app-0387,application_completed,mobile,ios,direct,,,4.8.0
2025-05-20T10:59:00Z,cap-session-0388,cap-app-0388,application_started,mobile,android,direct,,,4.8.0
2025-05-20T10:59:01.200000Z,cap-session-0388,cap-app-0388,identity_verification_started,mobile,android,direct,cap-req-0388,cap-corr-0388,4.8.0
2025-05-20T11:16:00Z,cap-session-0389,cap-app-0389,application_started,mobile,ios,email,,,4.8.0
2025-05-20T11:16:01.200000Z,cap-session-0389,cap-app-0389,identity_verification_started,mobile,ios,email,cap-req-0389,cap-corr-0389,4.8.0
2025-05-20T11:16:05.200000Z,cap-session-0389,cap-app-0389,identity_verification_completed,mobile,ios,email,cap-req-0389,cap-corr-0389,4.8.0
2025-05-20T11:16:07.800000Z,cap-session-0389,cap-app-0389,application_submitted,mobile,ios,email,,,4.8.0
2025-05-20T11:16:10Z,cap-session-0389,cap-app-0389,application_completed,mobile,ios,email,,,4.8.0
2025-05-20T11:33:00Z,cap-session-0390,cap-app-0390,application_started,mobile,android,direct,,,4.8.0
2025-05-20T11:33:01.200000Z,cap-session-0390,cap-app-0390,identity_verification_started,mobile,android,direct,cap-req-0390,cap-corr-0390,4.8.0
2025-05-20T11:33:02.255000Z,cap-session-0390,cap-app-0390,identity_verification_completed,mobile,android,direct,cap-req-0390,cap-corr-0390,4.8.0
2025-05-20T11:33:04.855000Z,cap-session-0390,cap-app-0390,application_submitted,mobile,android,direct,,,4.8.0
2025-05-20T11:33:07.055000Z,cap-session-0390,cap-app-0390,application_completed,mobile,android,direct,,,4.8.0
2025-05-20T11:50:00Z,cap-session-0391,cap-app-0391,application_started,mobile,ios,direct,,,4.8.0
2025-05-20T11:50:01.200000Z,cap-session-0391,cap-app-0391,identity_verification_started,mobile,ios,direct,cap-req-0391,cap-corr-0391,4.8.0
2025-05-20T11:50:02.290000Z,cap-session-0391,cap-app-0391,identity_verification_completed,mobile,ios,direct,cap-req-0391,cap-corr-0391,4.8.0
2025-05-20T11:50:04.890000Z,cap-session-0391,cap-app-0391,application_submitted,mobile,ios,direct,,,4.8.0
2025-05-20T12:07:00Z,cap-session-0392,cap-app-0392,application_started,mobile,android,direct,,,4.8.0
2025-05-20T12:07:01.200000Z,cap-session-0392,cap-app-0392,identity_verification_started,mobile,android,direct,cap-req-0392,cap-corr-0392,4.8.0
2025-05-20T12:07:02.080000Z,cap-session-0392,cap-app-0392,identity_verification_completed,mobile,android,direct,cap-req-0392,cap-corr-0392,4.8.0
2025-05-20T12:07:04.680000Z,cap-session-0392,cap-app-0392,application_submitted,mobile,android,direct,,,4.8.0
2025-05-20T12:07:06.880000Z,cap-session-0392,cap-app-0392,application_completed,mobile,android,direct,,,4.8.0
2025-05-20T12:24:00Z,cap-session-0393,cap-app-0393,application_started,web,desktop,email,,,4.8.0
2025-05-20T12:24:01.200000Z,cap-session-0393,cap-app-0393,identity_verification_started,web,desktop,email,cap-req-0393,cap-corr-0393,4.8.0
2025-05-20T12:24:02.115000Z,cap-session-0393,cap-app-0393,identity_verification_completed,web,desktop,email,cap-req-0393,cap-corr-0393,4.8.0
2025-05-20T12:24:04.715000Z,cap-session-0393,cap-app-0393,application_submitted,web,desktop,email,,,4.8.0
2025-05-20T12:24:06.915000Z,cap-session-0393,cap-app-0393,application_completed,web,desktop,email,,,4.8.0
2025-05-20T12:41:00Z,cap-session-0394,cap-app-0394,application_started,web,desktop,direct,,,4.8.0
2025-05-20T12:41:01.200000Z,cap-session-0394,cap-app-0394,identity_verification_started,web,desktop,direct,cap-req-0394,cap-corr-0394,4.8.0
2025-05-20T12:41:02.150000Z,cap-session-0394,cap-app-0394,identity_verification_completed,web,desktop,direct,cap-req-0394,cap-corr-0394,4.8.0
2025-05-20T12:41:04.750000Z,cap-session-0394,cap-app-0394,application_submitted,web,desktop,direct,,,4.8.0
2025-05-20T12:41:06.950000Z,cap-session-0394,cap-app-0394,application_completed,web,desktop,direct,,,4.8.0
2025-05-20T12:58:00Z,cap-session-0395,cap-app-0395,application_started,web,desktop,direct,,,4.8.0
2025-05-20T12:58:01.200000Z,cap-session-0395,cap-app-0395,identity_verification_started,web,desktop,direct,cap-req-0395,cap-corr-0395,4.8.0
2025-05-20T12:58:02.185000Z,cap-session-0395,cap-app-0395,identity_verification_completed,web,desktop,direct,cap-req-0395,cap-corr-0395,4.8.0
2025-05-20T12:58:04.785000Z,cap-session-0395,cap-app-0395,application_submitted,web,desktop,direct,,,4.8.0
2025-05-20T12:58:06.985000Z,cap-session-0395,cap-app-0395,application_completed,web,desktop,direct,,,4.8.0
2025-05-20T13:15:00Z,cap-session-0396,cap-app-0396,application_started,web,desktop,direct,,,4.8.0
2025-05-20T13:15:01.200000Z,cap-session-0396,cap-app-0396,identity_verification_started,web,desktop,direct,cap-req-0396,cap-corr-0396,4.8.0
2025-05-20T13:15:02.220000Z,cap-session-0396,cap-app-0396,identity_verification_completed,web,desktop,direct,cap-req-0396,cap-corr-0396,4.8.0
2025-05-20T13:15:04.820000Z,cap-session-0396,cap-app-0396,application_submitted,web,desktop,direct,,,4.8.0
2025-05-20T13:15:07.020000Z,cap-session-0396,cap-app-0396,application_completed,web,desktop,direct,,,4.8.0
2025-05-20T13:32:00Z,cap-session-0397,cap-app-0397,application_started,web,desktop,email,,,4.8.0
2025-05-20T13:32:01.200000Z,cap-session-0397,cap-app-0397,identity_verification_started,web,desktop,email,cap-req-0397,cap-corr-0397,4.8.0
2025-05-20T13:32:02.255000Z,cap-session-0397,cap-app-0397,identity_verification_completed,web,desktop,email,cap-req-0397,cap-corr-0397,4.8.0
2025-05-20T13:32:04.855000Z,cap-session-0397,cap-app-0397,application_submitted,web,desktop,email,,,4.8.0
2025-05-20T13:32:07.055000Z,cap-session-0397,cap-app-0397,application_completed,web,desktop,email,,,4.8.0
2025-05-20T13:49:00Z,cap-session-0398,cap-app-0398,application_started,web,desktop,direct,,,4.8.0
2025-05-20T13:49:01.200000Z,cap-session-0398,cap-app-0398,identity_verification_started,web,desktop,direct,cap-req-0398,cap-corr-0398,4.8.0
2025-05-20T13:49:02.290000Z,cap-session-0398,cap-app-0398,identity_verification_completed,web,desktop,direct,cap-req-0398,cap-corr-0398,4.8.0
2025-05-20T13:49:04.890000Z,cap-session-0398,cap-app-0398,application_submitted,web,desktop,direct,,,4.8.0
2025-05-20T13:49:07.090000Z,cap-session-0398,cap-app-0398,application_completed,web,desktop,direct,,,4.8.0
2025-05-20T14:06:00Z,cap-session-0399,cap-app-0399,application_started,web,desktop,direct,,,4.8.0
2025-05-20T14:06:01.200000Z,cap-session-0399,cap-app-0399,identity_verification_started,web,desktop,direct,cap-req-0399,cap-corr-0399,4.8.0
2025-05-20T14:23:00Z,cap-session-0400,cap-app-0400,application_started,web,desktop,direct,,,4.8.0
2025-05-20T14:23:01.200000Z,cap-session-0400,cap-app-0400,identity_verification_started,web,desktop,direct,cap-req-0400,cap-corr-0400,4.8.0
2025-05-20T14:23:02.115000Z,cap-session-0400,cap-app-0400,identity_verification_completed,web,desktop,direct,cap-req-0400,cap-corr-0400,4.8.0
2025-05-20T14:23:04.715000Z,cap-session-0400,cap-app-0400,application_submitted,web,desktop,direct,,,4.8.0
2025-05-20T14:23:06.915000Z,cap-session-0400,cap-app-0400,application_completed,web,desktop,direct,,,4.8.0
2025-05-21T09:00:00Z,cap-session-0401,cap-app-0401,application_started,mobile,ios,partner,,,4.8.0
2025-05-21T09:00:01.200000Z,cap-session-0401,cap-app-0401,identity_verification_started,mobile,ios,partner,cap-req-0401,cap-corr-0401,4.8.0
2025-05-21T09:00:02.150000Z,cap-session-0401,cap-app-0401,identity_verification_completed,mobile,ios,partner,cap-req-0401,cap-corr-0401,4.8.0
2025-05-21T09:00:04.750000Z,cap-session-0401,cap-app-0401,application_submitted,mobile,ios,partner,,,4.8.0
2025-05-21T09:00:06.950000Z,cap-session-0401,cap-app-0401,application_completed,mobile,ios,partner,,,4.8.0
2025-05-21T09:17:00Z,cap-session-0402,cap-app-0402,application_started,mobile,android,partner,,,4.8.0
2025-05-21T09:17:01.200000Z,cap-session-0402,cap-app-0402,identity_verification_started,mobile,android,partner,cap-req-0402,cap-corr-0402,4.8.0
2025-05-21T09:34:00Z,cap-session-0403,cap-app-0403,application_started,mobile,ios,partner,,,4.8.0
2025-05-21T09:34:01.200000Z,cap-session-0403,cap-app-0403,identity_verification_started,mobile,ios,partner,cap-req-0403,cap-corr-0403,4.8.0
2025-05-21T09:34:05.040000Z,cap-session-0403,cap-app-0403,identity_verification_completed,mobile,ios,partner,cap-req-0403,cap-corr-0403,4.8.0
2025-05-21T09:34:07.640000Z,cap-session-0403,cap-app-0403,application_submitted,mobile,ios,partner,,,4.8.0
2025-05-21T09:34:09.840000Z,cap-session-0403,cap-app-0403,application_completed,mobile,ios,partner,,,4.8.0
2025-05-21T09:51:00Z,cap-session-0404,cap-app-0404,application_started,mobile,android,partner,,,4.8.0
2025-05-21T09:51:01.200000Z,cap-session-0404,cap-app-0404,identity_verification_started,mobile,android,partner,cap-req-0404,cap-corr-0404,4.8.0
2025-05-21T09:51:02.255000Z,cap-session-0404,cap-app-0404,identity_verification_completed,mobile,android,partner,cap-req-0404,cap-corr-0404,4.8.0
2025-05-21T09:51:04.855000Z,cap-session-0404,cap-app-0404,application_submitted,mobile,android,partner,,,4.8.0
2025-05-21T09:51:07.055000Z,cap-session-0404,cap-app-0404,application_completed,mobile,android,partner,,,4.8.0
2025-05-21T10:08:00Z,cap-session-0405,cap-app-0405,application_started,mobile,ios,partner,,,4.8.0
2025-05-21T10:08:01.200000Z,cap-session-0405,cap-app-0405,identity_verification_started,mobile,ios,partner,cap-req-0405,cap-corr-0405,4.8.0
2025-05-21T10:25:00Z,cap-session-0406,cap-app-0406,application_started,mobile,android,partner,,,4.8.0
2025-05-21T10:25:01.200000Z,cap-session-0406,cap-app-0406,identity_verification_started,mobile,android,partner,cap-req-0406,cap-corr-0406,4.8.0
2025-05-21T10:25:02.080000Z,cap-session-0406,cap-app-0406,identity_verification_completed,mobile,android,partner,cap-req-0406,cap-corr-0406,4.8.0
2025-05-21T10:25:04.680000Z,cap-session-0406,cap-app-0406,application_submitted,mobile,android,partner,,,4.8.0
2025-05-21T10:25:06.880000Z,cap-session-0406,cap-app-0406,application_completed,mobile,android,partner,,,4.8.0
2025-05-21T10:42:00Z,cap-session-0407,cap-app-0407,application_started,mobile,ios,direct,,,4.8.0
2025-05-21T10:42:01.200000Z,cap-session-0407,cap-app-0407,identity_verification_started,mobile,ios,direct,cap-req-0407,cap-corr-0407,4.8.0
2025-05-21T10:59:00Z,cap-session-0408,cap-app-0408,application_started,mobile,android,direct,,,4.8.0
2025-05-21T10:59:01.200000Z,cap-session-0408,cap-app-0408,identity_verification_started,mobile,android,direct,cap-req-0408,cap-corr-0408,4.8.0
2025-05-21T10:59:04.800000Z,cap-session-0408,cap-app-0408,identity_verification_completed,mobile,android,direct,cap-req-0408,cap-corr-0408,4.8.0
2025-05-21T10:59:07.400000Z,cap-session-0408,cap-app-0408,application_submitted,mobile,android,direct,,,4.8.0
2025-05-21T10:59:09.600000Z,cap-session-0408,cap-app-0408,application_completed,mobile,android,direct,,,4.8.0
2025-05-21T11:16:00Z,cap-session-0409,cap-app-0409,application_started,mobile,ios,email,,,4.8.0
2025-05-21T11:16:01.200000Z,cap-session-0409,cap-app-0409,identity_verification_started,mobile,ios,email,cap-req-0409,cap-corr-0409,4.8.0
2025-05-21T11:16:02.185000Z,cap-session-0409,cap-app-0409,identity_verification_completed,mobile,ios,email,cap-req-0409,cap-corr-0409,4.8.0
2025-05-21T11:16:04.785000Z,cap-session-0409,cap-app-0409,application_submitted,mobile,ios,email,,,4.8.0
2025-05-21T11:16:06.985000Z,cap-session-0409,cap-app-0409,application_completed,mobile,ios,email,,,4.8.0
2025-05-21T11:33:00Z,cap-session-0410,cap-app-0410,application_started,mobile,android,direct,,,4.8.0
2025-05-21T11:33:01.200000Z,cap-session-0410,cap-app-0410,identity_verification_started,mobile,android,direct,cap-req-0410,cap-corr-0410,4.8.0
2025-05-21T11:33:02.220000Z,cap-session-0410,cap-app-0410,identity_verification_completed,mobile,android,direct,cap-req-0410,cap-corr-0410,4.8.0
2025-05-21T11:33:04.820000Z,cap-session-0410,cap-app-0410,application_submitted,mobile,android,direct,,,4.8.0
2025-05-21T11:33:07.020000Z,cap-session-0410,cap-app-0410,application_completed,mobile,android,direct,,,4.8.0
2025-05-21T11:50:00Z,cap-session-0411,cap-app-0411,application_started,mobile,ios,direct,,,4.8.0
2025-05-21T11:50:01.200000Z,cap-session-0411,cap-app-0411,identity_verification_started,mobile,ios,direct,cap-req-0411,cap-corr-0411,4.8.0
2025-05-21T11:50:02.255000Z,cap-session-0411,cap-app-0411,identity_verification_completed,mobile,ios,direct,cap-req-0411,cap-corr-0411,4.8.0
2025-05-21T11:50:04.855000Z,cap-session-0411,cap-app-0411,application_submitted,mobile,ios,direct,,,4.8.0
2025-05-21T11:50:07.055000Z,cap-session-0411,cap-app-0411,application_completed,mobile,ios,direct,,,4.8.0
2025-05-21T12:07:00Z,cap-session-0412,cap-app-0412,application_started,mobile,android,direct,,,4.8.0
2025-05-21T12:07:01.200000Z,cap-session-0412,cap-app-0412,identity_verification_started,mobile,android,direct,cap-req-0412,cap-corr-0412,4.8.0
2025-05-21T12:24:00Z,cap-session-0413,cap-app-0413,application_started,web,desktop,email,,,4.8.0
2025-05-21T12:24:01.200000Z,cap-session-0413,cap-app-0413,identity_verification_started,web,desktop,email,cap-req-0413,cap-corr-0413,4.8.0
2025-05-21T12:24:02.080000Z,cap-session-0413,cap-app-0413,identity_verification_completed,web,desktop,email,cap-req-0413,cap-corr-0413,4.8.0
2025-05-21T12:24:04.680000Z,cap-session-0413,cap-app-0413,application_submitted,web,desktop,email,,,4.8.0
2025-05-21T12:24:06.880000Z,cap-session-0413,cap-app-0413,application_completed,web,desktop,email,,,4.8.0
2025-05-21T12:41:00Z,cap-session-0414,cap-app-0414,application_started,web,desktop,direct,,,4.8.0
2025-05-21T12:41:01.200000Z,cap-session-0414,cap-app-0414,identity_verification_started,web,desktop,direct,cap-req-0414,cap-corr-0414,4.8.0
2025-05-21T12:41:02.115000Z,cap-session-0414,cap-app-0414,identity_verification_completed,web,desktop,direct,cap-req-0414,cap-corr-0414,4.8.0
2025-05-21T12:41:04.715000Z,cap-session-0414,cap-app-0414,application_submitted,web,desktop,direct,,,4.8.0
2025-05-21T12:58:00Z,cap-session-0415,cap-app-0415,application_started,web,desktop,direct,,,4.8.0
2025-05-21T12:58:01.200000Z,cap-session-0415,cap-app-0415,identity_verification_started,web,desktop,direct,cap-req-0415,cap-corr-0415,4.8.0
2025-05-21T12:58:02.150000Z,cap-session-0415,cap-app-0415,identity_verification_completed,web,desktop,direct,cap-req-0415,cap-corr-0415,4.8.0
2025-05-21T12:58:04.750000Z,cap-session-0415,cap-app-0415,application_submitted,web,desktop,direct,,,4.8.0
2025-05-21T12:58:06.950000Z,cap-session-0415,cap-app-0415,application_completed,web,desktop,direct,,,4.8.0
2025-05-21T13:15:00Z,cap-session-0416,cap-app-0416,application_started,web,desktop,direct,,,4.8.0
2025-05-21T13:15:01.200000Z,cap-session-0416,cap-app-0416,identity_verification_started,web,desktop,direct,cap-req-0416,cap-corr-0416,4.8.0
2025-05-21T13:15:02.185000Z,cap-session-0416,cap-app-0416,identity_verification_completed,web,desktop,direct,cap-req-0416,cap-corr-0416,4.8.0
2025-05-21T13:15:04.785000Z,cap-session-0416,cap-app-0416,application_submitted,web,desktop,direct,,,4.8.0
2025-05-21T13:15:06.985000Z,cap-session-0416,cap-app-0416,application_completed,web,desktop,direct,,,4.8.0
2025-05-21T13:32:00Z,cap-session-0417,cap-app-0417,application_started,web,desktop,email,,,4.8.0
2025-05-21T13:32:01.200000Z,cap-session-0417,cap-app-0417,identity_verification_started,web,desktop,email,cap-req-0417,cap-corr-0417,4.8.0
2025-05-21T13:32:02.220000Z,cap-session-0417,cap-app-0417,identity_verification_completed,web,desktop,email,cap-req-0417,cap-corr-0417,4.8.0
2025-05-21T13:32:04.820000Z,cap-session-0417,cap-app-0417,application_submitted,web,desktop,email,,,4.8.0
2025-05-21T13:32:07.020000Z,cap-session-0417,cap-app-0417,application_completed,web,desktop,email,,,4.8.0
2025-05-21T13:49:00Z,cap-session-0418,cap-app-0418,application_started,web,desktop,direct,,,4.8.0
2025-05-21T13:49:01.200000Z,cap-session-0418,cap-app-0418,identity_verification_started,web,desktop,direct,cap-req-0418,cap-corr-0418,4.8.0
2025-05-21T14:06:00Z,cap-session-0419,cap-app-0419,application_started,web,desktop,direct,,,4.8.0
2025-05-21T14:06:01.200000Z,cap-session-0419,cap-app-0419,identity_verification_started,web,desktop,direct,cap-req-0419,cap-corr-0419,4.8.0
2025-05-21T14:06:02.290000Z,cap-session-0419,cap-app-0419,identity_verification_completed,web,desktop,direct,cap-req-0419,cap-corr-0419,4.8.0
2025-05-21T14:06:04.890000Z,cap-session-0419,cap-app-0419,application_submitted,web,desktop,direct,,,4.8.0
2025-05-21T14:06:07.090000Z,cap-session-0419,cap-app-0419,application_completed,web,desktop,direct,,,4.8.0
2025-05-21T14:23:00Z,cap-session-0420,cap-app-0420,application_started,web,desktop,direct,,,4.8.0
2025-05-21T14:23:01.200000Z,cap-session-0420,cap-app-0420,identity_verification_started,web,desktop,direct,cap-req-0420,cap-corr-0420,4.8.0
2025-05-21T14:23:02.080000Z,cap-session-0420,cap-app-0420,identity_verification_completed,web,desktop,direct,cap-req-0420,cap-corr-0420,4.8.0
2025-05-21T14:23:04.680000Z,cap-session-0420,cap-app-0420,application_submitted,web,desktop,direct,,,4.8.0
2025-05-21T14:23:06.880000Z,cap-session-0420,cap-app-0420,application_completed,web,desktop,direct,,,4.8.0
2025-05-22T09:00:00Z,cap-session-0421,cap-app-0421,application_started,mobile,ios,partner,,,4.8.0
2025-05-22T09:00:01.200000Z,cap-session-0421,cap-app-0421,identity_verification_started,mobile,ios,partner,cap-req-0421,cap-corr-0421,4.8.0
2025-05-22T09:17:00Z,cap-session-0422,cap-app-0422,application_started,mobile,android,partner,,,4.8.0
2025-05-22T09:17:01.200000Z,cap-session-0422,cap-app-0422,identity_verification_started,mobile,android,partner,cap-req-0422,cap-corr-0422,4.8.0
2025-05-22T09:17:05.280000Z,cap-session-0422,cap-app-0422,identity_verification_completed,mobile,android,partner,cap-req-0422,cap-corr-0422,4.8.0
2025-05-22T09:17:07.880000Z,cap-session-0422,cap-app-0422,application_submitted,mobile,android,partner,,,4.8.0
2025-05-22T09:17:10.080000Z,cap-session-0422,cap-app-0422,application_completed,mobile,android,partner,,,4.8.0
2025-05-22T09:34:00Z,cap-session-0423,cap-app-0423,application_started,mobile,ios,partner,,,4.8.0
2025-05-22T09:34:01.200000Z,cap-session-0423,cap-app-0423,identity_verification_started,mobile,ios,partner,cap-req-0423,cap-corr-0423,4.8.0
2025-05-22T09:34:02.185000Z,cap-session-0423,cap-app-0423,identity_verification_completed,mobile,ios,partner,cap-req-0423,cap-corr-0423,4.8.0
2025-05-22T09:34:04.785000Z,cap-session-0423,cap-app-0423,application_submitted,mobile,ios,partner,,,4.8.0
2025-05-22T09:34:06.985000Z,cap-session-0423,cap-app-0423,application_completed,mobile,ios,partner,,,4.8.0
2025-05-22T09:51:00Z,cap-session-0424,cap-app-0424,application_started,mobile,android,partner,,,4.8.0
2025-05-22T09:51:01.200000Z,cap-session-0424,cap-app-0424,identity_verification_started,mobile,android,partner,cap-req-0424,cap-corr-0424,4.8.0
2025-05-22T09:51:02.220000Z,cap-session-0424,cap-app-0424,identity_verification_completed,mobile,android,partner,cap-req-0424,cap-corr-0424,4.8.0
2025-05-22T09:51:04.820000Z,cap-session-0424,cap-app-0424,application_submitted,mobile,android,partner,,,4.8.0
2025-05-22T09:51:07.020000Z,cap-session-0424,cap-app-0424,application_completed,mobile,android,partner,,,4.8.0
2025-05-22T10:08:00Z,cap-session-0425,cap-app-0425,application_started,mobile,ios,partner,,,4.8.0
2025-05-22T10:08:01.200000Z,cap-session-0425,cap-app-0425,identity_verification_started,mobile,ios,partner,cap-req-0425,cap-corr-0425,4.8.0
2025-05-22T10:25:00Z,cap-session-0426,cap-app-0426,application_started,mobile,android,partner,,,4.8.0
2025-05-22T10:25:01.200000Z,cap-session-0426,cap-app-0426,identity_verification_started,mobile,android,partner,cap-req-0426,cap-corr-0426,4.8.0
2025-05-22T10:42:00Z,cap-session-0427,cap-app-0427,application_started,mobile,ios,direct,,,4.8.0
2025-05-22T10:42:01.200000Z,cap-session-0427,cap-app-0427,identity_verification_started,mobile,ios,direct,cap-req-0427,cap-corr-0427,4.8.0
2025-05-22T10:42:05.040000Z,cap-session-0427,cap-app-0427,identity_verification_completed,mobile,ios,direct,cap-req-0427,cap-corr-0427,4.8.0
2025-05-22T10:42:07.640000Z,cap-session-0427,cap-app-0427,application_submitted,mobile,ios,direct,,,4.8.0
2025-05-22T10:42:09.840000Z,cap-session-0427,cap-app-0427,application_completed,mobile,ios,direct,,,4.8.0
2025-05-22T10:59:00Z,cap-session-0428,cap-app-0428,application_started,mobile,android,direct,,,4.8.0
2025-05-22T10:59:01.200000Z,cap-session-0428,cap-app-0428,identity_verification_started,mobile,android,direct,cap-req-0428,cap-corr-0428,4.8.0
2025-05-22T10:59:02.115000Z,cap-session-0428,cap-app-0428,identity_verification_completed,mobile,android,direct,cap-req-0428,cap-corr-0428,4.8.0
2025-05-22T10:59:04.715000Z,cap-session-0428,cap-app-0428,application_submitted,mobile,android,direct,,,4.8.0
2025-05-22T10:59:06.915000Z,cap-session-0428,cap-app-0428,application_completed,mobile,android,direct,,,4.8.0
2025-05-22T11:16:00Z,cap-session-0429,cap-app-0429,application_started,mobile,ios,email,,,4.8.0
2025-05-22T11:16:01.200000Z,cap-session-0429,cap-app-0429,identity_verification_started,mobile,ios,email,cap-req-0429,cap-corr-0429,4.8.0
2025-05-22T11:16:02.150000Z,cap-session-0429,cap-app-0429,identity_verification_completed,mobile,ios,email,cap-req-0429,cap-corr-0429,4.8.0
2025-05-22T11:16:04.750000Z,cap-session-0429,cap-app-0429,application_submitted,mobile,ios,email,,,4.8.0
2025-05-22T11:16:06.950000Z,cap-session-0429,cap-app-0429,application_completed,mobile,ios,email,,,4.8.0
2025-05-22T11:33:00Z,cap-session-0430,cap-app-0430,application_started,mobile,android,direct,,,4.8.0
2025-05-22T11:33:01.200000Z,cap-session-0430,cap-app-0430,identity_verification_started,mobile,android,direct,cap-req-0430,cap-corr-0430,4.8.0
2025-05-22T11:33:02.185000Z,cap-session-0430,cap-app-0430,identity_verification_completed,mobile,android,direct,cap-req-0430,cap-corr-0430,4.8.0
2025-05-22T11:33:04.785000Z,cap-session-0430,cap-app-0430,application_submitted,mobile,android,direct,,,4.8.0
2025-05-22T11:33:06.985000Z,cap-session-0430,cap-app-0430,application_completed,mobile,android,direct,,,4.8.0
2025-05-22T11:50:00Z,cap-session-0431,cap-app-0431,application_started,mobile,ios,direct,,,4.8.0
2025-05-22T11:50:01.200000Z,cap-session-0431,cap-app-0431,identity_verification_started,mobile,ios,direct,cap-req-0431,cap-corr-0431,4.8.0
2025-05-22T12:07:00Z,cap-session-0432,cap-app-0432,application_started,mobile,android,direct,,,4.8.0
2025-05-22T12:07:01.200000Z,cap-session-0432,cap-app-0432,identity_verification_started,mobile,android,direct,cap-req-0432,cap-corr-0432,4.8.0
2025-05-22T12:07:04.800000Z,cap-session-0432,cap-app-0432,identity_verification_completed,mobile,android,direct,cap-req-0432,cap-corr-0432,4.8.0
2025-05-22T12:07:07.400000Z,cap-session-0432,cap-app-0432,application_submitted,mobile,android,direct,,,4.8.0
2025-05-22T12:07:09.600000Z,cap-session-0432,cap-app-0432,application_completed,mobile,android,direct,,,4.8.0
2025-05-22T12:24:00Z,cap-session-0433,cap-app-0433,application_started,web,desktop,email,,,4.8.0
2025-05-22T12:24:01.200000Z,cap-session-0433,cap-app-0433,identity_verification_started,web,desktop,email,cap-req-0433,cap-corr-0433,4.8.0
2025-05-22T12:24:02.290000Z,cap-session-0433,cap-app-0433,identity_verification_completed,web,desktop,email,cap-req-0433,cap-corr-0433,4.8.0
2025-05-22T12:24:04.890000Z,cap-session-0433,cap-app-0433,application_submitted,web,desktop,email,,,4.8.0
2025-05-22T12:24:07.090000Z,cap-session-0433,cap-app-0433,application_completed,web,desktop,email,,,4.8.0
2025-05-22T12:41:00Z,cap-session-0434,cap-app-0434,application_started,web,desktop,direct,,,4.8.0
2025-05-22T12:41:01.200000Z,cap-session-0434,cap-app-0434,identity_verification_started,web,desktop,direct,cap-req-0434,cap-corr-0434,4.8.0
2025-05-22T12:41:02.080000Z,cap-session-0434,cap-app-0434,identity_verification_completed,web,desktop,direct,cap-req-0434,cap-corr-0434,4.8.0
2025-05-22T12:41:04.680000Z,cap-session-0434,cap-app-0434,application_submitted,web,desktop,direct,,,4.8.0
2025-05-22T12:41:06.880000Z,cap-session-0434,cap-app-0434,application_completed,web,desktop,direct,,,4.8.0
2025-05-22T12:58:00Z,cap-session-0435,cap-app-0435,application_started,web,desktop,direct,,,4.8.0
2025-05-22T12:58:01.200000Z,cap-session-0435,cap-app-0435,identity_verification_started,web,desktop,direct,cap-req-0435,cap-corr-0435,4.8.0
2025-05-22T12:58:02.115000Z,cap-session-0435,cap-app-0435,identity_verification_completed,web,desktop,direct,cap-req-0435,cap-corr-0435,4.8.0
2025-05-22T12:58:04.715000Z,cap-session-0435,cap-app-0435,application_submitted,web,desktop,direct,,,4.8.0
2025-05-22T12:58:06.915000Z,cap-session-0435,cap-app-0435,application_completed,web,desktop,direct,,,4.8.0
2025-05-22T13:15:00Z,cap-session-0436,cap-app-0436,application_started,web,desktop,direct,,,4.8.0
2025-05-22T13:15:01.200000Z,cap-session-0436,cap-app-0436,identity_verification_started,web,desktop,direct,cap-req-0436,cap-corr-0436,4.8.0
2025-05-22T13:15:02.150000Z,cap-session-0436,cap-app-0436,identity_verification_completed,web,desktop,direct,cap-req-0436,cap-corr-0436,4.8.0
2025-05-22T13:15:04.750000Z,cap-session-0436,cap-app-0436,application_submitted,web,desktop,direct,,,4.8.0
2025-05-22T13:15:06.950000Z,cap-session-0436,cap-app-0436,application_completed,web,desktop,direct,,,4.8.0
2025-05-22T13:32:00Z,cap-session-0437,cap-app-0437,application_started,web,desktop,email,,,4.8.0
2025-05-22T13:32:01.200000Z,cap-session-0437,cap-app-0437,identity_verification_started,web,desktop,email,cap-req-0437,cap-corr-0437,4.8.0
2025-05-22T13:49:00Z,cap-session-0438,cap-app-0438,application_started,web,desktop,direct,,,4.8.0
2025-05-22T13:49:01.200000Z,cap-session-0438,cap-app-0438,identity_verification_started,web,desktop,direct,cap-req-0438,cap-corr-0438,4.8.0
2025-05-22T13:49:02.220000Z,cap-session-0438,cap-app-0438,identity_verification_completed,web,desktop,direct,cap-req-0438,cap-corr-0438,4.8.0
2025-05-22T13:49:04.820000Z,cap-session-0438,cap-app-0438,application_submitted,web,desktop,direct,,,4.8.0
2025-05-22T13:49:07.020000Z,cap-session-0438,cap-app-0438,application_completed,web,desktop,direct,,,4.8.0
2025-05-22T14:06:00Z,cap-session-0439,cap-app-0439,application_started,web,desktop,direct,,,4.8.0
2025-05-22T14:06:01.200000Z,cap-session-0439,cap-app-0439,identity_verification_started,web,desktop,direct,cap-req-0439,cap-corr-0439,4.8.0
2025-05-22T14:06:02.255000Z,cap-session-0439,cap-app-0439,identity_verification_completed,web,desktop,direct,cap-req-0439,cap-corr-0439,4.8.0
2025-05-22T14:06:04.855000Z,cap-session-0439,cap-app-0439,application_submitted,web,desktop,direct,,,4.8.0
2025-05-22T14:06:07.055000Z,cap-session-0439,cap-app-0439,application_completed,web,desktop,direct,,,4.8.0
2025-05-22T14:23:00Z,cap-session-0440,cap-app-0440,application_started,web,desktop,direct,,,4.8.0
2025-05-22T14:23:01.200000Z,cap-session-0440,cap-app-0440,identity_verification_started,web,desktop,direct,cap-req-0440,cap-corr-0440,4.8.0
2025-05-22T14:23:02.290000Z,cap-session-0440,cap-app-0440,identity_verification_completed,web,desktop,direct,cap-req-0440,cap-corr-0440,4.8.0
2025-05-22T14:23:04.890000Z,cap-session-0440,cap-app-0440,application_submitted,web,desktop,direct,,,4.8.0
2025-05-22T14:23:07.090000Z,cap-session-0440,cap-app-0440,application_completed,web,desktop,direct,,,4.8.0
2025-05-23T09:00:00Z,cap-session-0441,cap-app-0441,application_started,mobile,ios,partner,,,4.8.0
2025-05-23T09:00:01.200000Z,cap-session-0441,cap-app-0441,identity_verification_started,mobile,ios,partner,cap-req-0441,cap-corr-0441,4.8.0
2025-05-23T09:00:04.880000Z,cap-session-0441,cap-app-0441,identity_verification_completed,mobile,ios,partner,cap-req-0441,cap-corr-0441,4.8.0
2025-05-23T09:00:07.480000Z,cap-session-0441,cap-app-0441,application_submitted,mobile,ios,partner,,,4.8.0
2025-05-23T09:00:09.680000Z,cap-session-0441,cap-app-0441,application_completed,mobile,ios,partner,,,4.8.0
2025-05-23T09:17:00Z,cap-session-0442,cap-app-0442,application_started,mobile,android,partner,,,4.8.0
2025-05-23T09:17:01.200000Z,cap-session-0442,cap-app-0442,identity_verification_started,mobile,android,partner,cap-req-0442,cap-corr-0442,4.8.0
2025-05-23T09:17:02.115000Z,cap-session-0442,cap-app-0442,identity_verification_completed,mobile,android,partner,cap-req-0442,cap-corr-0442,4.8.0
2025-05-23T09:17:04.715000Z,cap-session-0442,cap-app-0442,application_submitted,mobile,android,partner,,,4.8.0
2025-05-23T09:17:06.915000Z,cap-session-0442,cap-app-0442,application_completed,mobile,android,partner,,,4.8.0
2025-05-23T09:34:00Z,cap-session-0443,cap-app-0443,application_started,mobile,ios,partner,,,4.8.0
2025-05-23T09:34:01.200000Z,cap-session-0443,cap-app-0443,identity_verification_started,mobile,ios,partner,cap-req-0443,cap-corr-0443,4.8.0
2025-05-23T09:34:02.150000Z,cap-session-0443,cap-app-0443,identity_verification_completed,mobile,ios,partner,cap-req-0443,cap-corr-0443,4.8.0
2025-05-23T09:34:04.750000Z,cap-session-0443,cap-app-0443,application_submitted,mobile,ios,partner,,,4.8.0
2025-05-23T09:34:06.950000Z,cap-session-0443,cap-app-0443,application_completed,mobile,ios,partner,,,4.8.0
2025-05-23T09:51:00Z,cap-session-0444,cap-app-0444,application_started,mobile,android,partner,,,4.8.0
2025-05-23T09:51:01.200000Z,cap-session-0444,cap-app-0444,identity_verification_started,mobile,android,partner,cap-req-0444,cap-corr-0444,4.8.0
2025-05-23T09:51:02.185000Z,cap-session-0444,cap-app-0444,identity_verification_completed,mobile,android,partner,cap-req-0444,cap-corr-0444,4.8.0
2025-05-23T09:51:04.785000Z,cap-session-0444,cap-app-0444,application_submitted,mobile,android,partner,,,4.8.0
2025-05-23T09:51:06.985000Z,cap-session-0444,cap-app-0444,application_completed,mobile,android,partner,,,4.8.0
2025-05-23T10:08:00Z,cap-session-0445,cap-app-0445,application_started,mobile,ios,partner,,,4.8.0
2025-05-23T10:08:01.200000Z,cap-session-0445,cap-app-0445,identity_verification_started,mobile,ios,partner,cap-req-0445,cap-corr-0445,4.8.0
2025-05-23T10:25:00Z,cap-session-0446,cap-app-0446,application_started,mobile,android,partner,,,4.8.0
2025-05-23T10:25:01.200000Z,cap-session-0446,cap-app-0446,identity_verification_started,mobile,android,partner,cap-req-0446,cap-corr-0446,4.8.0
2025-05-23T10:25:05.280000Z,cap-session-0446,cap-app-0446,identity_verification_completed,mobile,android,partner,cap-req-0446,cap-corr-0446,4.8.0
2025-05-23T10:25:07.880000Z,cap-session-0446,cap-app-0446,application_submitted,mobile,android,partner,,,4.8.0
2025-05-23T10:25:10.080000Z,cap-session-0446,cap-app-0446,application_completed,mobile,android,partner,,,4.8.0
2025-05-23T10:42:00Z,cap-session-0447,cap-app-0447,application_started,mobile,ios,direct,,,4.8.0
2025-05-23T10:42:01.200000Z,cap-session-0447,cap-app-0447,identity_verification_started,mobile,ios,direct,cap-req-0447,cap-corr-0447,4.8.0
2025-05-23T10:42:02.290000Z,cap-session-0447,cap-app-0447,identity_verification_completed,mobile,ios,direct,cap-req-0447,cap-corr-0447,4.8.0
2025-05-23T10:42:04.890000Z,cap-session-0447,cap-app-0447,application_submitted,mobile,ios,direct,,,4.8.0
2025-05-23T10:42:07.090000Z,cap-session-0447,cap-app-0447,application_completed,mobile,ios,direct,,,4.8.0
2025-05-23T10:59:00Z,cap-session-0448,cap-app-0448,application_started,mobile,android,direct,,,4.8.0
2025-05-23T10:59:01.200000Z,cap-session-0448,cap-app-0448,identity_verification_started,mobile,android,direct,cap-req-0448,cap-corr-0448,4.8.0
2025-05-23T10:59:02.080000Z,cap-session-0448,cap-app-0448,identity_verification_completed,mobile,android,direct,cap-req-0448,cap-corr-0448,4.8.0
2025-05-23T10:59:04.680000Z,cap-session-0448,cap-app-0448,application_submitted,mobile,android,direct,,,4.8.0
2025-05-23T10:59:06.880000Z,cap-session-0448,cap-app-0448,application_completed,mobile,android,direct,,,4.8.0
2025-05-23T11:16:00Z,cap-session-0449,cap-app-0449,application_started,mobile,ios,email,,,4.8.0
2025-05-23T11:16:01.200000Z,cap-session-0449,cap-app-0449,identity_verification_started,mobile,ios,email,cap-req-0449,cap-corr-0449,4.8.0
2025-05-23T11:16:02.115000Z,cap-session-0449,cap-app-0449,identity_verification_completed,mobile,ios,email,cap-req-0449,cap-corr-0449,4.8.0
2025-05-23T11:16:04.715000Z,cap-session-0449,cap-app-0449,application_submitted,mobile,ios,email,,,4.8.0
2025-05-23T11:16:06.915000Z,cap-session-0449,cap-app-0449,application_completed,mobile,ios,email,,,4.8.0
2025-05-23T11:33:00Z,cap-session-0450,cap-app-0450,application_started,mobile,android,direct,,,4.8.0
2025-05-23T11:33:01.200000Z,cap-session-0450,cap-app-0450,identity_verification_started,mobile,android,direct,cap-req-0450,cap-corr-0450,4.8.0
2025-05-23T11:50:00Z,cap-session-0451,cap-app-0451,application_started,mobile,ios,direct,,,4.8.0
2025-05-23T11:50:01.200000Z,cap-session-0451,cap-app-0451,identity_verification_started,mobile,ios,direct,cap-req-0451,cap-corr-0451,4.8.0
2025-05-23T11:50:05.040000Z,cap-session-0451,cap-app-0451,identity_verification_completed,mobile,ios,direct,cap-req-0451,cap-corr-0451,4.8.0
2025-05-23T11:50:07.640000Z,cap-session-0451,cap-app-0451,application_submitted,mobile,ios,direct,,,4.8.0
2025-05-23T11:50:09.840000Z,cap-session-0451,cap-app-0451,application_completed,mobile,ios,direct,,,4.8.0
2025-05-23T12:07:00Z,cap-session-0452,cap-app-0452,application_started,mobile,android,direct,,,4.8.0
2025-05-23T12:07:01.200000Z,cap-session-0452,cap-app-0452,identity_verification_started,mobile,android,direct,cap-req-0452,cap-corr-0452,4.8.0
2025-05-23T12:07:02.220000Z,cap-session-0452,cap-app-0452,identity_verification_completed,mobile,android,direct,cap-req-0452,cap-corr-0452,4.8.0
2025-05-23T12:07:04.820000Z,cap-session-0452,cap-app-0452,application_submitted,mobile,android,direct,,,4.8.0
2025-05-23T12:07:07.020000Z,cap-session-0452,cap-app-0452,application_completed,mobile,android,direct,,,4.8.0
2025-05-23T12:24:00Z,cap-session-0453,cap-app-0453,application_started,web,desktop,email,,,4.8.0
2025-05-23T12:24:01.200000Z,cap-session-0453,cap-app-0453,identity_verification_started,web,desktop,email,cap-req-0453,cap-corr-0453,4.8.0
2025-05-23T12:24:02.255000Z,cap-session-0453,cap-app-0453,identity_verification_completed,web,desktop,email,cap-req-0453,cap-corr-0453,4.8.0
2025-05-23T12:24:04.855000Z,cap-session-0453,cap-app-0453,application_submitted,web,desktop,email,,,4.8.0
2025-05-23T12:24:07.055000Z,cap-session-0453,cap-app-0453,application_completed,web,desktop,email,,,4.8.0
2025-05-23T12:41:00Z,cap-session-0454,cap-app-0454,application_started,web,desktop,direct,,,4.8.0
2025-05-23T12:41:01.200000Z,cap-session-0454,cap-app-0454,identity_verification_started,web,desktop,direct,cap-req-0454,cap-corr-0454,4.8.0
2025-05-23T12:41:02.290000Z,cap-session-0454,cap-app-0454,identity_verification_completed,web,desktop,direct,cap-req-0454,cap-corr-0454,4.8.0
2025-05-23T12:41:04.890000Z,cap-session-0454,cap-app-0454,application_submitted,web,desktop,direct,,,4.8.0
2025-05-23T12:41:07.090000Z,cap-session-0454,cap-app-0454,application_completed,web,desktop,direct,,,4.8.0
2025-05-23T12:58:00Z,cap-session-0455,cap-app-0455,application_started,web,desktop,direct,,,4.8.0
2025-05-23T12:58:01.200000Z,cap-session-0455,cap-app-0455,identity_verification_started,web,desktop,direct,cap-req-0455,cap-corr-0455,4.8.0
2025-05-23T12:58:02.080000Z,cap-session-0455,cap-app-0455,identity_verification_completed,web,desktop,direct,cap-req-0455,cap-corr-0455,4.8.0
2025-05-23T12:58:04.680000Z,cap-session-0455,cap-app-0455,application_submitted,web,desktop,direct,,,4.8.0
2025-05-23T12:58:06.880000Z,cap-session-0455,cap-app-0455,application_completed,web,desktop,direct,,,4.8.0
2025-05-23T13:15:00Z,cap-session-0456,cap-app-0456,application_started,web,desktop,direct,,,4.8.0
2025-05-23T13:15:01.200000Z,cap-session-0456,cap-app-0456,identity_verification_started,web,desktop,direct,cap-req-0456,cap-corr-0456,4.8.0
2025-05-23T13:32:00Z,cap-session-0457,cap-app-0457,application_started,web,desktop,email,,,4.8.0
2025-05-23T13:32:01.200000Z,cap-session-0457,cap-app-0457,identity_verification_started,web,desktop,email,cap-req-0457,cap-corr-0457,4.8.0
2025-05-23T13:32:02.150000Z,cap-session-0457,cap-app-0457,identity_verification_completed,web,desktop,email,cap-req-0457,cap-corr-0457,4.8.0
2025-05-23T13:32:04.750000Z,cap-session-0457,cap-app-0457,application_submitted,web,desktop,email,,,4.8.0
2025-05-23T13:32:06.950000Z,cap-session-0457,cap-app-0457,application_completed,web,desktop,email,,,4.8.0
2025-05-23T13:49:00Z,cap-session-0458,cap-app-0458,application_started,web,desktop,direct,,,4.8.0
2025-05-23T13:49:01.200000Z,cap-session-0458,cap-app-0458,identity_verification_started,web,desktop,direct,cap-req-0458,cap-corr-0458,4.8.0
2025-05-23T13:49:02.185000Z,cap-session-0458,cap-app-0458,identity_verification_completed,web,desktop,direct,cap-req-0458,cap-corr-0458,4.8.0
2025-05-23T13:49:04.785000Z,cap-session-0458,cap-app-0458,application_submitted,web,desktop,direct,,,4.8.0
2025-05-23T13:49:06.985000Z,cap-session-0458,cap-app-0458,application_completed,web,desktop,direct,,,4.8.0
2025-05-23T14:06:00Z,cap-session-0459,cap-app-0459,application_started,web,desktop,direct,,,4.8.0
2025-05-23T14:06:01.200000Z,cap-session-0459,cap-app-0459,identity_verification_started,web,desktop,direct,cap-req-0459,cap-corr-0459,4.8.0
2025-05-23T14:06:02.220000Z,cap-session-0459,cap-app-0459,identity_verification_completed,web,desktop,direct,cap-req-0459,cap-corr-0459,4.8.0
2025-05-23T14:06:04.820000Z,cap-session-0459,cap-app-0459,application_submitted,web,desktop,direct,,,4.8.0
2025-05-23T14:06:07.020000Z,cap-session-0459,cap-app-0459,application_completed,web,desktop,direct,,,4.8.0
2025-05-23T14:23:00Z,cap-session-0460,cap-app-0460,application_started,web,desktop,direct,,,4.8.0
2025-05-23T14:23:01.200000Z,cap-session-0460,cap-app-0460,identity_verification_started,web,desktop,direct,cap-req-0460,cap-corr-0460,4.8.0
2025-05-23T14:23:02.255000Z,cap-session-0460,cap-app-0460,identity_verification_completed,web,desktop,direct,cap-req-0460,cap-corr-0460,4.8.0
2025-05-23T14:23:04.855000Z,cap-session-0460,cap-app-0460,application_submitted,web,desktop,direct,,,4.8.0
2025-05-24T09:00:00Z,cap-session-0461,cap-app-0461,application_started,mobile,ios,partner,,,4.8.0
2025-05-24T09:00:01.200000Z,cap-session-0461,cap-app-0461,identity_verification_started,mobile,ios,partner,cap-req-0461,cap-corr-0461,4.8.0
2025-05-24T09:00:02.290000Z,cap-session-0461,cap-app-0461,identity_verification_completed,mobile,ios,partner,cap-req-0461,cap-corr-0461,4.8.0
2025-05-24T09:00:04.890000Z,cap-session-0461,cap-app-0461,application_submitted,mobile,ios,partner,,,4.8.0
2025-05-24T09:00:07.090000Z,cap-session-0461,cap-app-0461,application_completed,mobile,ios,partner,,,4.8.0
2025-05-24T09:17:00Z,cap-session-0462,cap-app-0462,application_started,mobile,android,partner,,,4.8.0
2025-05-24T09:17:01.200000Z,cap-session-0462,cap-app-0462,identity_verification_started,mobile,android,partner,cap-req-0462,cap-corr-0462,4.8.0
2025-05-24T09:17:02.080000Z,cap-session-0462,cap-app-0462,identity_verification_completed,mobile,android,partner,cap-req-0462,cap-corr-0462,4.8.0
2025-05-24T09:17:04.680000Z,cap-session-0462,cap-app-0462,application_submitted,mobile,android,partner,,,4.8.0
2025-05-24T09:17:06.880000Z,cap-session-0462,cap-app-0462,application_completed,mobile,android,partner,,,4.8.0
2025-05-24T09:34:00Z,cap-session-0463,cap-app-0463,application_started,mobile,ios,partner,,,4.8.0
2025-05-24T09:34:01.200000Z,cap-session-0463,cap-app-0463,identity_verification_started,mobile,ios,partner,cap-req-0463,cap-corr-0463,4.8.0
2025-05-24T09:34:02.115000Z,cap-session-0463,cap-app-0463,identity_verification_completed,mobile,ios,partner,cap-req-0463,cap-corr-0463,4.8.0
2025-05-24T09:34:04.715000Z,cap-session-0463,cap-app-0463,application_submitted,mobile,ios,partner,,,4.8.0
2025-05-24T09:34:06.915000Z,cap-session-0463,cap-app-0463,application_completed,mobile,ios,partner,,,4.8.0
2025-05-24T09:51:00Z,cap-session-0464,cap-app-0464,application_started,mobile,android,partner,,,4.8.0
2025-05-24T09:51:01.200000Z,cap-session-0464,cap-app-0464,identity_verification_started,mobile,android,partner,cap-req-0464,cap-corr-0464,4.8.0
2025-05-24T10:08:00Z,cap-session-0465,cap-app-0465,application_started,mobile,ios,partner,,,4.8.0
2025-05-24T10:08:01.200000Z,cap-session-0465,cap-app-0465,identity_verification_started,mobile,ios,partner,cap-req-0465,cap-corr-0465,4.8.0
2025-05-24T10:25:00Z,cap-session-0466,cap-app-0466,application_started,mobile,android,partner,,,4.8.0
2025-05-24T10:25:01.200000Z,cap-session-0466,cap-app-0466,identity_verification_started,mobile,android,partner,cap-req-0466,cap-corr-0466,4.8.0
2025-05-24T10:25:02.220000Z,cap-session-0466,cap-app-0466,identity_verification_completed,mobile,android,partner,cap-req-0466,cap-corr-0466,4.8.0
2025-05-24T10:25:04.820000Z,cap-session-0466,cap-app-0466,application_submitted,mobile,android,partner,,,4.8.0
2025-05-24T10:25:07.020000Z,cap-session-0466,cap-app-0466,application_completed,mobile,android,partner,,,4.8.0
2025-05-24T10:42:00Z,cap-session-0467,cap-app-0467,application_started,mobile,ios,direct,,,4.8.0
2025-05-24T10:42:01.200000Z,cap-session-0467,cap-app-0467,identity_verification_started,mobile,ios,direct,cap-req-0467,cap-corr-0467,4.8.0
2025-05-24T10:42:02.255000Z,cap-session-0467,cap-app-0467,identity_verification_completed,mobile,ios,direct,cap-req-0467,cap-corr-0467,4.8.0
2025-05-24T10:42:04.855000Z,cap-session-0467,cap-app-0467,application_submitted,mobile,ios,direct,,,4.8.0
2025-05-24T10:42:07.055000Z,cap-session-0467,cap-app-0467,application_completed,mobile,ios,direct,,,4.8.0
2025-05-24T10:59:00Z,cap-session-0468,cap-app-0468,application_started,mobile,android,direct,,,4.8.0
2025-05-24T10:59:01.200000Z,cap-session-0468,cap-app-0468,identity_verification_started,mobile,android,direct,cap-req-0468,cap-corr-0468,4.8.0
2025-05-24T10:59:02.290000Z,cap-session-0468,cap-app-0468,identity_verification_completed,mobile,android,direct,cap-req-0468,cap-corr-0468,4.8.0
2025-05-24T10:59:04.890000Z,cap-session-0468,cap-app-0468,application_submitted,mobile,android,direct,,,4.8.0
2025-05-24T10:59:07.090000Z,cap-session-0468,cap-app-0468,application_completed,mobile,android,direct,,,4.8.0
2025-05-24T11:16:00Z,cap-session-0469,cap-app-0469,application_started,mobile,ios,email,,,4.8.0
2025-05-24T11:16:01.200000Z,cap-session-0469,cap-app-0469,identity_verification_started,mobile,ios,email,cap-req-0469,cap-corr-0469,4.8.0
2025-05-24T11:33:00Z,cap-session-0470,cap-app-0470,application_started,mobile,android,direct,,,4.8.0
2025-05-24T11:33:01.200000Z,cap-session-0470,cap-app-0470,identity_verification_started,mobile,android,direct,cap-req-0470,cap-corr-0470,4.8.0
2025-05-24T11:33:05.280000Z,cap-session-0470,cap-app-0470,identity_verification_completed,mobile,android,direct,cap-req-0470,cap-corr-0470,4.8.0
2025-05-24T11:33:07.880000Z,cap-session-0470,cap-app-0470,application_submitted,mobile,android,direct,,,4.8.0
2025-05-24T11:33:10.080000Z,cap-session-0470,cap-app-0470,application_completed,mobile,android,direct,,,4.8.0
2025-05-24T11:50:00Z,cap-session-0471,cap-app-0471,application_started,mobile,ios,direct,,,4.8.0
2025-05-24T11:50:01.200000Z,cap-session-0471,cap-app-0471,identity_verification_started,mobile,ios,direct,cap-req-0471,cap-corr-0471,4.8.0
2025-05-24T11:50:02.150000Z,cap-session-0471,cap-app-0471,identity_verification_completed,mobile,ios,direct,cap-req-0471,cap-corr-0471,4.8.0
2025-05-24T11:50:04.750000Z,cap-session-0471,cap-app-0471,application_submitted,mobile,ios,direct,,,4.8.0
2025-05-24T11:50:06.950000Z,cap-session-0471,cap-app-0471,application_completed,mobile,ios,direct,,,4.8.0
2025-05-24T12:07:00Z,cap-session-0472,cap-app-0472,application_started,mobile,android,direct,,,4.8.0
2025-05-24T12:07:01.200000Z,cap-session-0472,cap-app-0472,identity_verification_started,mobile,android,direct,cap-req-0472,cap-corr-0472,4.8.0
2025-05-24T12:07:02.185000Z,cap-session-0472,cap-app-0472,identity_verification_completed,mobile,android,direct,cap-req-0472,cap-corr-0472,4.8.0
2025-05-24T12:07:04.785000Z,cap-session-0472,cap-app-0472,application_submitted,mobile,android,direct,,,4.8.0
2025-05-24T12:07:06.985000Z,cap-session-0472,cap-app-0472,application_completed,mobile,android,direct,,,4.8.0
2025-05-24T12:24:00Z,cap-session-0473,cap-app-0473,application_started,web,desktop,email,,,4.8.0
2025-05-24T12:24:01.200000Z,cap-session-0473,cap-app-0473,identity_verification_started,web,desktop,email,cap-req-0473,cap-corr-0473,4.8.0
2025-05-24T12:24:02.220000Z,cap-session-0473,cap-app-0473,identity_verification_completed,web,desktop,email,cap-req-0473,cap-corr-0473,4.8.0
2025-05-24T12:24:04.820000Z,cap-session-0473,cap-app-0473,application_submitted,web,desktop,email,,,4.8.0
2025-05-24T12:24:07.020000Z,cap-session-0473,cap-app-0473,application_completed,web,desktop,email,,,4.8.0
2025-05-24T12:41:00Z,cap-session-0474,cap-app-0474,application_started,web,desktop,direct,,,4.8.0
2025-05-24T12:41:01.200000Z,cap-session-0474,cap-app-0474,identity_verification_started,web,desktop,direct,cap-req-0474,cap-corr-0474,4.8.0
2025-05-24T12:41:02.255000Z,cap-session-0474,cap-app-0474,identity_verification_completed,web,desktop,direct,cap-req-0474,cap-corr-0474,4.8.0
2025-05-24T12:41:04.855000Z,cap-session-0474,cap-app-0474,application_submitted,web,desktop,direct,,,4.8.0
2025-05-24T12:41:07.055000Z,cap-session-0474,cap-app-0474,application_completed,web,desktop,direct,,,4.8.0
2025-05-24T12:58:00Z,cap-session-0475,cap-app-0475,application_started,web,desktop,direct,,,4.8.0
2025-05-24T12:58:01.200000Z,cap-session-0475,cap-app-0475,identity_verification_started,web,desktop,direct,cap-req-0475,cap-corr-0475,4.8.0
2025-05-24T13:15:00Z,cap-session-0476,cap-app-0476,application_started,web,desktop,direct,,,4.8.0
2025-05-24T13:15:01.200000Z,cap-session-0476,cap-app-0476,identity_verification_started,web,desktop,direct,cap-req-0476,cap-corr-0476,4.8.0
2025-05-24T13:15:02.080000Z,cap-session-0476,cap-app-0476,identity_verification_completed,web,desktop,direct,cap-req-0476,cap-corr-0476,4.8.0
2025-05-24T13:15:04.680000Z,cap-session-0476,cap-app-0476,application_submitted,web,desktop,direct,,,4.8.0
2025-05-24T13:15:06.880000Z,cap-session-0476,cap-app-0476,application_completed,web,desktop,direct,,,4.8.0
2025-05-24T13:32:00Z,cap-session-0477,cap-app-0477,application_started,web,desktop,email,,,4.8.0
2025-05-24T13:32:01.200000Z,cap-session-0477,cap-app-0477,identity_verification_started,web,desktop,email,cap-req-0477,cap-corr-0477,4.8.0
2025-05-24T13:32:02.115000Z,cap-session-0477,cap-app-0477,identity_verification_completed,web,desktop,email,cap-req-0477,cap-corr-0477,4.8.0
2025-05-24T13:32:04.715000Z,cap-session-0477,cap-app-0477,application_submitted,web,desktop,email,,,4.8.0
2025-05-24T13:32:06.915000Z,cap-session-0477,cap-app-0477,application_completed,web,desktop,email,,,4.8.0
2025-05-24T13:49:00Z,cap-session-0478,cap-app-0478,application_started,web,desktop,direct,,,4.8.0
2025-05-24T13:49:01.200000Z,cap-session-0478,cap-app-0478,identity_verification_started,web,desktop,direct,cap-req-0478,cap-corr-0478,4.8.0
2025-05-24T13:49:02.150000Z,cap-session-0478,cap-app-0478,identity_verification_completed,web,desktop,direct,cap-req-0478,cap-corr-0478,4.8.0
2025-05-24T13:49:04.750000Z,cap-session-0478,cap-app-0478,application_submitted,web,desktop,direct,,,4.8.0
2025-05-24T13:49:06.950000Z,cap-session-0478,cap-app-0478,application_completed,web,desktop,direct,,,4.8.0
2025-05-24T14:06:00Z,cap-session-0479,cap-app-0479,application_started,web,desktop,direct,,,4.8.0
2025-05-24T14:06:01.200000Z,cap-session-0479,cap-app-0479,identity_verification_started,web,desktop,direct,cap-req-0479,cap-corr-0479,4.8.0
2025-05-24T14:06:02.185000Z,cap-session-0479,cap-app-0479,identity_verification_completed,web,desktop,direct,cap-req-0479,cap-corr-0479,4.8.0
2025-05-24T14:06:04.785000Z,cap-session-0479,cap-app-0479,application_submitted,web,desktop,direct,,,4.8.0
2025-05-24T14:06:06.985000Z,cap-session-0479,cap-app-0479,application_completed,web,desktop,direct,,,4.8.0
2025-05-24T14:23:00Z,cap-session-0480,cap-app-0480,application_started,web,desktop,direct,,,4.8.0
2025-05-24T14:23:01.200000Z,cap-session-0480,cap-app-0480,identity_verification_started,web,desktop,direct,cap-req-0480,cap-corr-0480,4.8.0
2025-05-24T14:23:02.220000Z,cap-session-0480,cap-app-0480,identity_verification_completed,web,desktop,direct,cap-req-0480,cap-corr-0480,4.8.0
2025-05-24T14:23:04.820000Z,cap-session-0480,cap-app-0480,application_submitted,web,desktop,direct,,,4.8.0
2025-05-24T14:23:07.020000Z,cap-session-0480,cap-app-0480,application_completed,web,desktop,direct,,,4.8.0
2025-05-25T09:00:00Z,cap-session-0481,cap-app-0481,application_started,mobile,ios,partner,,,4.8.0
2025-05-25T09:00:01.200000Z,cap-session-0481,cap-app-0481,identity_verification_started,mobile,ios,partner,cap-req-0481,cap-corr-0481,4.8.0
2025-05-25T09:00:02.255000Z,cap-session-0481,cap-app-0481,identity_verification_completed,mobile,ios,partner,cap-req-0481,cap-corr-0481,4.8.0
2025-05-25T09:00:04.855000Z,cap-session-0481,cap-app-0481,application_submitted,mobile,ios,partner,,,4.8.0
2025-05-25T09:00:07.055000Z,cap-session-0481,cap-app-0481,application_completed,mobile,ios,partner,,,4.8.0
2025-05-25T09:17:00Z,cap-session-0482,cap-app-0482,application_started,mobile,android,partner,,,4.8.0
2025-05-25T09:17:01.200000Z,cap-session-0482,cap-app-0482,identity_verification_started,mobile,android,partner,cap-req-0482,cap-corr-0482,4.8.0
2025-05-25T09:17:02.290000Z,cap-session-0482,cap-app-0482,identity_verification_completed,mobile,android,partner,cap-req-0482,cap-corr-0482,4.8.0
2025-05-25T09:17:04.890000Z,cap-session-0482,cap-app-0482,application_submitted,mobile,android,partner,,,4.8.0
2025-05-25T09:17:07.090000Z,cap-session-0482,cap-app-0482,application_completed,mobile,android,partner,,,4.8.0
2025-05-25T09:34:00Z,cap-session-0483,cap-app-0483,application_started,mobile,ios,partner,,,4.8.0
2025-05-25T09:34:01.200000Z,cap-session-0483,cap-app-0483,identity_verification_started,mobile,ios,partner,cap-req-0483,cap-corr-0483,4.8.0
2025-05-25T09:51:00Z,cap-session-0484,cap-app-0484,application_started,mobile,android,partner,,,4.8.0
2025-05-25T09:51:01.200000Z,cap-session-0484,cap-app-0484,identity_verification_started,mobile,android,partner,cap-req-0484,cap-corr-0484,4.8.0
2025-05-25T09:51:05.120000Z,cap-session-0484,cap-app-0484,identity_verification_completed,mobile,android,partner,cap-req-0484,cap-corr-0484,4.8.0
2025-05-25T09:51:07.720000Z,cap-session-0484,cap-app-0484,application_submitted,mobile,android,partner,,,4.8.0
2025-05-25T09:51:09.920000Z,cap-session-0484,cap-app-0484,application_completed,mobile,android,partner,,,4.8.0
2025-05-25T10:08:00Z,cap-session-0485,cap-app-0485,application_started,mobile,ios,partner,,,4.8.0
2025-05-25T10:08:01.200000Z,cap-session-0485,cap-app-0485,identity_verification_started,mobile,ios,partner,cap-req-0485,cap-corr-0485,4.8.0
2025-05-25T10:25:00Z,cap-session-0486,cap-app-0486,application_started,mobile,android,partner,,,4.8.0
2025-05-25T10:25:01.200000Z,cap-session-0486,cap-app-0486,identity_verification_started,mobile,android,partner,cap-req-0486,cap-corr-0486,4.8.0
2025-05-25T10:25:02.185000Z,cap-session-0486,cap-app-0486,identity_verification_completed,mobile,android,partner,cap-req-0486,cap-corr-0486,4.8.0
2025-05-25T10:25:04.785000Z,cap-session-0486,cap-app-0486,application_submitted,mobile,android,partner,,,4.8.0
2025-05-25T10:25:06.985000Z,cap-session-0486,cap-app-0486,application_completed,mobile,android,partner,,,4.8.0
2025-05-25T10:42:00Z,cap-session-0487,cap-app-0487,application_started,mobile,ios,direct,,,4.8.0
2025-05-25T10:42:01.200000Z,cap-session-0487,cap-app-0487,identity_verification_started,mobile,ios,direct,cap-req-0487,cap-corr-0487,4.8.0
2025-05-25T10:42:02.220000Z,cap-session-0487,cap-app-0487,identity_verification_completed,mobile,ios,direct,cap-req-0487,cap-corr-0487,4.8.0
2025-05-25T10:42:04.820000Z,cap-session-0487,cap-app-0487,application_submitted,mobile,ios,direct,,,4.8.0
2025-05-25T10:42:07.020000Z,cap-session-0487,cap-app-0487,application_completed,mobile,ios,direct,,,4.8.0
2025-05-25T10:59:00Z,cap-session-0488,cap-app-0488,application_started,mobile,android,direct,,,4.8.0
2025-05-25T10:59:01.200000Z,cap-session-0488,cap-app-0488,identity_verification_started,mobile,android,direct,cap-req-0488,cap-corr-0488,4.8.0
2025-05-25T11:16:00Z,cap-session-0489,cap-app-0489,application_started,mobile,ios,email,,,4.8.0
2025-05-25T11:16:01.200000Z,cap-session-0489,cap-app-0489,identity_verification_started,mobile,ios,email,cap-req-0489,cap-corr-0489,4.8.0
2025-05-25T11:16:04.880000Z,cap-session-0489,cap-app-0489,identity_verification_completed,mobile,ios,email,cap-req-0489,cap-corr-0489,4.8.0
2025-05-25T11:16:07.480000Z,cap-session-0489,cap-app-0489,application_submitted,mobile,ios,email,,,4.8.0
2025-05-25T11:16:09.680000Z,cap-session-0489,cap-app-0489,application_completed,mobile,ios,email,,,4.8.0
2025-05-25T11:33:00Z,cap-session-0490,cap-app-0490,application_started,mobile,android,direct,,,4.8.0
2025-05-25T11:33:01.200000Z,cap-session-0490,cap-app-0490,identity_verification_started,mobile,android,direct,cap-req-0490,cap-corr-0490,4.8.0
2025-05-25T11:33:02.080000Z,cap-session-0490,cap-app-0490,identity_verification_completed,mobile,android,direct,cap-req-0490,cap-corr-0490,4.8.0
2025-05-25T11:33:04.680000Z,cap-session-0490,cap-app-0490,application_submitted,mobile,android,direct,,,4.8.0
2025-05-25T11:33:06.880000Z,cap-session-0490,cap-app-0490,application_completed,mobile,android,direct,,,4.8.0
2025-05-25T11:50:00Z,cap-session-0491,cap-app-0491,application_started,mobile,ios,direct,,,4.8.0
2025-05-25T11:50:01.200000Z,cap-session-0491,cap-app-0491,identity_verification_started,mobile,ios,direct,cap-req-0491,cap-corr-0491,4.8.0
2025-05-25T11:50:02.115000Z,cap-session-0491,cap-app-0491,identity_verification_completed,mobile,ios,direct,cap-req-0491,cap-corr-0491,4.8.0
2025-05-25T11:50:04.715000Z,cap-session-0491,cap-app-0491,application_submitted,mobile,ios,direct,,,4.8.0
2025-05-25T11:50:06.915000Z,cap-session-0491,cap-app-0491,application_completed,mobile,ios,direct,,,4.8.0
2025-05-25T12:07:00Z,cap-session-0492,cap-app-0492,application_started,mobile,android,direct,,,4.8.0
2025-05-25T12:07:01.200000Z,cap-session-0492,cap-app-0492,identity_verification_started,mobile,android,direct,cap-req-0492,cap-corr-0492,4.8.0
2025-05-25T12:07:02.150000Z,cap-session-0492,cap-app-0492,identity_verification_completed,mobile,android,direct,cap-req-0492,cap-corr-0492,4.8.0
2025-05-25T12:07:04.750000Z,cap-session-0492,cap-app-0492,application_submitted,mobile,android,direct,,,4.8.0
2025-05-25T12:07:06.950000Z,cap-session-0492,cap-app-0492,application_completed,mobile,android,direct,,,4.8.0
2025-05-25T12:24:00Z,cap-session-0493,cap-app-0493,application_started,web,desktop,email,,,4.8.0
2025-05-25T12:24:01.200000Z,cap-session-0493,cap-app-0493,identity_verification_started,web,desktop,email,cap-req-0493,cap-corr-0493,4.8.0
2025-05-25T12:24:02.185000Z,cap-session-0493,cap-app-0493,identity_verification_completed,web,desktop,email,cap-req-0493,cap-corr-0493,4.8.0
2025-05-25T12:24:04.785000Z,cap-session-0493,cap-app-0493,application_submitted,web,desktop,email,,,4.8.0
2025-05-25T12:24:06.985000Z,cap-session-0493,cap-app-0493,application_completed,web,desktop,email,,,4.8.0
2025-05-25T12:41:00Z,cap-session-0494,cap-app-0494,application_started,web,desktop,direct,,,4.8.0
2025-05-25T12:41:01.200000Z,cap-session-0494,cap-app-0494,identity_verification_started,web,desktop,direct,cap-req-0494,cap-corr-0494,4.8.0
2025-05-25T12:58:00Z,cap-session-0495,cap-app-0495,application_started,web,desktop,direct,,,4.8.0
2025-05-25T12:58:01.200000Z,cap-session-0495,cap-app-0495,identity_verification_started,web,desktop,direct,cap-req-0495,cap-corr-0495,4.8.0
2025-05-25T12:58:02.255000Z,cap-session-0495,cap-app-0495,identity_verification_completed,web,desktop,direct,cap-req-0495,cap-corr-0495,4.8.0
2025-05-25T12:58:04.855000Z,cap-session-0495,cap-app-0495,application_submitted,web,desktop,direct,,,4.8.0
2025-05-25T12:58:07.055000Z,cap-session-0495,cap-app-0495,application_completed,web,desktop,direct,,,4.8.0
2025-05-25T13:15:00Z,cap-session-0496,cap-app-0496,application_started,web,desktop,direct,,,4.8.0
2025-05-25T13:15:01.200000Z,cap-session-0496,cap-app-0496,identity_verification_started,web,desktop,direct,cap-req-0496,cap-corr-0496,4.8.0
2025-05-25T13:15:02.290000Z,cap-session-0496,cap-app-0496,identity_verification_completed,web,desktop,direct,cap-req-0496,cap-corr-0496,4.8.0
2025-05-25T13:15:04.890000Z,cap-session-0496,cap-app-0496,application_submitted,web,desktop,direct,,,4.8.0
2025-05-25T13:15:07.090000Z,cap-session-0496,cap-app-0496,application_completed,web,desktop,direct,,,4.8.0
2025-05-25T13:32:00Z,cap-session-0497,cap-app-0497,application_started,web,desktop,email,,,4.8.0
2025-05-25T13:32:01.200000Z,cap-session-0497,cap-app-0497,identity_verification_started,web,desktop,email,cap-req-0497,cap-corr-0497,4.8.0
2025-05-25T13:32:02.080000Z,cap-session-0497,cap-app-0497,identity_verification_completed,web,desktop,email,cap-req-0497,cap-corr-0497,4.8.0
2025-05-25T13:32:04.680000Z,cap-session-0497,cap-app-0497,application_submitted,web,desktop,email,,,4.8.0
2025-05-25T13:32:06.880000Z,cap-session-0497,cap-app-0497,application_completed,web,desktop,email,,,4.8.0
2025-05-25T13:49:00Z,cap-session-0498,cap-app-0498,application_started,web,desktop,direct,,,4.8.0
2025-05-25T13:49:01.200000Z,cap-session-0498,cap-app-0498,identity_verification_started,web,desktop,direct,cap-req-0498,cap-corr-0498,4.8.0
2025-05-25T13:49:02.115000Z,cap-session-0498,cap-app-0498,identity_verification_completed,web,desktop,direct,cap-req-0498,cap-corr-0498,4.8.0
2025-05-25T13:49:04.715000Z,cap-session-0498,cap-app-0498,application_submitted,web,desktop,direct,,,4.8.0
2025-05-25T13:49:06.915000Z,cap-session-0498,cap-app-0498,application_completed,web,desktop,direct,,,4.8.0
2025-05-25T14:06:00Z,cap-session-0499,cap-app-0499,application_started,web,desktop,direct,,,4.8.0
2025-05-25T14:06:01.200000Z,cap-session-0499,cap-app-0499,identity_verification_started,web,desktop,direct,cap-req-0499,cap-corr-0499,4.8.0
2025-05-25T14:06:02.150000Z,cap-session-0499,cap-app-0499,identity_verification_completed,web,desktop,direct,cap-req-0499,cap-corr-0499,4.8.0
2025-05-25T14:06:04.750000Z,cap-session-0499,cap-app-0499,application_submitted,web,desktop,direct,,,4.8.0
2025-05-25T14:06:06.950000Z,cap-session-0499,cap-app-0499,application_completed,web,desktop,direct,,,4.8.0
2025-05-25T14:23:00Z,cap-session-0500,cap-app-0500,application_started,web,desktop,direct,,,4.8.0
2025-05-25T14:23:01.200000Z,cap-session-0500,cap-app-0500,identity_verification_started,web,desktop,direct,cap-req-0500,cap-corr-0500,4.8.0
2025-05-25T14:23:02.185000Z,cap-session-0500,cap-app-0500,identity_verification_completed,web,desktop,direct,cap-req-0500,cap-corr-0500,4.8.0
2025-05-25T14:23:04.785000Z,cap-session-0500,cap-app-0500,application_submitted,web,desktop,direct,,,4.8.0
2025-05-25T14:23:06.985000Z,cap-session-0500,cap-app-0500,application_completed,web,desktop,direct,,,4.8.0
2025-05-26T09:00:00Z,cap-session-0501,cap-app-0501,application_started,mobile,ios,partner,,,4.8.0
2025-05-26T09:00:01.200000Z,cap-session-0501,cap-app-0501,identity_verification_started,mobile,ios,partner,cap-req-0501,cap-corr-0501,4.8.0
2025-05-26T09:00:02.220000Z,cap-session-0501,cap-app-0501,identity_verification_completed,mobile,ios,partner,cap-req-0501,cap-corr-0501,4.8.0
2025-05-26T09:00:04.820000Z,cap-session-0501,cap-app-0501,application_submitted,mobile,ios,partner,,,4.8.0
2025-05-26T09:00:07.020000Z,cap-session-0501,cap-app-0501,application_completed,mobile,ios,partner,,,4.8.0
2025-05-26T09:17:00Z,cap-session-0502,cap-app-0502,application_started,mobile,android,partner,,,4.8.0
2025-05-26T09:17:01.200000Z,cap-session-0502,cap-app-0502,identity_verification_started,mobile,android,partner,cap-req-0502,cap-corr-0502,4.8.0
2025-05-26T09:34:00Z,cap-session-0503,cap-app-0503,application_started,mobile,ios,partner,,,4.8.0
2025-05-26T09:34:01.200000Z,cap-session-0503,cap-app-0503,identity_verification_started,mobile,ios,partner,cap-req-0503,cap-corr-0503,4.8.0
2025-05-26T09:34:05.360000Z,cap-session-0503,cap-app-0503,identity_verification_completed,mobile,ios,partner,cap-req-0503,cap-corr-0503,4.8.0
2025-05-26T09:34:07.960000Z,cap-session-0503,cap-app-0503,application_submitted,mobile,ios,partner,,,4.8.0
2025-05-26T09:34:10.160000Z,cap-session-0503,cap-app-0503,application_completed,mobile,ios,partner,,,4.8.0
2025-05-26T09:51:00Z,cap-session-0504,cap-app-0504,application_started,mobile,android,partner,,,4.8.0
2025-05-26T09:51:01.200000Z,cap-session-0504,cap-app-0504,identity_verification_started,mobile,android,partner,cap-req-0504,cap-corr-0504,4.8.0
2025-05-26T09:51:02.080000Z,cap-session-0504,cap-app-0504,identity_verification_completed,mobile,android,partner,cap-req-0504,cap-corr-0504,4.8.0
2025-05-26T09:51:04.680000Z,cap-session-0504,cap-app-0504,application_submitted,mobile,android,partner,,,4.8.0
2025-05-26T09:51:06.880000Z,cap-session-0504,cap-app-0504,application_completed,mobile,android,partner,,,4.8.0
2025-05-26T10:08:00Z,cap-session-0505,cap-app-0505,application_started,mobile,ios,partner,,,4.8.0
2025-05-26T10:08:01.200000Z,cap-session-0505,cap-app-0505,identity_verification_started,mobile,ios,partner,cap-req-0505,cap-corr-0505,4.8.0
2025-05-26T10:25:00Z,cap-session-0506,cap-app-0506,application_started,mobile,android,partner,,,4.8.0
2025-05-26T10:25:01.200000Z,cap-session-0506,cap-app-0506,identity_verification_started,mobile,android,partner,cap-req-0506,cap-corr-0506,4.8.0
2025-05-26T10:25:02.150000Z,cap-session-0506,cap-app-0506,identity_verification_completed,mobile,android,partner,cap-req-0506,cap-corr-0506,4.8.0
2025-05-26T10:25:04.750000Z,cap-session-0506,cap-app-0506,application_submitted,mobile,android,partner,,,4.8.0
2025-05-26T10:42:00Z,cap-session-0507,cap-app-0507,application_started,mobile,ios,direct,,,4.8.0
2025-05-26T10:42:01.200000Z,cap-session-0507,cap-app-0507,identity_verification_started,mobile,ios,direct,cap-req-0507,cap-corr-0507,4.8.0
2025-05-26T10:59:00Z,cap-session-0508,cap-app-0508,application_started,mobile,android,direct,,,4.8.0
2025-05-26T10:59:01.200000Z,cap-session-0508,cap-app-0508,identity_verification_started,mobile,android,direct,cap-req-0508,cap-corr-0508,4.8.0
2025-05-26T10:59:05.120000Z,cap-session-0508,cap-app-0508,identity_verification_completed,mobile,android,direct,cap-req-0508,cap-corr-0508,4.8.0
2025-05-26T10:59:07.720000Z,cap-session-0508,cap-app-0508,application_submitted,mobile,android,direct,,,4.8.0
2025-05-26T10:59:09.920000Z,cap-session-0508,cap-app-0508,application_completed,mobile,android,direct,,,4.8.0
2025-05-26T11:16:00Z,cap-session-0509,cap-app-0509,application_started,mobile,ios,email,,,4.8.0
2025-05-26T11:16:01.200000Z,cap-session-0509,cap-app-0509,identity_verification_started,mobile,ios,email,cap-req-0509,cap-corr-0509,4.8.0
2025-05-26T11:16:02.255000Z,cap-session-0509,cap-app-0509,identity_verification_completed,mobile,ios,email,cap-req-0509,cap-corr-0509,4.8.0
2025-05-26T11:16:04.855000Z,cap-session-0509,cap-app-0509,application_submitted,mobile,ios,email,,,4.8.0
2025-05-26T11:16:07.055000Z,cap-session-0509,cap-app-0509,application_completed,mobile,ios,email,,,4.8.0
2025-05-26T11:33:00Z,cap-session-0510,cap-app-0510,application_started,mobile,android,direct,,,4.8.0
2025-05-26T11:33:01.200000Z,cap-session-0510,cap-app-0510,identity_verification_started,mobile,android,direct,cap-req-0510,cap-corr-0510,4.8.0
2025-05-26T11:33:02.290000Z,cap-session-0510,cap-app-0510,identity_verification_completed,mobile,android,direct,cap-req-0510,cap-corr-0510,4.8.0
2025-05-26T11:33:04.890000Z,cap-session-0510,cap-app-0510,application_submitted,mobile,android,direct,,,4.8.0
2025-05-26T11:33:07.090000Z,cap-session-0510,cap-app-0510,application_completed,mobile,android,direct,,,4.8.0
2025-05-26T11:50:00Z,cap-session-0511,cap-app-0511,application_started,mobile,ios,direct,,,4.8.0
2025-05-26T11:50:01.200000Z,cap-session-0511,cap-app-0511,identity_verification_started,mobile,ios,direct,cap-req-0511,cap-corr-0511,4.8.0
2025-05-26T11:50:02.080000Z,cap-session-0511,cap-app-0511,identity_verification_completed,mobile,ios,direct,cap-req-0511,cap-corr-0511,4.8.0
2025-05-26T11:50:04.680000Z,cap-session-0511,cap-app-0511,application_submitted,mobile,ios,direct,,,4.8.0
2025-05-26T11:50:06.880000Z,cap-session-0511,cap-app-0511,application_completed,mobile,ios,direct,,,4.8.0
2025-05-26T12:07:00Z,cap-session-0512,cap-app-0512,application_started,mobile,android,direct,,,4.8.0
2025-05-26T12:07:01.200000Z,cap-session-0512,cap-app-0512,identity_verification_started,mobile,android,direct,cap-req-0512,cap-corr-0512,4.8.0
2025-05-26T12:24:00Z,cap-session-0513,cap-app-0513,application_started,web,desktop,email,,,4.8.0
2025-05-26T12:24:01.200000Z,cap-session-0513,cap-app-0513,identity_verification_started,web,desktop,email,cap-req-0513,cap-corr-0513,4.8.0
2025-05-26T12:41:00Z,cap-session-0514,cap-app-0514,application_started,web,desktop,direct,,,4.8.0
2025-05-26T12:41:01.200000Z,cap-session-0514,cap-app-0514,identity_verification_started,web,desktop,direct,cap-req-0514,cap-corr-0514,4.8.0
2025-05-26T12:41:02.185000Z,cap-session-0514,cap-app-0514,identity_verification_completed,web,desktop,direct,cap-req-0514,cap-corr-0514,4.8.0
2025-05-26T12:41:04.785000Z,cap-session-0514,cap-app-0514,application_submitted,web,desktop,direct,,,4.8.0
2025-05-26T12:41:06.985000Z,cap-session-0514,cap-app-0514,application_completed,web,desktop,direct,,,4.8.0
2025-05-26T12:58:00Z,cap-session-0515,cap-app-0515,application_started,web,desktop,direct,,,4.8.0
2025-05-26T12:58:01.200000Z,cap-session-0515,cap-app-0515,identity_verification_started,web,desktop,direct,cap-req-0515,cap-corr-0515,4.8.0
2025-05-26T12:58:02.220000Z,cap-session-0515,cap-app-0515,identity_verification_completed,web,desktop,direct,cap-req-0515,cap-corr-0515,4.8.0
2025-05-26T12:58:04.820000Z,cap-session-0515,cap-app-0515,application_submitted,web,desktop,direct,,,4.8.0
2025-05-26T12:58:07.020000Z,cap-session-0515,cap-app-0515,application_completed,web,desktop,direct,,,4.8.0
2025-05-26T13:15:00Z,cap-session-0516,cap-app-0516,application_started,web,desktop,direct,,,4.8.0
2025-05-26T13:15:01.200000Z,cap-session-0516,cap-app-0516,identity_verification_started,web,desktop,direct,cap-req-0516,cap-corr-0516,4.8.0
2025-05-26T13:15:02.255000Z,cap-session-0516,cap-app-0516,identity_verification_completed,web,desktop,direct,cap-req-0516,cap-corr-0516,4.8.0
2025-05-26T13:15:04.855000Z,cap-session-0516,cap-app-0516,application_submitted,web,desktop,direct,,,4.8.0
2025-05-26T13:15:07.055000Z,cap-session-0516,cap-app-0516,application_completed,web,desktop,direct,,,4.8.0
2025-05-26T13:32:00Z,cap-session-0517,cap-app-0517,application_started,web,desktop,email,,,4.8.0
2025-05-26T13:32:01.200000Z,cap-session-0517,cap-app-0517,identity_verification_started,web,desktop,email,cap-req-0517,cap-corr-0517,4.8.0
2025-05-26T13:32:02.290000Z,cap-session-0517,cap-app-0517,identity_verification_completed,web,desktop,email,cap-req-0517,cap-corr-0517,4.8.0
2025-05-26T13:32:04.890000Z,cap-session-0517,cap-app-0517,application_submitted,web,desktop,email,,,4.8.0
2025-05-26T13:32:07.090000Z,cap-session-0517,cap-app-0517,application_completed,web,desktop,email,,,4.8.0
2025-05-26T13:49:00Z,cap-session-0518,cap-app-0518,application_started,web,desktop,direct,,,4.8.0
2025-05-26T13:49:01.200000Z,cap-session-0518,cap-app-0518,identity_verification_started,web,desktop,direct,cap-req-0518,cap-corr-0518,4.8.0
2025-05-26T13:49:02.080000Z,cap-session-0518,cap-app-0518,identity_verification_completed,web,desktop,direct,cap-req-0518,cap-corr-0518,4.8.0
2025-05-26T13:49:04.680000Z,cap-session-0518,cap-app-0518,application_submitted,web,desktop,direct,,,4.8.0
2025-05-26T13:49:06.880000Z,cap-session-0518,cap-app-0518,application_completed,web,desktop,direct,,,4.8.0
2025-05-26T14:06:00Z,cap-session-0519,cap-app-0519,application_started,web,desktop,direct,,,4.8.0
2025-05-26T14:06:01.200000Z,cap-session-0519,cap-app-0519,identity_verification_started,web,desktop,direct,cap-req-0519,cap-corr-0519,4.8.0
2025-05-26T14:06:02.115000Z,cap-session-0519,cap-app-0519,identity_verification_completed,web,desktop,direct,cap-req-0519,cap-corr-0519,4.8.0
2025-05-26T14:06:04.715000Z,cap-session-0519,cap-app-0519,application_submitted,web,desktop,direct,,,4.8.0
2025-05-26T14:06:06.915000Z,cap-session-0519,cap-app-0519,application_completed,web,desktop,direct,,,4.8.0
2025-05-26T14:23:00Z,cap-session-0520,cap-app-0520,application_started,web,desktop,direct,,,4.8.0
2025-05-26T14:23:01.200000Z,cap-session-0520,cap-app-0520,identity_verification_started,web,desktop,direct,cap-req-0520,cap-corr-0520,4.8.0
2025-05-26T14:23:02.150000Z,cap-session-0520,cap-app-0520,identity_verification_completed,web,desktop,direct,cap-req-0520,cap-corr-0520,4.8.0
2025-05-26T14:23:04.750000Z,cap-session-0520,cap-app-0520,application_submitted,web,desktop,direct,,,4.8.0
2025-05-26T14:23:06.950000Z,cap-session-0520,cap-app-0520,application_completed,web,desktop,direct,,,4.8.0
2025-05-27T09:00:00Z,cap-session-0521,cap-app-0521,application_started,mobile,ios,partner,,,4.8.0
2025-05-27T09:00:01.200000Z,cap-session-0521,cap-app-0521,identity_verification_started,mobile,ios,partner,cap-req-0521,cap-corr-0521,4.8.0
2025-05-27T09:17:00Z,cap-session-0522,cap-app-0522,application_started,mobile,android,partner,,,4.8.0
2025-05-27T09:17:01.200000Z,cap-session-0522,cap-app-0522,identity_verification_started,mobile,android,partner,cap-req-0522,cap-corr-0522,4.8.0
2025-05-27T09:17:04.960000Z,cap-session-0522,cap-app-0522,identity_verification_completed,mobile,android,partner,cap-req-0522,cap-corr-0522,4.8.0
2025-05-27T09:17:07.560000Z,cap-session-0522,cap-app-0522,application_submitted,mobile,android,partner,,,4.8.0
2025-05-27T09:17:09.760000Z,cap-session-0522,cap-app-0522,application_completed,mobile,android,partner,,,4.8.0
2025-05-27T09:34:00Z,cap-session-0523,cap-app-0523,application_started,mobile,ios,partner,,,4.8.0
2025-05-27T09:34:01.200000Z,cap-session-0523,cap-app-0523,identity_verification_started,mobile,ios,partner,cap-req-0523,cap-corr-0523,4.8.0
2025-05-27T09:34:02.255000Z,cap-session-0523,cap-app-0523,identity_verification_completed,mobile,ios,partner,cap-req-0523,cap-corr-0523,4.8.0
2025-05-27T09:34:04.855000Z,cap-session-0523,cap-app-0523,application_submitted,mobile,ios,partner,,,4.8.0
2025-05-27T09:34:07.055000Z,cap-session-0523,cap-app-0523,application_completed,mobile,ios,partner,,,4.8.0
2025-05-27T09:51:00Z,cap-session-0524,cap-app-0524,application_started,mobile,android,partner,,,4.8.0
2025-05-27T09:51:01.200000Z,cap-session-0524,cap-app-0524,identity_verification_started,mobile,android,partner,cap-req-0524,cap-corr-0524,4.8.0
2025-05-27T09:51:02.290000Z,cap-session-0524,cap-app-0524,identity_verification_completed,mobile,android,partner,cap-req-0524,cap-corr-0524,4.8.0
2025-05-27T09:51:04.890000Z,cap-session-0524,cap-app-0524,application_submitted,mobile,android,partner,,,4.8.0
2025-05-27T09:51:07.090000Z,cap-session-0524,cap-app-0524,application_completed,mobile,android,partner,,,4.8.0
2025-05-27T10:08:00Z,cap-session-0525,cap-app-0525,application_started,mobile,ios,partner,,,4.8.0
2025-05-27T10:08:01.200000Z,cap-session-0525,cap-app-0525,identity_verification_started,mobile,ios,partner,cap-req-0525,cap-corr-0525,4.8.0
2025-05-27T10:25:00Z,cap-session-0526,cap-app-0526,application_started,mobile,android,partner,,,4.8.0
2025-05-27T10:25:01.200000Z,cap-session-0526,cap-app-0526,identity_verification_started,mobile,android,partner,cap-req-0526,cap-corr-0526,4.8.0
2025-05-27T10:42:00Z,cap-session-0527,cap-app-0527,application_started,mobile,ios,direct,,,4.8.0
2025-05-27T10:42:01.200000Z,cap-session-0527,cap-app-0527,identity_verification_started,mobile,ios,direct,cap-req-0527,cap-corr-0527,4.8.0
2025-05-27T10:42:05.360000Z,cap-session-0527,cap-app-0527,identity_verification_completed,mobile,ios,direct,cap-req-0527,cap-corr-0527,4.8.0
2025-05-27T10:42:07.960000Z,cap-session-0527,cap-app-0527,application_submitted,mobile,ios,direct,,,4.8.0
2025-05-27T10:42:10.160000Z,cap-session-0527,cap-app-0527,application_completed,mobile,ios,direct,,,4.8.0
2025-05-27T10:59:00Z,cap-session-0528,cap-app-0528,application_started,mobile,android,direct,,,4.8.0
2025-05-27T10:59:01.200000Z,cap-session-0528,cap-app-0528,identity_verification_started,mobile,android,direct,cap-req-0528,cap-corr-0528,4.8.0
2025-05-27T10:59:02.185000Z,cap-session-0528,cap-app-0528,identity_verification_completed,mobile,android,direct,cap-req-0528,cap-corr-0528,4.8.0
2025-05-27T10:59:04.785000Z,cap-session-0528,cap-app-0528,application_submitted,mobile,android,direct,,,4.8.0
2025-05-27T10:59:06.985000Z,cap-session-0528,cap-app-0528,application_completed,mobile,android,direct,,,4.8.0
2025-05-27T11:16:00Z,cap-session-0529,cap-app-0529,application_started,mobile,ios,email,,,4.8.0
2025-05-27T11:16:01.200000Z,cap-session-0529,cap-app-0529,identity_verification_started,mobile,ios,email,cap-req-0529,cap-corr-0529,4.8.0
2025-05-27T11:16:02.220000Z,cap-session-0529,cap-app-0529,identity_verification_completed,mobile,ios,email,cap-req-0529,cap-corr-0529,4.8.0
2025-05-27T11:16:04.820000Z,cap-session-0529,cap-app-0529,application_submitted,mobile,ios,email,,,4.8.0
2025-05-27T11:33:00Z,cap-session-0530,cap-app-0530,application_started,mobile,android,direct,,,4.8.0
2025-05-27T11:33:01.200000Z,cap-session-0530,cap-app-0530,identity_verification_started,mobile,android,direct,cap-req-0530,cap-corr-0530,4.8.0
2025-05-27T11:33:02.255000Z,cap-session-0530,cap-app-0530,identity_verification_completed,mobile,android,direct,cap-req-0530,cap-corr-0530,4.8.0
2025-05-27T11:33:04.855000Z,cap-session-0530,cap-app-0530,application_submitted,mobile,android,direct,,,4.8.0
2025-05-27T11:33:07.055000Z,cap-session-0530,cap-app-0530,application_completed,mobile,android,direct,,,4.8.0
2025-05-27T11:50:00Z,cap-session-0531,cap-app-0531,application_started,mobile,ios,direct,,,4.8.0
2025-05-27T11:50:01.200000Z,cap-session-0531,cap-app-0531,identity_verification_started,mobile,ios,direct,cap-req-0531,cap-corr-0531,4.8.0
2025-05-27T12:07:00Z,cap-session-0532,cap-app-0532,application_started,mobile,android,direct,,,4.8.0
2025-05-27T12:07:01.200000Z,cap-session-0532,cap-app-0532,identity_verification_started,mobile,android,direct,cap-req-0532,cap-corr-0532,4.8.0
2025-05-27T12:24:00Z,cap-session-0533,cap-app-0533,application_started,web,desktop,email,,,4.8.0
2025-05-27T12:24:01.200000Z,cap-session-0533,cap-app-0533,identity_verification_started,web,desktop,email,cap-req-0533,cap-corr-0533,4.8.0
2025-05-27T12:24:02.115000Z,cap-session-0533,cap-app-0533,identity_verification_completed,web,desktop,email,cap-req-0533,cap-corr-0533,4.8.0
2025-05-27T12:24:04.715000Z,cap-session-0533,cap-app-0533,application_submitted,web,desktop,email,,,4.8.0
2025-05-27T12:24:06.915000Z,cap-session-0533,cap-app-0533,application_completed,web,desktop,email,,,4.8.0
2025-05-27T12:41:00Z,cap-session-0534,cap-app-0534,application_started,web,desktop,direct,,,4.8.0
2025-05-27T12:41:01.200000Z,cap-session-0534,cap-app-0534,identity_verification_started,web,desktop,direct,cap-req-0534,cap-corr-0534,4.8.0
2025-05-27T12:41:02.150000Z,cap-session-0534,cap-app-0534,identity_verification_completed,web,desktop,direct,cap-req-0534,cap-corr-0534,4.8.0
2025-05-27T12:41:04.750000Z,cap-session-0534,cap-app-0534,application_submitted,web,desktop,direct,,,4.8.0
2025-05-27T12:41:06.950000Z,cap-session-0534,cap-app-0534,application_completed,web,desktop,direct,,,4.8.0
2025-05-27T12:58:00Z,cap-session-0535,cap-app-0535,application_started,web,desktop,direct,,,4.8.0
2025-05-27T12:58:01.200000Z,cap-session-0535,cap-app-0535,identity_verification_started,web,desktop,direct,cap-req-0535,cap-corr-0535,4.8.0
2025-05-27T12:58:02.185000Z,cap-session-0535,cap-app-0535,identity_verification_completed,web,desktop,direct,cap-req-0535,cap-corr-0535,4.8.0
2025-05-27T12:58:04.785000Z,cap-session-0535,cap-app-0535,application_submitted,web,desktop,direct,,,4.8.0
2025-05-27T12:58:06.985000Z,cap-session-0535,cap-app-0535,application_completed,web,desktop,direct,,,4.8.0
2025-05-27T13:15:00Z,cap-session-0536,cap-app-0536,application_started,web,desktop,direct,,,4.8.0
2025-05-27T13:15:01.200000Z,cap-session-0536,cap-app-0536,identity_verification_started,web,desktop,direct,cap-req-0536,cap-corr-0536,4.8.0
2025-05-27T13:15:02.220000Z,cap-session-0536,cap-app-0536,identity_verification_completed,web,desktop,direct,cap-req-0536,cap-corr-0536,4.8.0
2025-05-27T13:15:04.820000Z,cap-session-0536,cap-app-0536,application_submitted,web,desktop,direct,,,4.8.0
2025-05-27T13:15:07.020000Z,cap-session-0536,cap-app-0536,application_completed,web,desktop,direct,,,4.8.0
2025-05-27T13:32:00Z,cap-session-0537,cap-app-0537,application_started,web,desktop,email,,,4.8.0
2025-05-27T13:32:01.200000Z,cap-session-0537,cap-app-0537,identity_verification_started,web,desktop,email,cap-req-0537,cap-corr-0537,4.8.0
2025-05-27T13:32:02.255000Z,cap-session-0537,cap-app-0537,identity_verification_completed,web,desktop,email,cap-req-0537,cap-corr-0537,4.8.0
2025-05-27T13:32:04.855000Z,cap-session-0537,cap-app-0537,application_submitted,web,desktop,email,,,4.8.0
2025-05-27T13:32:07.055000Z,cap-session-0537,cap-app-0537,application_completed,web,desktop,email,,,4.8.0
2025-05-27T13:49:00Z,cap-session-0538,cap-app-0538,application_started,web,desktop,direct,,,4.8.0
2025-05-27T13:49:01.200000Z,cap-session-0538,cap-app-0538,identity_verification_started,web,desktop,direct,cap-req-0538,cap-corr-0538,4.8.0
2025-05-27T13:49:02.290000Z,cap-session-0538,cap-app-0538,identity_verification_completed,web,desktop,direct,cap-req-0538,cap-corr-0538,4.8.0
2025-05-27T13:49:04.890000Z,cap-session-0538,cap-app-0538,application_submitted,web,desktop,direct,,,4.8.0
2025-05-27T13:49:07.090000Z,cap-session-0538,cap-app-0538,application_completed,web,desktop,direct,,,4.8.0
2025-05-27T14:06:00Z,cap-session-0539,cap-app-0539,application_started,web,desktop,direct,,,4.8.0
2025-05-27T14:06:01.200000Z,cap-session-0539,cap-app-0539,identity_verification_started,web,desktop,direct,cap-req-0539,cap-corr-0539,4.8.0
2025-05-27T14:06:02.080000Z,cap-session-0539,cap-app-0539,identity_verification_completed,web,desktop,direct,cap-req-0539,cap-corr-0539,4.8.0
2025-05-27T14:06:04.680000Z,cap-session-0539,cap-app-0539,application_submitted,web,desktop,direct,,,4.8.0
2025-05-27T14:06:06.880000Z,cap-session-0539,cap-app-0539,application_completed,web,desktop,direct,,,4.8.0
2025-05-27T14:23:00Z,cap-session-0540,cap-app-0540,application_started,web,desktop,direct,,,4.8.0
2025-05-27T14:23:01.200000Z,cap-session-0540,cap-app-0540,identity_verification_started,web,desktop,direct,cap-req-0540,cap-corr-0540,4.8.0
2025-05-27T14:23:02.115000Z,cap-session-0540,cap-app-0540,identity_verification_completed,web,desktop,direct,cap-req-0540,cap-corr-0540,4.8.0
2025-05-27T14:23:04.715000Z,cap-session-0540,cap-app-0540,application_submitted,web,desktop,direct,,,4.8.0
2025-05-27T14:23:06.915000Z,cap-session-0540,cap-app-0540,application_completed,web,desktop,direct,,,4.8.0
2025-05-28T09:00:00Z,cap-session-0541,cap-app-0541,application_started,mobile,ios,partner,,,4.8.0
2025-05-28T09:00:01.200000Z,cap-session-0541,cap-app-0541,identity_verification_started,mobile,ios,partner,cap-req-0541,cap-corr-0541,4.8.0
2025-05-28T09:00:05.200000Z,cap-session-0541,cap-app-0541,identity_verification_completed,mobile,ios,partner,cap-req-0541,cap-corr-0541,4.8.0
2025-05-28T09:00:07.800000Z,cap-session-0541,cap-app-0541,application_submitted,mobile,ios,partner,,,4.8.0
2025-05-28T09:00:10Z,cap-session-0541,cap-app-0541,application_completed,mobile,ios,partner,,,4.8.0
2025-05-28T09:17:00Z,cap-session-0542,cap-app-0542,application_started,mobile,android,partner,,,4.8.0
2025-05-28T09:17:01.200000Z,cap-session-0542,cap-app-0542,identity_verification_started,mobile,android,partner,cap-req-0542,cap-corr-0542,4.8.0
2025-05-28T09:17:02.185000Z,cap-session-0542,cap-app-0542,identity_verification_completed,mobile,android,partner,cap-req-0542,cap-corr-0542,4.8.0
2025-05-28T09:17:04.785000Z,cap-session-0542,cap-app-0542,application_submitted,mobile,android,partner,,,4.8.0
2025-05-28T09:17:06.985000Z,cap-session-0542,cap-app-0542,application_completed,mobile,android,partner,,,4.8.0
2025-05-28T09:34:00Z,cap-session-0543,cap-app-0543,application_started,mobile,ios,partner,,,4.8.0
2025-05-28T09:34:01.200000Z,cap-session-0543,cap-app-0543,identity_verification_started,mobile,ios,partner,cap-req-0543,cap-corr-0543,4.8.0
2025-05-28T09:34:02.220000Z,cap-session-0543,cap-app-0543,identity_verification_completed,mobile,ios,partner,cap-req-0543,cap-corr-0543,4.8.0
2025-05-28T09:34:04.820000Z,cap-session-0543,cap-app-0543,application_submitted,mobile,ios,partner,,,4.8.0
2025-05-28T09:34:07.020000Z,cap-session-0543,cap-app-0543,application_completed,mobile,ios,partner,,,4.8.0
2025-05-28T09:51:00Z,cap-session-0544,cap-app-0544,application_started,mobile,android,partner,,,4.8.0
2025-05-28T09:51:01.200000Z,cap-session-0544,cap-app-0544,identity_verification_started,mobile,android,partner,cap-req-0544,cap-corr-0544,4.8.0
2025-05-28T09:51:02.255000Z,cap-session-0544,cap-app-0544,identity_verification_completed,mobile,android,partner,cap-req-0544,cap-corr-0544,4.8.0
2025-05-28T09:51:04.855000Z,cap-session-0544,cap-app-0544,application_submitted,mobile,android,partner,,,4.8.0
2025-05-28T09:51:07.055000Z,cap-session-0544,cap-app-0544,application_completed,mobile,android,partner,,,4.8.0
2025-05-28T10:08:00Z,cap-session-0545,cap-app-0545,application_started,mobile,ios,partner,,,4.8.0
2025-05-28T10:08:01.200000Z,cap-session-0545,cap-app-0545,identity_verification_started,mobile,ios,partner,cap-req-0545,cap-corr-0545,4.8.0
2025-05-28T10:25:00Z,cap-session-0546,cap-app-0546,application_started,mobile,android,partner,,,4.8.0
2025-05-28T10:25:01.200000Z,cap-session-0546,cap-app-0546,identity_verification_started,mobile,android,partner,cap-req-0546,cap-corr-0546,4.8.0
2025-05-28T10:25:04.960000Z,cap-session-0546,cap-app-0546,identity_verification_completed,mobile,android,partner,cap-req-0546,cap-corr-0546,4.8.0
2025-05-28T10:25:07.560000Z,cap-session-0546,cap-app-0546,application_submitted,mobile,android,partner,,,4.8.0
2025-05-28T10:25:09.760000Z,cap-session-0546,cap-app-0546,application_completed,mobile,android,partner,,,4.8.0
2025-05-28T10:42:00Z,cap-session-0547,cap-app-0547,application_started,mobile,ios,direct,,,4.8.0
2025-05-28T10:42:01.200000Z,cap-session-0547,cap-app-0547,identity_verification_started,mobile,ios,direct,cap-req-0547,cap-corr-0547,4.8.0
2025-05-28T10:42:02.115000Z,cap-session-0547,cap-app-0547,identity_verification_completed,mobile,ios,direct,cap-req-0547,cap-corr-0547,4.8.0
2025-05-28T10:42:04.715000Z,cap-session-0547,cap-app-0547,application_submitted,mobile,ios,direct,,,4.8.0
2025-05-28T10:42:06.915000Z,cap-session-0547,cap-app-0547,application_completed,mobile,ios,direct,,,4.8.0
2025-05-28T10:59:00Z,cap-session-0548,cap-app-0548,application_started,mobile,android,direct,,,4.8.0
2025-05-28T10:59:01.200000Z,cap-session-0548,cap-app-0548,identity_verification_started,mobile,android,direct,cap-req-0548,cap-corr-0548,4.8.0
2025-05-28T10:59:02.150000Z,cap-session-0548,cap-app-0548,identity_verification_completed,mobile,android,direct,cap-req-0548,cap-corr-0548,4.8.0
2025-05-28T10:59:04.750000Z,cap-session-0548,cap-app-0548,application_submitted,mobile,android,direct,,,4.8.0
2025-05-28T10:59:06.950000Z,cap-session-0548,cap-app-0548,application_completed,mobile,android,direct,,,4.8.0
2025-05-28T11:16:00Z,cap-session-0549,cap-app-0549,application_started,mobile,ios,email,,,4.8.0
2025-05-28T11:16:01.200000Z,cap-session-0549,cap-app-0549,identity_verification_started,mobile,ios,email,cap-req-0549,cap-corr-0549,4.8.0
2025-05-28T11:16:02.185000Z,cap-session-0549,cap-app-0549,identity_verification_completed,mobile,ios,email,cap-req-0549,cap-corr-0549,4.8.0
2025-05-28T11:16:04.785000Z,cap-session-0549,cap-app-0549,application_submitted,mobile,ios,email,,,4.8.0
2025-05-28T11:16:06.985000Z,cap-session-0549,cap-app-0549,application_completed,mobile,ios,email,,,4.8.0
2025-05-28T11:33:00Z,cap-session-0550,cap-app-0550,application_started,mobile,android,direct,,,4.8.0
2025-05-28T11:33:01.200000Z,cap-session-0550,cap-app-0550,identity_verification_started,mobile,android,direct,cap-req-0550,cap-corr-0550,4.8.0
2025-05-28T11:50:00Z,cap-session-0551,cap-app-0551,application_started,mobile,ios,direct,,,4.8.0
2025-05-28T11:50:01.200000Z,cap-session-0551,cap-app-0551,identity_verification_started,mobile,ios,direct,cap-req-0551,cap-corr-0551,4.8.0
2025-05-28T12:07:00Z,cap-session-0552,cap-app-0552,application_started,mobile,android,direct,,,4.8.0
2025-05-28T12:07:01.200000Z,cap-session-0552,cap-app-0552,identity_verification_started,mobile,android,direct,cap-req-0552,cap-corr-0552,4.8.0
2025-05-28T12:07:02.290000Z,cap-session-0552,cap-app-0552,identity_verification_completed,mobile,android,direct,cap-req-0552,cap-corr-0552,4.8.0
2025-05-28T12:07:04.890000Z,cap-session-0552,cap-app-0552,application_submitted,mobile,android,direct,,,4.8.0
2025-05-28T12:24:00Z,cap-session-0553,cap-app-0553,application_started,web,desktop,email,,,4.8.0
2025-05-28T12:24:01.200000Z,cap-session-0553,cap-app-0553,identity_verification_started,web,desktop,email,cap-req-0553,cap-corr-0553,4.8.0
2025-05-28T12:24:02.080000Z,cap-session-0553,cap-app-0553,identity_verification_completed,web,desktop,email,cap-req-0553,cap-corr-0553,4.8.0
2025-05-28T12:24:04.680000Z,cap-session-0553,cap-app-0553,application_submitted,web,desktop,email,,,4.8.0
2025-05-28T12:24:06.880000Z,cap-session-0553,cap-app-0553,application_completed,web,desktop,email,,,4.8.0
2025-05-28T12:41:00Z,cap-session-0554,cap-app-0554,application_started,web,desktop,direct,,,4.8.0
2025-05-28T12:41:01.200000Z,cap-session-0554,cap-app-0554,identity_verification_started,web,desktop,direct,cap-req-0554,cap-corr-0554,4.8.0
2025-05-28T12:41:02.115000Z,cap-session-0554,cap-app-0554,identity_verification_completed,web,desktop,direct,cap-req-0554,cap-corr-0554,4.8.0
2025-05-28T12:41:04.715000Z,cap-session-0554,cap-app-0554,application_submitted,web,desktop,direct,,,4.8.0
2025-05-28T12:41:06.915000Z,cap-session-0554,cap-app-0554,application_completed,web,desktop,direct,,,4.8.0
2025-05-28T12:58:00Z,cap-session-0555,cap-app-0555,application_started,web,desktop,direct,,,4.8.0
2025-05-28T12:58:01.200000Z,cap-session-0555,cap-app-0555,identity_verification_started,web,desktop,direct,cap-req-0555,cap-corr-0555,4.8.0
2025-05-28T12:58:02.150000Z,cap-session-0555,cap-app-0555,identity_verification_completed,web,desktop,direct,cap-req-0555,cap-corr-0555,4.8.0
2025-05-28T12:58:04.750000Z,cap-session-0555,cap-app-0555,application_submitted,web,desktop,direct,,,4.8.0
2025-05-28T12:58:06.950000Z,cap-session-0555,cap-app-0555,application_completed,web,desktop,direct,,,4.8.0
2025-05-28T13:15:00Z,cap-session-0556,cap-app-0556,application_started,web,desktop,direct,,,4.8.0
2025-05-28T13:15:01.200000Z,cap-session-0556,cap-app-0556,identity_verification_started,web,desktop,direct,cap-req-0556,cap-corr-0556,4.8.0
2025-05-28T13:15:02.185000Z,cap-session-0556,cap-app-0556,identity_verification_completed,web,desktop,direct,cap-req-0556,cap-corr-0556,4.8.0
2025-05-28T13:15:04.785000Z,cap-session-0556,cap-app-0556,application_submitted,web,desktop,direct,,,4.8.0
2025-05-28T13:15:06.985000Z,cap-session-0556,cap-app-0556,application_completed,web,desktop,direct,,,4.8.0
2025-05-28T13:32:00Z,cap-session-0557,cap-app-0557,application_started,web,desktop,email,,,4.8.0
2025-05-28T13:32:01.200000Z,cap-session-0557,cap-app-0557,identity_verification_started,web,desktop,email,cap-req-0557,cap-corr-0557,4.8.0
2025-05-28T13:32:02.220000Z,cap-session-0557,cap-app-0557,identity_verification_completed,web,desktop,email,cap-req-0557,cap-corr-0557,4.8.0
2025-05-28T13:32:04.820000Z,cap-session-0557,cap-app-0557,application_submitted,web,desktop,email,,,4.8.0
2025-05-28T13:32:07.020000Z,cap-session-0557,cap-app-0557,application_completed,web,desktop,email,,,4.8.0
2025-05-28T13:49:00Z,cap-session-0558,cap-app-0558,application_started,web,desktop,direct,,,4.8.0
2025-05-28T13:49:01.200000Z,cap-session-0558,cap-app-0558,identity_verification_started,web,desktop,direct,cap-req-0558,cap-corr-0558,4.8.0
2025-05-28T13:49:02.255000Z,cap-session-0558,cap-app-0558,identity_verification_completed,web,desktop,direct,cap-req-0558,cap-corr-0558,4.8.0
2025-05-28T13:49:04.855000Z,cap-session-0558,cap-app-0558,application_submitted,web,desktop,direct,,,4.8.0
2025-05-28T13:49:07.055000Z,cap-session-0558,cap-app-0558,application_completed,web,desktop,direct,,,4.8.0
2025-05-28T14:06:00Z,cap-session-0559,cap-app-0559,application_started,web,desktop,direct,,,4.8.0
2025-05-28T14:06:01.200000Z,cap-session-0559,cap-app-0559,identity_verification_started,web,desktop,direct,cap-req-0559,cap-corr-0559,4.8.0
2025-05-28T14:06:02.290000Z,cap-session-0559,cap-app-0559,identity_verification_completed,web,desktop,direct,cap-req-0559,cap-corr-0559,4.8.0
2025-05-28T14:06:04.890000Z,cap-session-0559,cap-app-0559,application_submitted,web,desktop,direct,,,4.8.0
2025-05-28T14:06:07.090000Z,cap-session-0559,cap-app-0559,application_completed,web,desktop,direct,,,4.8.0
2025-05-28T14:23:00Z,cap-session-0560,cap-app-0560,application_started,web,desktop,direct,,,4.8.0
2025-05-28T14:23:01.200000Z,cap-session-0560,cap-app-0560,identity_verification_started,web,desktop,direct,cap-req-0560,cap-corr-0560,4.8.0
2025-05-28T14:23:02.080000Z,cap-session-0560,cap-app-0560,identity_verification_completed,web,desktop,direct,cap-req-0560,cap-corr-0560,4.8.0
2025-05-28T14:23:04.680000Z,cap-session-0560,cap-app-0560,application_submitted,web,desktop,direct,,,4.8.0
2025-05-28T14:23:06.880000Z,cap-session-0560,cap-app-0560,application_completed,web,desktop,direct,,,4.8.0
