timestamp,application_id,session_id,request_id,correlation_id,endpoint,method,status_code,duration_ms,app_version
2025-05-01T09:00:01.250000Z,cap-app-0001,cap-session-0001,cap-req-0001,cap-corr-0001,/v1/identity/verify,POST,200,715,4.7.2
2025-05-01T09:00:00.300000Z,cap-app-0001,cap-session-0001,cap-req-0001-p,cap-corr-0001-p,/v1/profile/prefill,GET,200,181,4.7.2
2025-05-01T09:17:01.250000Z,cap-app-0002,cap-session-0002,cap-req-0002,cap-corr-0002,/v1/identity/verify,POST,200,750,4.7.2
2025-05-01T09:17:00.300000Z,cap-app-0002,cap-session-0002,cap-req-0002-p,cap-corr-0002-p,/v1/profile/prefill,GET,200,182,4.7.2
2025-05-01T09:34:01.250000Z,cap-app-0003,cap-session-0003,cap-req-0003,cap-corr-0003,/v1/identity/verify,POST,200,785,4.7.2
2025-05-01T09:34:00.300000Z,cap-app-0003,cap-session-0003,cap-req-0003-p,cap-corr-0003-p,/v1/profile/prefill,GET,200,183,4.7.2
2025-05-01T09:51:01.250000Z,cap-app-0004,cap-session-0004,cap-req-0004,cap-corr-0004,/v1/identity/verify,POST,200,820,4.7.2
2025-05-01T09:51:00.300000Z,cap-app-0004,cap-session-0004,cap-req-0004-p,cap-corr-0004-p,/v1/profile/prefill,GET,200,184,4.7.2
2025-05-01T10:08:01.250000Z,cap-app-0005,cap-session-0005,cap-req-0005,cap-corr-0005,/v1/identity/verify,POST,200,855,4.7.2
2025-05-01T10:08:00.300000Z,cap-app-0005,cap-session-0005,cap-req-0005-p,cap-corr-0005-p,/v1/profile/prefill,GET,200,185,4.7.2
2025-05-01T10:25:01.250000Z,cap-app-0006,cap-session-0006,cap-req-0006,cap-corr-0006,/v1/identity/verify,POST,200,890,4.7.2
2025-05-01T10:25:00.300000Z,cap-app-0006,cap-session-0006,cap-req-0006-p,cap-corr-0006-p,/v1/profile/prefill,GET,200,186,4.7.2
2025-05-01T10:42:01.250000Z,cap-app-0007,cap-session-0007,cap-req-0007,cap-corr-0007,/v1/identity/verify,POST,200,680,4.7.2
2025-05-01T10:42:00.300000Z,cap-app-0007,cap-session-0007,cap-req-0007-p,cap-corr-0007-p,/v1/profile/prefill,GET,200,187,4.7.2
2025-05-01T10:59:01.250000Z,cap-app-0008,cap-session-0008,cap-req-0008,cap-corr-0008,/v1/identity/verify,POST,200,715,4.7.2
2025-05-01T10:59:00.300000Z,cap-app-0008,cap-session-0008,cap-req-0008-p,cap-corr-0008-p,/v1/profile/prefill,GET,200,188,4.7.2
2025-05-01T11:16:01.250000Z,cap-app-0009,cap-session-0009,cap-req-0009,cap-corr-0009,/v1/identity/verify,POST,200,750,4.7.2
2025-05-01T11:16:00.300000Z,cap-app-0009,cap-session-0009,cap-req-0009-p,cap-corr-0009-p,/v1/profile/prefill,GET,200,189,4.7.2
2025-05-01T11:33:01.250000Z,cap-app-0010,cap-session-0010,cap-req-0010,cap-corr-0010,/v1/identity/verify,POST,200,785,4.7.2
2025-05-01T11:33:00.300000Z,cap-app-0010,cap-session-0010,cap-req-0010-p,cap-corr-0010-p,/v1/profile/prefill,GET,200,190,4.7.2
2025-05-01T11:50:01.250000Z,cap-app-0011,cap-session-0011,cap-req-0011,cap-corr-0011,/v1/identity/verify,POST,200,820,4.7.2
2025-05-01T11:50:00.300000Z,cap-app-0011,cap-session-0011,cap-req-0011-p,cap-corr-0011-p,/v1/profile/prefill,GET,200,191,4.7.2
2025-05-01T12:07:01.250000Z,cap-app-0012,cap-session-0012,cap-req-0012,cap-corr-0012,/v1/identity/verify,POST,200,855,4.7.2
2025-05-01T12:07:00.300000Z,cap-app-0012,cap-session-0012,cap-req-0012-p,cap-corr-0012-p,/v1/profile/prefill,GET,200,192,4.7.2
2025-05-01T12:24:01.250000Z,cap-app-0013,cap-session-0013,cap-req-0013,cap-corr-0013,/v1/identity/verify,POST,200,890,4.7.2
2025-05-01T12:24:00.300000Z,cap-app-0013,cap-session-0013,cap-req-0013-p,cap-corr-0013-p,/v1/profile/prefill,GET,200,193,4.7.2
2025-05-01T12:41:01.250000Z,cap-app-0014,cap-session-0014,cap-req-0014,cap-corr-0014,/v1/identity/verify,POST,200,680,4.7.2
2025-05-01T12:41:00.300000Z,cap-app-0014,cap-session-0014,cap-req-0014-p,cap-corr-0014-p,/v1/profile/prefill,GET,200,194,4.7.2
2025-05-01T12:58:01.250000Z,cap-app-0015,cap-session-0015,cap-req-0015,cap-corr-0015,/v1/identity/verify,POST,200,715,4.7.2
2025-05-01T12:58:00.300000Z,cap-app-0015,cap-session-0015,cap-req-0015-p,cap-corr-0015-p,/v1/profile/prefill,GET,200,195,4.7.2
2025-05-01T13:15:01.250000Z,cap-app-0016,cap-session-0016,cap-req-0016,cap-corr-0016,/v1/identity/verify,POST,200,750,4.7.2
2025-05-01T13:15:00.300000Z,cap-app-0016,cap-session-0016,cap-req-0016-p,cap-corr-0016-p,/v1/profile/prefill,GET,200,196,4.7.2
2025-05-01T13:32:01.250000Z,cap-app-0017,cap-session-0017,cap-req-0017,cap-corr-0017,/v1/identity/verify,POST,200,785,4.7.2
2025-05-01T13:32:00.300000Z,cap-app-0017,cap-session-0017,cap-req-0017-p,cap-corr-0017-p,/v1/profile/prefill,GET,503,197,4.7.2
2025-05-01T13:49:01.250000Z,cap-app-0018,cap-session-0018,cap-req-0018,cap-corr-0018,/v1/identity/verify,POST,200,820,4.7.2
2025-05-01T13:49:00.300000Z,cap-app-0018,cap-session-0018,cap-req-0018-p,cap-corr-0018-p,/v1/profile/prefill,GET,200,198,4.7.2
2025-05-01T14:06:01.250000Z,cap-app-0019,cap-session-0019,cap-req-0019,cap-corr-0019,/v1/identity/verify,POST,422,855,4.7.2
2025-05-01T14:06:00.300000Z,cap-app-0019,cap-session-0019,cap-req-0019-p,cap-corr-0019-p,/v1/profile/prefill,GET,200,199,4.7.2
2025-05-01T14:23:01.250000Z,cap-app-0020,cap-session-0020,cap-req-0020,cap-corr-0020,/v1/identity/verify,POST,200,890,4.7.2
2025-05-01T14:23:00.300000Z,cap-app-0020,cap-session-0020,cap-req-0020-p,cap-corr-0020-p,/v1/profile/prefill,GET,200,200,4.7.2
2025-05-02T09:00:01.250000Z,cap-app-0021,cap-session-0021,cap-req-0021,cap-corr-0021,/v1/identity/verify,POST,200,680,4.7.2
2025-05-02T09:00:00.300000Z,cap-app-0021,cap-session-0021,cap-req-0021-p,cap-corr-0021-p,/v1/profile/prefill,GET,200,201,4.7.2
2025-05-02T09:17:01.250000Z,cap-app-0022,cap-session-0022,cap-req-0022,cap-corr-0022,/v1/identity/verify,POST,200,715,4.7.2
2025-05-02T09:17:00.300000Z,cap-app-0022,cap-session-0022,cap-req-0022-p,cap-corr-0022-p,/v1/profile/prefill,GET,200,202,4.7.2
2025-05-02T09:34:01.250000Z,cap-app-0023,cap-session-0023,cap-req-0023,cap-corr-0023,/v1/identity/verify,POST,200,750,4.7.2
2025-05-02T09:34:00.300000Z,cap-app-0023,cap-session-0023,cap-req-0023-p,cap-corr-0023-p,/v1/profile/prefill,GET,200,203,4.7.2
2025-05-02T09:51:01.250000Z,cap-app-0024,cap-session-0024,cap-req-0024,cap-corr-0024,/v1/identity/verify,POST,200,785,4.7.2
2025-05-02T09:51:00.300000Z,cap-app-0024,cap-session-0024,cap-req-0024-p,cap-corr-0024-p,/v1/profile/prefill,GET,200,204,4.7.2
2025-05-02T10:08:01.250000Z,cap-app-0025,cap-session-0025,cap-req-0025,cap-corr-0025,/v1/identity/verify,POST,200,820,4.7.2
2025-05-02T10:08:00.300000Z,cap-app-0025,cap-session-0025,cap-req-0025-p,cap-corr-0025-p,/v1/profile/prefill,GET,200,205,4.7.2
2025-05-02T10:25:01.250000Z,cap-app-0026,cap-session-0026,cap-req-0026,cap-corr-0026,/v1/identity/verify,POST,200,855,4.7.2
2025-05-02T10:25:00.300000Z,cap-app-0026,cap-session-0026,cap-req-0026-p,cap-corr-0026-p,/v1/profile/prefill,GET,200,206,4.7.2
2025-05-02T10:42:01.250000Z,cap-app-0027,cap-session-0027,cap-req-0027,cap-corr-0027,/v1/identity/verify,POST,200,890,4.7.2
2025-05-02T10:42:00.300000Z,cap-app-0027,cap-session-0027,cap-req-0027-p,cap-corr-0027-p,/v1/profile/prefill,GET,200,207,4.7.2
2025-05-02T10:59:01.250000Z,cap-app-0028,cap-session-0028,cap-req-0028,cap-corr-0028,/v1/identity/verify,POST,200,680,4.7.2
2025-05-02T10:59:00.300000Z,cap-app-0028,cap-session-0028,cap-req-0028-p,cap-corr-0028-p,/v1/profile/prefill,GET,200,208,4.7.2
2025-05-02T11:16:01.250000Z,cap-app-0029,cap-session-0029,cap-req-0029,cap-corr-0029,/v1/identity/verify,POST,200,715,4.7.2
2025-05-02T11:16:00.300000Z,cap-app-0029,cap-session-0029,cap-req-0029-p,cap-corr-0029-p,/v1/profile/prefill,GET,200,209,4.7.2
2025-05-02T11:33:01.250000Z,cap-app-0030,cap-session-0030,cap-req-0030,cap-corr-0030,/v1/identity/verify,POST,200,750,4.7.2
2025-05-02T11:33:00.300000Z,cap-app-0030,cap-session-0030,cap-req-0030-p,cap-corr-0030-p,/v1/profile/prefill,GET,200,210,4.7.2
2025-05-02T11:50:01.250000Z,cap-app-0031,cap-session-0031,cap-req-0031,cap-corr-0031,/v1/identity/verify,POST,200,785,4.7.2
2025-05-02T11:50:00.300000Z,cap-app-0031,cap-session-0031,cap-req-0031-p,cap-corr-0031-p,/v1/profile/prefill,GET,200,211,4.7.2
2025-05-02T12:07:01.250000Z,cap-app-0032,cap-session-0032,cap-req-0032,cap-corr-0032,/v1/identity/verify,POST,200,820,4.7.2
2025-05-02T12:07:00.300000Z,cap-app-0032,cap-session-0032,cap-req-0032-p,cap-corr-0032-p,/v1/profile/prefill,GET,200,212,4.7.2
2025-05-02T12:24:01.250000Z,cap-app-0033,cap-session-0033,cap-req-0033,cap-corr-0033,/v1/identity/verify,POST,200,855,4.7.2
2025-05-02T12:24:00.300000Z,cap-app-0033,cap-session-0033,cap-req-0033-p,cap-corr-0033-p,/v1/profile/prefill,GET,200,213,4.7.2
2025-05-02T12:41:01.250000Z,cap-app-0034,cap-session-0034,cap-req-0034,cap-corr-0034,/v1/identity/verify,POST,200,890,4.7.2
2025-05-02T12:41:00.300000Z,cap-app-0034,cap-session-0034,cap-req-0034-p,cap-corr-0034-p,/v1/profile/prefill,GET,503,214,4.7.2
2025-05-02T12:58:01.250000Z,cap-app-0035,cap-session-0035,cap-req-0035,cap-corr-0035,/v1/identity/verify,POST,200,680,4.7.2
2025-05-02T12:58:00.300000Z,cap-app-0035,cap-session-0035,cap-req-0035-p,cap-corr-0035-p,/v1/profile/prefill,GET,200,215,4.7.2
2025-05-02T13:15:01.250000Z,cap-app-0036,cap-session-0036,cap-req-0036,cap-corr-0036,/v1/identity/verify,POST,200,715,4.7.2
2025-05-02T13:15:00.300000Z,cap-app-0036,cap-session-0036,cap-req-0036-p,cap-corr-0036-p,/v1/profile/prefill,GET,200,216,4.7.2
2025-05-02T13:32:01.250000Z,cap-app-0037,cap-session-0037,cap-req-0037,cap-corr-0037,/v1/identity/verify,POST,200,750,4.7.2
2025-05-02T13:32:00.300000Z,cap-app-0037,cap-session-0037,cap-req-0037-p,cap-corr-0037-p,/v1/profile/prefill,GET,200,217,4.7.2
2025-05-02T13:49:01.250000Z,cap-app-0038,cap-session-0038,cap-req-0038,cap-corr-0038,/v1/identity/verify,POST,422,785,4.7.2
2025-05-02T13:49:00.300000Z,cap-app-0038,cap-session-0038,cap-req-0038-p,cap-corr-0038-p,/v1/profile/prefill,GET,200,218,4.7.2
2025-05-02T14:06:01.250000Z,cap-app-0039,cap-session-0039,cap-req-0039,cap-corr-0039,/v1/identity/verify,POST,200,820,4.7.2
2025-05-02T14:06:00.300000Z,cap-app-0039,cap-session-0039,cap-req-0039-p,cap-corr-0039-p,/v1/profile/prefill,GET,200,219,4.7.2
2025-05-02T14:23:01.250000Z,cap-app-0040,cap-session-0040,cap-req-0040,cap-corr-0040,/v1/identity/verify,POST,200,855,4.7.2
2025-05-02T14:23:00.300000Z,cap-app-0040,cap-session-0040,cap-req-0040-p,cap-corr-0040-p,/v1/profile/prefill,GET,200,220,4.7.2
2025-05-03T09:00:01.250000Z,cap-app-0041,cap-session-0041,cap-req-0041,cap-corr-0041,/v1/identity/verify,POST,200,890,4.7.2
2025-05-03T09:00:00.300000Z,cap-app-0041,cap-session-0041,cap-req-0041-p,cap-corr-0041-p,/v1/profile/prefill,GET,200,221,4.7.2
2025-05-03T09:17:01.250000Z,cap-app-0042,cap-session-0042,cap-req-0042,cap-corr-0042,/v1/identity/verify,POST,200,680,4.7.2
2025-05-03T09:17:00.300000Z,cap-app-0042,cap-session-0042,cap-req-0042-p,cap-corr-0042-p,/v1/profile/prefill,GET,200,222,4.7.2
2025-05-03T09:34:01.250000Z,cap-app-0043,cap-session-0043,cap-req-0043,cap-corr-0043,/v1/identity/verify,POST,200,715,4.7.2
2025-05-03T09:34:00.300000Z,cap-app-0043,cap-session-0043,cap-req-0043-p,cap-corr-0043-p,/v1/profile/prefill,GET,200,223,4.7.2
2025-05-03T09:51:01.250000Z,cap-app-0044,cap-session-0044,cap-req-0044,cap-corr-0044,/v1/identity/verify,POST,200,750,4.7.2
2025-05-03T09:51:00.300000Z,cap-app-0044,cap-session-0044,cap-req-0044-p,cap-corr-0044-p,/v1/profile/prefill,GET,200,224,4.7.2
2025-05-03T10:08:01.250000Z,cap-app-0045,cap-session-0045,cap-req-0045,cap-corr-0045,/v1/identity/verify,POST,200,785,4.7.2
2025-05-03T10:08:00.300000Z,cap-app-0045,cap-session-0045,cap-req-0045-p,cap-corr-0045-p,/v1/profile/prefill,GET,200,225,4.7.2
2025-05-03T10:25:01.250000Z,cap-app-0046,cap-session-0046,cap-req-0046,cap-corr-0046,/v1/identity/verify,POST,200,820,4.7.2
2025-05-03T10:25:00.300000Z,cap-app-0046,cap-session-0046,cap-req-0046-p,cap-corr-0046-p,/v1/profile/prefill,GET,200,226,4.7.2
2025-05-03T10:42:01.250000Z,cap-app-0047,cap-session-0047,cap-req-0047,cap-corr-0047,/v1/identity/verify,POST,200,855,4.7.2
2025-05-03T10:42:00.300000Z,cap-app-0047,cap-session-0047,cap-req-0047-p,cap-corr-0047-p,/v1/profile/prefill,GET,200,227,4.7.2
2025-05-03T10:59:01.250000Z,cap-app-0048,cap-session-0048,cap-req-0048,cap-corr-0048,/v1/identity/verify,POST,200,890,4.7.2
2025-05-03T10:59:00.300000Z,cap-app-0048,cap-session-0048,cap-req-0048-p,cap-corr-0048-p,/v1/profile/prefill,GET,200,228,4.7.2
2025-05-03T11:16:01.250000Z,cap-app-0049,cap-session-0049,cap-req-0049,cap-corr-0049,/v1/identity/verify,POST,200,680,4.7.2
2025-05-03T11:16:00.300000Z,cap-app-0049,cap-session-0049,cap-req-0049-p,cap-corr-0049-p,/v1/profile/prefill,GET,200,229,4.7.2
2025-05-03T11:33:01.250000Z,cap-app-0050,cap-session-0050,cap-req-0050,cap-corr-0050,/v1/identity/verify,POST,200,715,4.7.2
2025-05-03T11:33:00.300000Z,cap-app-0050,cap-session-0050,cap-req-0050-p,cap-corr-0050-p,/v1/profile/prefill,GET,200,180,4.7.2
2025-05-03T11:50:01.250000Z,cap-app-0051,cap-session-0051,cap-req-0051,cap-corr-0051,/v1/identity/verify,POST,200,750,4.7.2
2025-05-03T11:50:00.300000Z,cap-app-0051,cap-session-0051,cap-req-0051-p,cap-corr-0051-p,/v1/profile/prefill,GET,503,181,4.7.2
2025-05-03T12:07:01.250000Z,cap-app-0052,cap-session-0052,cap-req-0052,cap-corr-0052,/v1/identity/verify,POST,200,785,4.7.2
2025-05-03T12:07:00.300000Z,cap-app-0052,cap-session-0052,cap-req-0052-p,cap-corr-0052-p,/v1/profile/prefill,GET,200,182,4.7.2
2025-05-03T12:24:01.250000Z,cap-app-0053,cap-session-0053,cap-req-0053,cap-corr-0053,/v1/identity/verify,POST,200,820,4.7.2
2025-05-03T12:24:00.300000Z,cap-app-0053,cap-session-0053,cap-req-0053-p,cap-corr-0053-p,/v1/profile/prefill,GET,200,183,4.7.2
2025-05-03T12:41:01.250000Z,cap-app-0054,cap-session-0054,cap-req-0054,cap-corr-0054,/v1/identity/verify,POST,200,855,4.7.2
2025-05-03T12:41:00.300000Z,cap-app-0054,cap-session-0054,cap-req-0054-p,cap-corr-0054-p,/v1/profile/prefill,GET,200,184,4.7.2
2025-05-03T12:58:01.250000Z,cap-app-0055,cap-session-0055,cap-req-0055,cap-corr-0055,/v1/identity/verify,POST,200,890,4.7.2
2025-05-03T12:58:00.300000Z,cap-app-0055,cap-session-0055,cap-req-0055-p,cap-corr-0055-p,/v1/profile/prefill,GET,200,185,4.7.2
2025-05-03T13:15:01.250000Z,cap-app-0056,cap-session-0056,cap-req-0056,cap-corr-0056,/v1/identity/verify,POST,200,680,4.7.2
2025-05-03T13:15:00.300000Z,cap-app-0056,cap-session-0056,cap-req-0056-p,cap-corr-0056-p,/v1/profile/prefill,GET,200,186,4.7.2
2025-05-03T13:32:01.250000Z,cap-app-0057,cap-session-0057,cap-req-0057,cap-corr-0057,/v1/identity/verify,POST,422,715,4.7.2
2025-05-03T13:32:00.300000Z,cap-app-0057,cap-session-0057,cap-req-0057-p,cap-corr-0057-p,/v1/profile/prefill,GET,200,187,4.7.2
2025-05-03T13:49:01.250000Z,cap-app-0058,cap-session-0058,cap-req-0058,cap-corr-0058,/v1/identity/verify,POST,200,750,4.7.2
2025-05-03T13:49:00.300000Z,cap-app-0058,cap-session-0058,cap-req-0058-p,cap-corr-0058-p,/v1/profile/prefill,GET,200,188,4.7.2
2025-05-03T14:06:01.250000Z,cap-app-0059,cap-session-0059,cap-req-0059,cap-corr-0059,/v1/identity/verify,POST,200,785,4.7.2
2025-05-03T14:06:00.300000Z,cap-app-0059,cap-session-0059,cap-req-0059-p,cap-corr-0059-p,/v1/profile/prefill,GET,200,189,4.7.2
2025-05-03T14:23:01.250000Z,cap-app-0060,cap-session-0060,cap-req-0060,cap-corr-0060,/v1/identity/verify,POST,200,820,4.7.2
2025-05-03T14:23:00.300000Z,cap-app-0060,cap-session-0060,cap-req-0060-p,cap-corr-0060-p,/v1/profile/prefill,GET,200,190,4.7.2
2025-05-04T09:00:01.250000Z,cap-app-0061,cap-session-0061,cap-req-0061,cap-corr-0061,/v1/identity/verify,POST,200,855,4.7.2
2025-05-04T09:00:00.300000Z,cap-app-0061,cap-session-0061,cap-req-0061-p,cap-corr-0061-p,/v1/profile/prefill,GET,200,191,4.7.2
2025-05-04T09:17:01.250000Z,cap-app-0062,cap-session-0062,cap-req-0062,cap-corr-0062,/v1/identity/verify,POST,200,890,4.7.2
2025-05-04T09:17:00.300000Z,cap-app-0062,cap-session-0062,cap-req-0062-p,cap-corr-0062-p,/v1/profile/prefill,GET,200,192,4.7.2
2025-05-04T09:34:01.250000Z,cap-app-0063,cap-session-0063,cap-req-0063,cap-corr-0063,/v1/identity/verify,POST,200,680,4.7.2
2025-05-04T09:34:00.300000Z,cap-app-0063,cap-session-0063,cap-req-0063-p,cap-corr-0063-p,/v1/profile/prefill,GET,200,193,4.7.2
2025-05-04T09:51:01.250000Z,cap-app-0064,cap-session-0064,cap-req-0064,cap-corr-0064,/v1/identity/verify,POST,200,715,4.7.2
2025-05-04T09:51:00.300000Z,cap-app-0064,cap-session-0064,cap-req-0064-p,cap-corr-0064-p,/v1/profile/prefill,GET,200,194,4.7.2
2025-05-04T10:08:01.250000Z,cap-app-0065,cap-session-0065,cap-req-0065,cap-corr-0065,/v1/identity/verify,POST,200,750,4.7.2
2025-05-04T10:08:00.300000Z,cap-app-0065,cap-session-0065,cap-req-0065-p,cap-corr-0065-p,/v1/profile/prefill,GET,200,195,4.7.2
2025-05-04T10:25:01.250000Z,cap-app-0066,cap-session-0066,cap-req-0066,cap-corr-0066,/v1/identity/verify,POST,200,785,4.7.2
2025-05-04T10:25:00.300000Z,cap-app-0066,cap-session-0066,cap-req-0066-p,cap-corr-0066-p,/v1/profile/prefill,GET,200,196,4.7.2
2025-05-04T10:42:01.250000Z,cap-app-0067,cap-session-0067,cap-req-0067,cap-corr-0067,/v1/identity/verify,POST,200,820,4.7.2
2025-05-04T10:42:00.300000Z,cap-app-0067,cap-session-0067,cap-req-0067-p,cap-corr-0067-p,/v1/profile/prefill,GET,200,197,4.7.2
2025-05-04T10:59:01.250000Z,cap-app-0068,cap-session-0068,cap-req-0068,cap-corr-0068,/v1/identity/verify,POST,200,855,4.7.2
2025-05-04T10:59:00.300000Z,cap-app-0068,cap-session-0068,cap-req-0068-p,cap-corr-0068-p,/v1/profile/prefill,GET,503,198,4.7.2
2025-05-04T11:16:01.250000Z,cap-app-0069,cap-session-0069,cap-req-0069,cap-corr-0069,/v1/identity/verify,POST,200,890,4.7.2
2025-05-04T11:16:00.300000Z,cap-app-0069,cap-session-0069,cap-req-0069-p,cap-corr-0069-p,/v1/profile/prefill,GET,200,199,4.7.2
2025-05-04T11:33:01.250000Z,cap-app-0070,cap-session-0070,cap-req-0070,cap-corr-0070,/v1/identity/verify,POST,200,680,4.7.2
2025-05-04T11:33:00.300000Z,cap-app-0070,cap-session-0070,cap-req-0070-p,cap-corr-0070-p,/v1/profile/prefill,GET,200,200,4.7.2
2025-05-04T11:50:01.250000Z,cap-app-0071,cap-session-0071,cap-req-0071,cap-corr-0071,/v1/identity/verify,POST,200,715,4.7.2
2025-05-04T11:50:00.300000Z,cap-app-0071,cap-session-0071,cap-req-0071-p,cap-corr-0071-p,/v1/profile/prefill,GET,200,201,4.7.2
2025-05-04T12:07:01.250000Z,cap-app-0072,cap-session-0072,cap-req-0072,cap-corr-0072,/v1/identity/verify,POST,200,750,4.7.2
2025-05-04T12:07:00.300000Z,cap-app-0072,cap-session-0072,cap-req-0072-p,cap-corr-0072-p,/v1/profile/prefill,GET,200,202,4.7.2
2025-05-04T12:24:01.250000Z,cap-app-0073,cap-session-0073,cap-req-0073,cap-corr-0073,/v1/identity/verify,POST,200,785,4.7.2
2025-05-04T12:24:00.300000Z,cap-app-0073,cap-session-0073,cap-req-0073-p,cap-corr-0073-p,/v1/profile/prefill,GET,200,203,4.7.2
2025-05-04T12:41:01.250000Z,cap-app-0074,cap-session-0074,cap-req-0074,cap-corr-0074,/v1/identity/verify,POST,200,820,4.7.2
2025-05-04T12:41:00.300000Z,cap-app-0074,cap-session-0074,cap-req-0074-p,cap-corr-0074-p,/v1/profile/prefill,GET,200,204,4.7.2
2025-05-04T12:58:01.250000Z,cap-app-0075,cap-session-0075,cap-req-0075,cap-corr-0075,/v1/identity/verify,POST,200,855,4.7.2
2025-05-04T12:58:00.300000Z,cap-app-0075,cap-session-0075,cap-req-0075-p,cap-corr-0075-p,/v1/profile/prefill,GET,200,205,4.7.2
2025-05-04T13:15:01.250000Z,cap-app-0076,cap-session-0076,cap-req-0076,cap-corr-0076,/v1/identity/verify,POST,422,890,4.7.2
2025-05-04T13:15:00.300000Z,cap-app-0076,cap-session-0076,cap-req-0076-p,cap-corr-0076-p,/v1/profile/prefill,GET,200,206,4.7.2
2025-05-04T13:32:01.250000Z,cap-app-0077,cap-session-0077,cap-req-0077,cap-corr-0077,/v1/identity/verify,POST,200,680,4.7.2
2025-05-04T13:32:00.300000Z,cap-app-0077,cap-session-0077,cap-req-0077-p,cap-corr-0077-p,/v1/profile/prefill,GET,200,207,4.7.2
2025-05-04T13:49:01.250000Z,cap-app-0078,cap-session-0078,cap-req-0078,cap-corr-0078,/v1/identity/verify,POST,200,715,4.7.2
2025-05-04T13:49:00.300000Z,cap-app-0078,cap-session-0078,cap-req-0078-p,cap-corr-0078-p,/v1/profile/prefill,GET,200,208,4.7.2
2025-05-04T14:06:01.250000Z,cap-app-0079,cap-session-0079,cap-req-0079,cap-corr-0079,/v1/identity/verify,POST,200,750,4.7.2
2025-05-04T14:06:00.300000Z,cap-app-0079,cap-session-0079,cap-req-0079-p,cap-corr-0079-p,/v1/profile/prefill,GET,200,209,4.7.2
2025-05-04T14:23:01.250000Z,cap-app-0080,cap-session-0080,cap-req-0080,cap-corr-0080,/v1/identity/verify,POST,200,785,4.7.2
2025-05-04T14:23:00.300000Z,cap-app-0080,cap-session-0080,cap-req-0080-p,cap-corr-0080-p,/v1/profile/prefill,GET,200,210,4.7.2
2025-05-05T09:00:01.250000Z,cap-app-0081,cap-session-0081,cap-req-0081,cap-corr-0081,/v1/identity/verify,POST,200,820,4.7.2
2025-05-05T09:00:00.300000Z,cap-app-0081,cap-session-0081,cap-req-0081-p,cap-corr-0081-p,/v1/profile/prefill,GET,200,211,4.7.2
2025-05-05T09:17:01.250000Z,cap-app-0082,cap-session-0082,cap-req-0082,cap-corr-0082,/v1/identity/verify,POST,200,855,4.7.2
2025-05-05T09:17:00.300000Z,cap-app-0082,cap-session-0082,cap-req-0082-p,cap-corr-0082-p,/v1/profile/prefill,GET,200,212,4.7.2
2025-05-05T09:34:01.250000Z,cap-app-0083,cap-session-0083,cap-req-0083,cap-corr-0083,/v1/identity/verify,POST,200,890,4.7.2
2025-05-05T09:34:00.300000Z,cap-app-0083,cap-session-0083,cap-req-0083-p,cap-corr-0083-p,/v1/profile/prefill,GET,200,213,4.7.2
2025-05-05T09:51:01.250000Z,cap-app-0084,cap-session-0084,cap-req-0084,cap-corr-0084,/v1/identity/verify,POST,200,680,4.7.2
2025-05-05T09:51:00.300000Z,cap-app-0084,cap-session-0084,cap-req-0084-p,cap-corr-0084-p,/v1/profile/prefill,GET,200,214,4.7.2
2025-05-05T10:08:01.250000Z,cap-app-0085,cap-session-0085,cap-req-0085,cap-corr-0085,/v1/identity/verify,POST,200,715,4.7.2
2025-05-05T10:08:00.300000Z,cap-app-0085,cap-session-0085,cap-req-0085-p,cap-corr-0085-p,/v1/profile/prefill,GET,503,215,4.7.2
2025-05-05T10:25:01.250000Z,cap-app-0086,cap-session-0086,cap-req-0086,cap-corr-0086,/v1/identity/verify,POST,200,750,4.7.2
2025-05-05T10:25:00.300000Z,cap-app-0086,cap-session-0086,cap-req-0086-p,cap-corr-0086-p,/v1/profile/prefill,GET,200,216,4.7.2
2025-05-05T10:42:01.250000Z,cap-app-0087,cap-session-0087,cap-req-0087,cap-corr-0087,/v1/identity/verify,POST,200,785,4.7.2
2025-05-05T10:42:00.300000Z,cap-app-0087,cap-session-0087,cap-req-0087-p,cap-corr-0087-p,/v1/profile/prefill,GET,200,217,4.7.2
2025-05-05T10:59:01.250000Z,cap-app-0088,cap-session-0088,cap-req-0088,cap-corr-0088,/v1/identity/verify,POST,200,820,4.7.2
2025-05-05T10:59:00.300000Z,cap-app-0088,cap-session-0088,cap-req-0088-p,cap-corr-0088-p,/v1/profile/prefill,GET,200,218,4.7.2
2025-05-05T11:16:01.250000Z,cap-app-0089,cap-session-0089,cap-req-0089,cap-corr-0089,/v1/identity/verify,POST,200,855,4.7.2
2025-05-05T11:16:00.300000Z,cap-app-0089,cap-session-0089,cap-req-0089-p,cap-corr-0089-p,/v1/profile/prefill,GET,200,219,4.7.2
2025-05-05T11:33:01.250000Z,cap-app-0090,cap-session-0090,cap-req-0090,cap-corr-0090,/v1/identity/verify,POST,200,890,4.7.2
2025-05-05T11:33:00.300000Z,cap-app-0090,cap-session-0090,cap-req-0090-p,cap-corr-0090-p,/v1/profile/prefill,GET,200,220,4.7.2
2025-05-05T11:50:01.250000Z,cap-app-0091,cap-session-0091,cap-req-0091,cap-corr-0091,/v1/identity/verify,POST,200,680,4.7.2
2025-05-05T11:50:00.300000Z,cap-app-0091,cap-session-0091,cap-req-0091-p,cap-corr-0091-p,/v1/profile/prefill,GET,200,221,4.7.2
2025-05-05T12:07:01.250000Z,cap-app-0092,cap-session-0092,cap-req-0092,cap-corr-0092,/v1/identity/verify,POST,200,715,4.7.2
2025-05-05T12:07:00.300000Z,cap-app-0092,cap-session-0092,cap-req-0092-p,cap-corr-0092-p,/v1/profile/prefill,GET,200,222,4.7.2
2025-05-05T12:24:01.250000Z,cap-app-0093,cap-session-0093,cap-req-0093,cap-corr-0093,/v1/identity/verify,POST,200,750,4.7.2
2025-05-05T12:24:00.300000Z,cap-app-0093,cap-session-0093,cap-req-0093-p,cap-corr-0093-p,/v1/profile/prefill,GET,200,223,4.7.2
2025-05-05T12:41:01.250000Z,cap-app-0094,cap-session-0094,cap-req-0094,cap-corr-0094,/v1/identity/verify,POST,200,785,4.7.2
2025-05-05T12:41:00.300000Z,cap-app-0094,cap-session-0094,cap-req-0094-p,cap-corr-0094-p,/v1/profile/prefill,GET,200,224,4.7.2
2025-05-05T12:58:01.250000Z,cap-app-0095,cap-session-0095,cap-req-0095,cap-corr-0095,/v1/identity/verify,POST,422,820,4.7.2
2025-05-05T12:58:00.300000Z,cap-app-0095,cap-session-0095,cap-req-0095-p,cap-corr-0095-p,/v1/profile/prefill,GET,200,225,4.7.2
2025-05-05T13:15:01.250000Z,cap-app-0096,cap-session-0096,cap-req-0096,cap-corr-0096,/v1/identity/verify,POST,200,855,4.7.2
2025-05-05T13:15:00.300000Z,cap-app-0096,cap-session-0096,cap-req-0096-p,cap-corr-0096-p,/v1/profile/prefill,GET,200,226,4.7.2
2025-05-05T13:32:01.250000Z,cap-app-0097,cap-session-0097,cap-req-0097,cap-corr-0097,/v1/identity/verify,POST,200,890,4.7.2
2025-05-05T13:32:00.300000Z,cap-app-0097,cap-session-0097,cap-req-0097-p,cap-corr-0097-p,/v1/profile/prefill,GET,200,227,4.7.2
2025-05-05T13:49:01.250000Z,cap-app-0098,cap-session-0098,cap-req-0098,cap-corr-0098,/v1/identity/verify,POST,200,680,4.7.2
2025-05-05T13:49:00.300000Z,cap-app-0098,cap-session-0098,cap-req-0098-p,cap-corr-0098-p,/v1/profile/prefill,GET,200,228,4.7.2
2025-05-05T14:06:01.250000Z,cap-app-0099,cap-session-0099,cap-req-0099,cap-corr-0099,/v1/identity/verify,POST,200,715,4.7.2
2025-05-05T14:06:00.300000Z,cap-app-0099,cap-session-0099,cap-req-0099-p,cap-corr-0099-p,/v1/profile/prefill,GET,200,229,4.7.2
2025-05-05T14:23:01.250000Z,cap-app-0100,cap-session-0100,cap-req-0100,cap-corr-0100,/v1/identity/verify,POST,200,750,4.7.2
2025-05-05T14:23:00.300000Z,cap-app-0100,cap-session-0100,cap-req-0100-p,cap-corr-0100-p,/v1/profile/prefill,GET,200,180,4.7.2
2025-05-06T09:00:01.250000Z,cap-app-0101,cap-session-0101,cap-req-0101,cap-corr-0101,/v1/identity/verify,POST,200,785,4.7.2
2025-05-06T09:00:00.300000Z,cap-app-0101,cap-session-0101,cap-req-0101-p,cap-corr-0101-p,/v1/profile/prefill,GET,200,181,4.7.2
2025-05-06T09:17:01.250000Z,cap-app-0102,cap-session-0102,cap-req-0102,cap-corr-0102,/v1/identity/verify,POST,200,820,4.7.2
2025-05-06T09:17:00.300000Z,cap-app-0102,cap-session-0102,cap-req-0102-p,cap-corr-0102-p,/v1/profile/prefill,GET,503,182,4.7.2
2025-05-06T09:34:01.250000Z,cap-app-0103,cap-session-0103,cap-req-0103,cap-corr-0103,/v1/identity/verify,POST,200,855,4.7.2
2025-05-06T09:34:00.300000Z,cap-app-0103,cap-session-0103,cap-req-0103-p,cap-corr-0103-p,/v1/profile/prefill,GET,200,183,4.7.2
2025-05-06T09:51:01.250000Z,cap-app-0104,cap-session-0104,cap-req-0104,cap-corr-0104,/v1/identity/verify,POST,200,890,4.7.2
2025-05-06T09:51:00.300000Z,cap-app-0104,cap-session-0104,cap-req-0104-p,cap-corr-0104-p,/v1/profile/prefill,GET,200,184,4.7.2
2025-05-06T10:08:01.250000Z,cap-app-0105,cap-session-0105,cap-req-0105,cap-corr-0105,/v1/identity/verify,POST,200,680,4.7.2
2025-05-06T10:08:00.300000Z,cap-app-0105,cap-session-0105,cap-req-0105-p,cap-corr-0105-p,/v1/profile/prefill,GET,200,185,4.7.2
2025-05-06T10:25:01.250000Z,cap-app-0106,cap-session-0106,cap-req-0106,cap-corr-0106,/v1/identity/verify,POST,200,715,4.7.2
2025-05-06T10:25:00.300000Z,cap-app-0106,cap-session-0106,cap-req-0106-p,cap-corr-0106-p,/v1/profile/prefill,GET,200,186,4.7.2
2025-05-06T10:42:01.250000Z,cap-app-0107,cap-session-0107,cap-req-0107,cap-corr-0107,/v1/identity/verify,POST,200,750,4.7.2
2025-05-06T10:42:00.300000Z,cap-app-0107,cap-session-0107,cap-req-0107-p,cap-corr-0107-p,/v1/profile/prefill,GET,200,187,4.7.2
2025-05-06T10:59:01.250000Z,cap-app-0108,cap-session-0108,cap-req-0108,cap-corr-0108,/v1/identity/verify,POST,200,785,4.7.2
2025-05-06T10:59:00.300000Z,cap-app-0108,cap-session-0108,cap-req-0108-p,cap-corr-0108-p,/v1/profile/prefill,GET,200,188,4.7.2
2025-05-06T11:16:01.250000Z,cap-app-0109,cap-session-0109,cap-req-0109,cap-corr-0109,/v1/identity/verify,POST,200,820,4.7.2
2025-05-06T11:16:00.300000Z,cap-app-0109,cap-session-0109,cap-req-0109-p,cap-corr-0109-p,/v1/profile/prefill,GET,200,189,4.7.2
2025-05-06T11:33:01.250000Z,cap-app-0110,cap-session-0110,cap-req-0110,cap-corr-0110,/v1/identity/verify,POST,200,855,4.7.2
2025-05-06T11:33:00.300000Z,cap-app-0110,cap-session-0110,cap-req-0110-p,cap-corr-0110-p,/v1/profile/prefill,GET,200,190,4.7.2
2025-05-06T11:50:01.250000Z,cap-app-0111,cap-session-0111,cap-req-0111,cap-corr-0111,/v1/identity/verify,POST,200,890,4.7.2
2025-05-06T11:50:00.300000Z,cap-app-0111,cap-session-0111,cap-req-0111-p,cap-corr-0111-p,/v1/profile/prefill,GET,200,191,4.7.2
2025-05-06T12:07:01.250000Z,cap-app-0112,cap-session-0112,cap-req-0112,cap-corr-0112,/v1/identity/verify,POST,200,680,4.7.2
2025-05-06T12:07:00.300000Z,cap-app-0112,cap-session-0112,cap-req-0112-p,cap-corr-0112-p,/v1/profile/prefill,GET,200,192,4.7.2
2025-05-06T12:24:01.250000Z,cap-app-0113,cap-session-0113,cap-req-0113,cap-corr-0113,/v1/identity/verify,POST,200,715,4.7.2
2025-05-06T12:24:00.300000Z,cap-app-0113,cap-session-0113,cap-req-0113-p,cap-corr-0113-p,/v1/profile/prefill,GET,200,193,4.7.2
2025-05-06T12:41:01.250000Z,cap-app-0114,cap-session-0114,cap-req-0114,cap-corr-0114,/v1/identity/verify,POST,422,750,4.7.2
2025-05-06T12:41:00.300000Z,cap-app-0114,cap-session-0114,cap-req-0114-p,cap-corr-0114-p,/v1/profile/prefill,GET,200,194,4.7.2
2025-05-06T12:58:01.250000Z,cap-app-0115,cap-session-0115,cap-req-0115,cap-corr-0115,/v1/identity/verify,POST,200,785,4.7.2
2025-05-06T12:58:00.300000Z,cap-app-0115,cap-session-0115,cap-req-0115-p,cap-corr-0115-p,/v1/profile/prefill,GET,200,195,4.7.2
2025-05-06T13:15:01.250000Z,cap-app-0116,cap-session-0116,cap-req-0116,cap-corr-0116,/v1/identity/verify,POST,200,820,4.7.2
2025-05-06T13:15:00.300000Z,cap-app-0116,cap-session-0116,cap-req-0116-p,cap-corr-0116-p,/v1/profile/prefill,GET,200,196,4.7.2
2025-05-06T13:32:01.250000Z,cap-app-0117,cap-session-0117,cap-req-0117,cap-corr-0117,/v1/identity/verify,POST,200,855,4.7.2
2025-05-06T13:32:00.300000Z,cap-app-0117,cap-session-0117,cap-req-0117-p,cap-corr-0117-p,/v1/profile/prefill,GET,200,197,4.7.2
2025-05-06T13:49:01.250000Z,cap-app-0118,cap-session-0118,cap-req-0118,cap-corr-0118,/v1/identity/verify,POST,200,890,4.7.2
2025-05-06T13:49:00.300000Z,cap-app-0118,cap-session-0118,cap-req-0118-p,cap-corr-0118-p,/v1/profile/prefill,GET,200,198,4.7.2
2025-05-06T14:06:01.250000Z,cap-app-0119,cap-session-0119,cap-req-0119,cap-corr-0119,/v1/identity/verify,POST,200,680,4.7.2
2025-05-06T14:06:00.300000Z,cap-app-0119,cap-session-0119,cap-req-0119-p,cap-corr-0119-p,/v1/profile/prefill,GET,503,199,4.7.2
2025-05-06T14:23:01.250000Z,cap-app-0120,cap-session-0120,cap-req-0120,cap-corr-0120,/v1/identity/verify,POST,200,715,4.7.2
2025-05-06T14:23:00.300000Z,cap-app-0120,cap-session-0120,cap-req-0120-p,cap-corr-0120-p,/v1/profile/prefill,GET,200,200,4.7.2
2025-05-07T09:00:01.250000Z,cap-app-0121,cap-session-0121,cap-req-0121,cap-corr-0121,/v1/identity/verify,POST,200,750,4.7.2
2025-05-07T09:00:00.300000Z,cap-app-0121,cap-session-0121,cap-req-0121-p,cap-corr-0121-p,/v1/profile/prefill,GET,200,201,4.7.2
2025-05-07T09:17:01.250000Z,cap-app-0122,cap-session-0122,cap-req-0122,cap-corr-0122,/v1/identity/verify,POST,200,785,4.7.2
2025-05-07T09:17:00.300000Z,cap-app-0122,cap-session-0122,cap-req-0122-p,cap-corr-0122-p,/v1/profile/prefill,GET,200,202,4.7.2
2025-05-07T09:34:01.250000Z,cap-app-0123,cap-session-0123,cap-req-0123,cap-corr-0123,/v1/identity/verify,POST,200,820,4.7.2
2025-05-07T09:34:00.300000Z,cap-app-0123,cap-session-0123,cap-req-0123-p,cap-corr-0123-p,/v1/profile/prefill,GET,200,203,4.7.2
2025-05-07T09:51:01.250000Z,cap-app-0124,cap-session-0124,cap-req-0124,cap-corr-0124,/v1/identity/verify,POST,200,855,4.7.2
2025-05-07T09:51:00.300000Z,cap-app-0124,cap-session-0124,cap-req-0124-p,cap-corr-0124-p,/v1/profile/prefill,GET,200,204,4.7.2
2025-05-07T10:08:01.250000Z,cap-app-0125,cap-session-0125,cap-req-0125,cap-corr-0125,/v1/identity/verify,POST,200,890,4.7.2
2025-05-07T10:08:00.300000Z,cap-app-0125,cap-session-0125,cap-req-0125-p,cap-corr-0125-p,/v1/profile/prefill,GET,200,205,4.7.2
2025-05-07T10:25:01.250000Z,cap-app-0126,cap-session-0126,cap-req-0126,cap-corr-0126,/v1/identity/verify,POST,200,680,4.7.2
2025-05-07T10:25:00.300000Z,cap-app-0126,cap-session-0126,cap-req-0126-p,cap-corr-0126-p,/v1/profile/prefill,GET,200,206,4.7.2
2025-05-07T10:42:01.250000Z,cap-app-0127,cap-session-0127,cap-req-0127,cap-corr-0127,/v1/identity/verify,POST,200,715,4.7.2
2025-05-07T10:42:00.300000Z,cap-app-0127,cap-session-0127,cap-req-0127-p,cap-corr-0127-p,/v1/profile/prefill,GET,200,207,4.7.2
2025-05-07T10:59:01.250000Z,cap-app-0128,cap-session-0128,cap-req-0128,cap-corr-0128,/v1/identity/verify,POST,200,750,4.7.2
2025-05-07T10:59:00.300000Z,cap-app-0128,cap-session-0128,cap-req-0128-p,cap-corr-0128-p,/v1/profile/prefill,GET,200,208,4.7.2
2025-05-07T11:16:01.250000Z,cap-app-0129,cap-session-0129,cap-req-0129,cap-corr-0129,/v1/identity/verify,POST,200,785,4.7.2
2025-05-07T11:16:00.300000Z,cap-app-0129,cap-session-0129,cap-req-0129-p,cap-corr-0129-p,/v1/profile/prefill,GET,200,209,4.7.2
2025-05-07T11:33:01.250000Z,cap-app-0130,cap-session-0130,cap-req-0130,cap-corr-0130,/v1/identity/verify,POST,200,820,4.7.2
2025-05-07T11:33:00.300000Z,cap-app-0130,cap-session-0130,cap-req-0130-p,cap-corr-0130-p,/v1/profile/prefill,GET,200,210,4.7.2
2025-05-07T11:50:01.250000Z,cap-app-0131,cap-session-0131,cap-req-0131,cap-corr-0131,/v1/identity/verify,POST,200,855,4.7.2
2025-05-07T11:50:00.300000Z,cap-app-0131,cap-session-0131,cap-req-0131-p,cap-corr-0131-p,/v1/profile/prefill,GET,200,211,4.7.2
2025-05-07T12:07:01.250000Z,cap-app-0132,cap-session-0132,cap-req-0132,cap-corr-0132,/v1/identity/verify,POST,200,890,4.7.2
2025-05-07T12:07:00.300000Z,cap-app-0132,cap-session-0132,cap-req-0132-p,cap-corr-0132-p,/v1/profile/prefill,GET,200,212,4.7.2
2025-05-07T12:24:01.250000Z,cap-app-0133,cap-session-0133,cap-req-0133,cap-corr-0133,/v1/identity/verify,POST,422,680,4.7.2
2025-05-07T12:24:00.300000Z,cap-app-0133,cap-session-0133,cap-req-0133-p,cap-corr-0133-p,/v1/profile/prefill,GET,200,213,4.7.2
2025-05-07T12:41:01.250000Z,cap-app-0134,cap-session-0134,cap-req-0134,cap-corr-0134,/v1/identity/verify,POST,200,715,4.7.2
2025-05-07T12:41:00.300000Z,cap-app-0134,cap-session-0134,cap-req-0134-p,cap-corr-0134-p,/v1/profile/prefill,GET,200,214,4.7.2
2025-05-07T12:58:01.250000Z,cap-app-0135,cap-session-0135,cap-req-0135,cap-corr-0135,/v1/identity/verify,POST,200,750,4.7.2
2025-05-07T12:58:00.300000Z,cap-app-0135,cap-session-0135,cap-req-0135-p,cap-corr-0135-p,/v1/profile/prefill,GET,200,215,4.7.2
2025-05-07T13:15:01.250000Z,cap-app-0136,cap-session-0136,cap-req-0136,cap-corr-0136,/v1/identity/verify,POST,200,785,4.7.2
2025-05-07T13:15:00.300000Z,cap-app-0136,cap-session-0136,cap-req-0136-p,cap-corr-0136-p,/v1/profile/prefill,GET,503,216,4.7.2
2025-05-07T13:32:01.250000Z,cap-app-0137,cap-session-0137,cap-req-0137,cap-corr-0137,/v1/identity/verify,POST,200,820,4.7.2
2025-05-07T13:32:00.300000Z,cap-app-0137,cap-session-0137,cap-req-0137-p,cap-corr-0137-p,/v1/profile/prefill,GET,200,217,4.7.2
2025-05-07T13:49:01.250000Z,cap-app-0138,cap-session-0138,cap-req-0138,cap-corr-0138,/v1/identity/verify,POST,200,855,4.7.2
2025-05-07T13:49:00.300000Z,cap-app-0138,cap-session-0138,cap-req-0138-p,cap-corr-0138-p,/v1/profile/prefill,GET,200,218,4.7.2
2025-05-07T14:06:01.250000Z,cap-app-0139,cap-session-0139,cap-req-0139,cap-corr-0139,/v1/identity/verify,POST,200,890,4.7.2
2025-05-07T14:06:00.300000Z,cap-app-0139,cap-session-0139,cap-req-0139-p,cap-corr-0139-p,/v1/profile/prefill,GET,200,219,4.7.2
2025-05-07T14:23:01.250000Z,cap-app-0140,cap-session-0140,cap-req-0140,cap-corr-0140,/v1/identity/verify,POST,200,680,4.7.2
2025-05-07T14:23:00.300000Z,cap-app-0140,cap-session-0140,cap-req-0140-p,cap-corr-0140-p,/v1/profile/prefill,GET,200,220,4.7.2
2025-05-08T09:00:01.250000Z,cap-app-0141,cap-session-0141,cap-req-0141,cap-corr-0141,/v1/identity/verify,POST,200,715,4.7.2
2025-05-08T09:00:00.300000Z,cap-app-0141,cap-session-0141,cap-req-0141-p,cap-corr-0141-p,/v1/profile/prefill,GET,200,221,4.7.2
2025-05-08T09:17:01.250000Z,cap-app-0142,cap-session-0142,cap-req-0142,cap-corr-0142,/v1/identity/verify,POST,200,750,4.7.2
2025-05-08T09:17:00.300000Z,cap-app-0142,cap-session-0142,cap-req-0142-p,cap-corr-0142-p,/v1/profile/prefill,GET,200,222,4.7.2
2025-05-08T09:34:01.250000Z,cap-app-0143,cap-session-0143,cap-req-0143,cap-corr-0143,/v1/identity/verify,POST,200,785,4.7.2
2025-05-08T09:34:00.300000Z,cap-app-0143,cap-session-0143,cap-req-0143-p,cap-corr-0143-p,/v1/profile/prefill,GET,200,223,4.7.2
2025-05-08T09:51:01.250000Z,cap-app-0144,cap-session-0144,cap-req-0144,cap-corr-0144,/v1/identity/verify,POST,200,820,4.7.2
2025-05-08T09:51:00.300000Z,cap-app-0144,cap-session-0144,cap-req-0144-p,cap-corr-0144-p,/v1/profile/prefill,GET,200,224,4.7.2
2025-05-08T10:08:01.250000Z,cap-app-0145,cap-session-0145,cap-req-0145,cap-corr-0145,/v1/identity/verify,POST,200,855,4.7.2
2025-05-08T10:08:00.300000Z,cap-app-0145,cap-session-0145,cap-req-0145-p,cap-corr-0145-p,/v1/profile/prefill,GET,200,225,4.7.2
2025-05-08T10:25:01.250000Z,cap-app-0146,cap-session-0146,cap-req-0146,cap-corr-0146,/v1/identity/verify,POST,200,890,4.7.2
2025-05-08T10:25:00.300000Z,cap-app-0146,cap-session-0146,cap-req-0146-p,cap-corr-0146-p,/v1/profile/prefill,GET,200,226,4.7.2
2025-05-08T10:42:01.250000Z,cap-app-0147,cap-session-0147,cap-req-0147,cap-corr-0147,/v1/identity/verify,POST,200,680,4.7.2
2025-05-08T10:42:00.300000Z,cap-app-0147,cap-session-0147,cap-req-0147-p,cap-corr-0147-p,/v1/profile/prefill,GET,200,227,4.7.2
2025-05-08T10:59:01.250000Z,cap-app-0148,cap-session-0148,cap-req-0148,cap-corr-0148,/v1/identity/verify,POST,200,715,4.7.2
2025-05-08T10:59:00.300000Z,cap-app-0148,cap-session-0148,cap-req-0148-p,cap-corr-0148-p,/v1/profile/prefill,GET,200,228,4.7.2
2025-05-08T11:16:01.250000Z,cap-app-0149,cap-session-0149,cap-req-0149,cap-corr-0149,/v1/identity/verify,POST,200,750,4.7.2
2025-05-08T11:16:00.300000Z,cap-app-0149,cap-session-0149,cap-req-0149-p,cap-corr-0149-p,/v1/profile/prefill,GET,200,229,4.7.2
2025-05-08T11:33:01.250000Z,cap-app-0150,cap-session-0150,cap-req-0150,cap-corr-0150,/v1/identity/verify,POST,200,785,4.7.2
2025-05-08T11:33:00.300000Z,cap-app-0150,cap-session-0150,cap-req-0150-p,cap-corr-0150-p,/v1/profile/prefill,GET,200,180,4.7.2
2025-05-08T11:50:01.250000Z,cap-app-0151,cap-session-0151,cap-req-0151,cap-corr-0151,/v1/identity/verify,POST,200,820,4.7.2
2025-05-08T11:50:00.300000Z,cap-app-0151,cap-session-0151,cap-req-0151-p,cap-corr-0151-p,/v1/profile/prefill,GET,200,181,4.7.2
2025-05-08T12:07:01.250000Z,cap-app-0152,cap-session-0152,cap-req-0152,cap-corr-0152,/v1/identity/verify,POST,422,855,4.7.2
2025-05-08T12:07:00.300000Z,cap-app-0152,cap-session-0152,cap-req-0152-p,cap-corr-0152-p,/v1/profile/prefill,GET,200,182,4.7.2
2025-05-08T12:24:01.250000Z,cap-app-0153,cap-session-0153,cap-req-0153,cap-corr-0153,/v1/identity/verify,POST,200,890,4.7.2
2025-05-08T12:24:00.300000Z,cap-app-0153,cap-session-0153,cap-req-0153-p,cap-corr-0153-p,/v1/profile/prefill,GET,503,183,4.7.2
2025-05-08T12:41:01.250000Z,cap-app-0154,cap-session-0154,cap-req-0154,cap-corr-0154,/v1/identity/verify,POST,200,680,4.7.2
2025-05-08T12:41:00.300000Z,cap-app-0154,cap-session-0154,cap-req-0154-p,cap-corr-0154-p,/v1/profile/prefill,GET,200,184,4.7.2
2025-05-08T12:58:01.250000Z,cap-app-0155,cap-session-0155,cap-req-0155,cap-corr-0155,/v1/identity/verify,POST,200,715,4.7.2
2025-05-08T12:58:00.300000Z,cap-app-0155,cap-session-0155,cap-req-0155-p,cap-corr-0155-p,/v1/profile/prefill,GET,200,185,4.7.2
2025-05-08T13:15:01.250000Z,cap-app-0156,cap-session-0156,cap-req-0156,cap-corr-0156,/v1/identity/verify,POST,200,750,4.7.2
2025-05-08T13:15:00.300000Z,cap-app-0156,cap-session-0156,cap-req-0156-p,cap-corr-0156-p,/v1/profile/prefill,GET,200,186,4.7.2
2025-05-08T13:32:01.250000Z,cap-app-0157,cap-session-0157,cap-req-0157,cap-corr-0157,/v1/identity/verify,POST,200,785,4.7.2
2025-05-08T13:32:00.300000Z,cap-app-0157,cap-session-0157,cap-req-0157-p,cap-corr-0157-p,/v1/profile/prefill,GET,200,187,4.7.2
2025-05-08T13:49:01.250000Z,cap-app-0158,cap-session-0158,cap-req-0158,cap-corr-0158,/v1/identity/verify,POST,200,820,4.7.2
2025-05-08T13:49:00.300000Z,cap-app-0158,cap-session-0158,cap-req-0158-p,cap-corr-0158-p,/v1/profile/prefill,GET,200,188,4.7.2
2025-05-08T14:06:01.250000Z,cap-app-0159,cap-session-0159,cap-req-0159,cap-corr-0159,/v1/identity/verify,POST,200,855,4.7.2
2025-05-08T14:06:00.300000Z,cap-app-0159,cap-session-0159,cap-req-0159-p,cap-corr-0159-p,/v1/profile/prefill,GET,200,189,4.7.2
2025-05-08T14:23:01.250000Z,cap-app-0160,cap-session-0160,cap-req-0160,cap-corr-0160,/v1/identity/verify,POST,200,890,4.7.2
2025-05-08T14:23:00.300000Z,cap-app-0160,cap-session-0160,cap-req-0160-p,cap-corr-0160-p,/v1/profile/prefill,GET,200,190,4.7.2
2025-05-09T09:00:01.250000Z,cap-app-0161,cap-session-0161,cap-req-0161,cap-corr-0161,/v1/identity/verify,POST,200,680,4.7.2
2025-05-09T09:00:00.300000Z,cap-app-0161,cap-session-0161,cap-req-0161-p,cap-corr-0161-p,/v1/profile/prefill,GET,200,191,4.7.2
2025-05-09T09:17:01.250000Z,cap-app-0162,cap-session-0162,cap-req-0162,cap-corr-0162,/v1/identity/verify,POST,200,715,4.7.2
2025-05-09T09:17:00.300000Z,cap-app-0162,cap-session-0162,cap-req-0162-p,cap-corr-0162-p,/v1/profile/prefill,GET,200,192,4.7.2
2025-05-09T09:34:01.250000Z,cap-app-0163,cap-session-0163,cap-req-0163,cap-corr-0163,/v1/identity/verify,POST,200,750,4.7.2
2025-05-09T09:34:00.300000Z,cap-app-0163,cap-session-0163,cap-req-0163-p,cap-corr-0163-p,/v1/profile/prefill,GET,200,193,4.7.2
2025-05-09T09:51:01.250000Z,cap-app-0164,cap-session-0164,cap-req-0164,cap-corr-0164,/v1/identity/verify,POST,200,785,4.7.2
2025-05-09T09:51:00.300000Z,cap-app-0164,cap-session-0164,cap-req-0164-p,cap-corr-0164-p,/v1/profile/prefill,GET,200,194,4.7.2
2025-05-09T10:08:01.250000Z,cap-app-0165,cap-session-0165,cap-req-0165,cap-corr-0165,/v1/identity/verify,POST,200,820,4.7.2
2025-05-09T10:08:00.300000Z,cap-app-0165,cap-session-0165,cap-req-0165-p,cap-corr-0165-p,/v1/profile/prefill,GET,200,195,4.7.2
2025-05-09T10:25:01.250000Z,cap-app-0166,cap-session-0166,cap-req-0166,cap-corr-0166,/v1/identity/verify,POST,200,855,4.7.2
2025-05-09T10:25:00.300000Z,cap-app-0166,cap-session-0166,cap-req-0166-p,cap-corr-0166-p,/v1/profile/prefill,GET,200,196,4.7.2
2025-05-09T10:42:01.250000Z,cap-app-0167,cap-session-0167,cap-req-0167,cap-corr-0167,/v1/identity/verify,POST,200,890,4.7.2
2025-05-09T10:42:00.300000Z,cap-app-0167,cap-session-0167,cap-req-0167-p,cap-corr-0167-p,/v1/profile/prefill,GET,200,197,4.7.2
2025-05-09T10:59:01.250000Z,cap-app-0168,cap-session-0168,cap-req-0168,cap-corr-0168,/v1/identity/verify,POST,200,680,4.7.2
2025-05-09T10:59:00.300000Z,cap-app-0168,cap-session-0168,cap-req-0168-p,cap-corr-0168-p,/v1/profile/prefill,GET,200,198,4.7.2
2025-05-09T11:16:01.250000Z,cap-app-0169,cap-session-0169,cap-req-0169,cap-corr-0169,/v1/identity/verify,POST,200,715,4.7.2
2025-05-09T11:16:00.300000Z,cap-app-0169,cap-session-0169,cap-req-0169-p,cap-corr-0169-p,/v1/profile/prefill,GET,200,199,4.7.2
2025-05-09T11:33:01.250000Z,cap-app-0170,cap-session-0170,cap-req-0170,cap-corr-0170,/v1/identity/verify,POST,200,750,4.7.2
2025-05-09T11:33:00.300000Z,cap-app-0170,cap-session-0170,cap-req-0170-p,cap-corr-0170-p,/v1/profile/prefill,GET,503,200,4.7.2
2025-05-09T11:50:01.250000Z,cap-app-0171,cap-session-0171,cap-req-0171,cap-corr-0171,/v1/identity/verify,POST,422,785,4.7.2
2025-05-09T11:50:00.300000Z,cap-app-0171,cap-session-0171,cap-req-0171-p,cap-corr-0171-p,/v1/profile/prefill,GET,200,201,4.7.2
2025-05-09T12:07:01.250000Z,cap-app-0172,cap-session-0172,cap-req-0172,cap-corr-0172,/v1/identity/verify,POST,200,820,4.7.2
2025-05-09T12:07:00.300000Z,cap-app-0172,cap-session-0172,cap-req-0172-p,cap-corr-0172-p,/v1/profile/prefill,GET,200,202,4.7.2
2025-05-09T12:24:01.250000Z,cap-app-0173,cap-session-0173,cap-req-0173,cap-corr-0173,/v1/identity/verify,POST,200,855,4.7.2
2025-05-09T12:24:00.300000Z,cap-app-0173,cap-session-0173,cap-req-0173-p,cap-corr-0173-p,/v1/profile/prefill,GET,200,203,4.7.2
2025-05-09T12:41:01.250000Z,cap-app-0174,cap-session-0174,cap-req-0174,cap-corr-0174,/v1/identity/verify,POST,200,890,4.7.2
2025-05-09T12:41:00.300000Z,cap-app-0174,cap-session-0174,cap-req-0174-p,cap-corr-0174-p,/v1/profile/prefill,GET,200,204,4.7.2
2025-05-09T12:58:01.250000Z,cap-app-0175,cap-session-0175,cap-req-0175,cap-corr-0175,/v1/identity/verify,POST,200,680,4.7.2
2025-05-09T12:58:00.300000Z,cap-app-0175,cap-session-0175,cap-req-0175-p,cap-corr-0175-p,/v1/profile/prefill,GET,200,205,4.7.2
2025-05-09T13:15:01.250000Z,cap-app-0176,cap-session-0176,cap-req-0176,cap-corr-0176,/v1/identity/verify,POST,200,715,4.7.2
2025-05-09T13:15:00.300000Z,cap-app-0176,cap-session-0176,cap-req-0176-p,cap-corr-0176-p,/v1/profile/prefill,GET,200,206,4.7.2
2025-05-09T13:32:01.250000Z,cap-app-0177,cap-session-0177,cap-req-0177,cap-corr-0177,/v1/identity/verify,POST,200,750,4.7.2
2025-05-09T13:32:00.300000Z,cap-app-0177,cap-session-0177,cap-req-0177-p,cap-corr-0177-p,/v1/profile/prefill,GET,200,207,4.7.2
2025-05-09T13:49:01.250000Z,cap-app-0178,cap-session-0178,cap-req-0178,cap-corr-0178,/v1/identity/verify,POST,200,785,4.7.2
2025-05-09T13:49:00.300000Z,cap-app-0178,cap-session-0178,cap-req-0178-p,cap-corr-0178-p,/v1/profile/prefill,GET,200,208,4.7.2
2025-05-09T14:06:01.250000Z,cap-app-0179,cap-session-0179,cap-req-0179,cap-corr-0179,/v1/identity/verify,POST,200,820,4.7.2
2025-05-09T14:06:00.300000Z,cap-app-0179,cap-session-0179,cap-req-0179-p,cap-corr-0179-p,/v1/profile/prefill,GET,200,209,4.7.2
2025-05-09T14:23:01.250000Z,cap-app-0180,cap-session-0180,cap-req-0180,cap-corr-0180,/v1/identity/verify,POST,200,855,4.7.2
2025-05-09T14:23:00.300000Z,cap-app-0180,cap-session-0180,cap-req-0180-p,cap-corr-0180-p,/v1/profile/prefill,GET,200,210,4.7.2
2025-05-10T09:00:01.250000Z,cap-app-0181,cap-session-0181,cap-req-0181,cap-corr-0181,/v1/identity/verify,POST,200,890,4.7.2
2025-05-10T09:00:00.300000Z,cap-app-0181,cap-session-0181,cap-req-0181-p,cap-corr-0181-p,/v1/profile/prefill,GET,200,211,4.7.2
2025-05-10T09:17:01.250000Z,cap-app-0182,cap-session-0182,cap-req-0182,cap-corr-0182,/v1/identity/verify,POST,200,680,4.7.2
2025-05-10T09:17:00.300000Z,cap-app-0182,cap-session-0182,cap-req-0182-p,cap-corr-0182-p,/v1/profile/prefill,GET,200,212,4.7.2
2025-05-10T09:34:01.250000Z,cap-app-0183,cap-session-0183,cap-req-0183,cap-corr-0183,/v1/identity/verify,POST,200,715,4.7.2
2025-05-10T09:34:00.300000Z,cap-app-0183,cap-session-0183,cap-req-0183-p,cap-corr-0183-p,/v1/profile/prefill,GET,200,213,4.7.2
2025-05-10T09:51:01.250000Z,cap-app-0184,cap-session-0184,cap-req-0184,cap-corr-0184,/v1/identity/verify,POST,200,750,4.7.2
2025-05-10T09:51:00.300000Z,cap-app-0184,cap-session-0184,cap-req-0184-p,cap-corr-0184-p,/v1/profile/prefill,GET,200,214,4.7.2
2025-05-10T10:08:01.250000Z,cap-app-0185,cap-session-0185,cap-req-0185,cap-corr-0185,/v1/identity/verify,POST,200,785,4.7.2
2025-05-10T10:08:00.300000Z,cap-app-0185,cap-session-0185,cap-req-0185-p,cap-corr-0185-p,/v1/profile/prefill,GET,200,215,4.7.2
2025-05-10T10:25:01.250000Z,cap-app-0186,cap-session-0186,cap-req-0186,cap-corr-0186,/v1/identity/verify,POST,200,820,4.7.2
2025-05-10T10:25:00.300000Z,cap-app-0186,cap-session-0186,cap-req-0186-p,cap-corr-0186-p,/v1/profile/prefill,GET,200,216,4.7.2
2025-05-10T10:42:01.250000Z,cap-app-0187,cap-session-0187,cap-req-0187,cap-corr-0187,/v1/identity/verify,POST,200,855,4.7.2
2025-05-10T10:42:00.300000Z,cap-app-0187,cap-session-0187,cap-req-0187-p,cap-corr-0187-p,/v1/profile/prefill,GET,503,217,4.7.2
2025-05-10T10:59:01.250000Z,cap-app-0188,cap-session-0188,cap-req-0188,cap-corr-0188,/v1/identity/verify,POST,200,890,4.7.2
2025-05-10T10:59:00.300000Z,cap-app-0188,cap-session-0188,cap-req-0188-p,cap-corr-0188-p,/v1/profile/prefill,GET,200,218,4.7.2
2025-05-10T11:16:01.250000Z,cap-app-0189,cap-session-0189,cap-req-0189,cap-corr-0189,/v1/identity/verify,POST,200,680,4.7.2
2025-05-10T11:16:00.300000Z,cap-app-0189,cap-session-0189,cap-req-0189-p,cap-corr-0189-p,/v1/profile/prefill,GET,200,219,4.7.2
2025-05-10T11:33:01.250000Z,cap-app-0190,cap-session-0190,cap-req-0190,cap-corr-0190,/v1/identity/verify,POST,422,715,4.7.2
2025-05-10T11:33:00.300000Z,cap-app-0190,cap-session-0190,cap-req-0190-p,cap-corr-0190-p,/v1/profile/prefill,GET,200,220,4.7.2
2025-05-10T11:50:01.250000Z,cap-app-0191,cap-session-0191,cap-req-0191,cap-corr-0191,/v1/identity/verify,POST,200,750,4.7.2
2025-05-10T11:50:00.300000Z,cap-app-0191,cap-session-0191,cap-req-0191-p,cap-corr-0191-p,/v1/profile/prefill,GET,200,221,4.7.2
2025-05-10T12:07:01.250000Z,cap-app-0192,cap-session-0192,cap-req-0192,cap-corr-0192,/v1/identity/verify,POST,200,785,4.7.2
2025-05-10T12:07:00.300000Z,cap-app-0192,cap-session-0192,cap-req-0192-p,cap-corr-0192-p,/v1/profile/prefill,GET,200,222,4.7.2
2025-05-10T12:24:01.250000Z,cap-app-0193,cap-session-0193,cap-req-0193,cap-corr-0193,/v1/identity/verify,POST,200,820,4.7.2
2025-05-10T12:24:00.300000Z,cap-app-0193,cap-session-0193,cap-req-0193-p,cap-corr-0193-p,/v1/profile/prefill,GET,200,223,4.7.2
2025-05-10T12:41:01.250000Z,cap-app-0194,cap-session-0194,cap-req-0194,cap-corr-0194,/v1/identity/verify,POST,200,855,4.7.2
2025-05-10T12:41:00.300000Z,cap-app-0194,cap-session-0194,cap-req-0194-p,cap-corr-0194-p,/v1/profile/prefill,GET,200,224,4.7.2
2025-05-10T12:58:01.250000Z,cap-app-0195,cap-session-0195,cap-req-0195,cap-corr-0195,/v1/identity/verify,POST,200,890,4.7.2
2025-05-10T12:58:00.300000Z,cap-app-0195,cap-session-0195,cap-req-0195-p,cap-corr-0195-p,/v1/profile/prefill,GET,200,225,4.7.2
2025-05-10T13:15:01.250000Z,cap-app-0196,cap-session-0196,cap-req-0196,cap-corr-0196,/v1/identity/verify,POST,200,680,4.7.2
2025-05-10T13:15:00.300000Z,cap-app-0196,cap-session-0196,cap-req-0196-p,cap-corr-0196-p,/v1/profile/prefill,GET,200,226,4.7.2
2025-05-10T13:32:01.250000Z,cap-app-0197,cap-session-0197,cap-req-0197,cap-corr-0197,/v1/identity/verify,POST,200,715,4.7.2
2025-05-10T13:32:00.300000Z,cap-app-0197,cap-session-0197,cap-req-0197-p,cap-corr-0197-p,/v1/profile/prefill,GET,200,227,4.7.2
2025-05-10T13:49:01.250000Z,cap-app-0198,cap-session-0198,cap-req-0198,cap-corr-0198,/v1/identity/verify,POST,200,750,4.7.2
2025-05-10T13:49:00.300000Z,cap-app-0198,cap-session-0198,cap-req-0198-p,cap-corr-0198-p,/v1/profile/prefill,GET,200,228,4.7.2
2025-05-10T14:06:01.250000Z,cap-app-0199,cap-session-0199,cap-req-0199,cap-corr-0199,/v1/identity/verify,POST,200,785,4.7.2
2025-05-10T14:06:00.300000Z,cap-app-0199,cap-session-0199,cap-req-0199-p,cap-corr-0199-p,/v1/profile/prefill,GET,200,229,4.7.2
2025-05-10T14:23:01.250000Z,cap-app-0200,cap-session-0200,cap-req-0200,cap-corr-0200,/v1/identity/verify,POST,200,820,4.7.2
2025-05-10T14:23:00.300000Z,cap-app-0200,cap-session-0200,cap-req-0200-p,cap-corr-0200-p,/v1/profile/prefill,GET,200,180,4.7.2
2025-05-11T09:00:01.250000Z,cap-app-0201,cap-session-0201,cap-req-0201,cap-corr-0201,/v1/identity/verify,POST,200,855,4.7.2
2025-05-11T09:00:00.300000Z,cap-app-0201,cap-session-0201,cap-req-0201-p,cap-corr-0201-p,/v1/profile/prefill,GET,200,181,4.7.2
2025-05-11T09:17:01.250000Z,cap-app-0202,cap-session-0202,cap-req-0202,cap-corr-0202,/v1/identity/verify,POST,200,890,4.7.2
2025-05-11T09:17:00.300000Z,cap-app-0202,cap-session-0202,cap-req-0202-p,cap-corr-0202-p,/v1/profile/prefill,GET,200,182,4.7.2
2025-05-11T09:34:01.250000Z,cap-app-0203,cap-session-0203,cap-req-0203,cap-corr-0203,/v1/identity/verify,POST,200,680,4.7.2
2025-05-11T09:34:00.300000Z,cap-app-0203,cap-session-0203,cap-req-0203-p,cap-corr-0203-p,/v1/profile/prefill,GET,200,183,4.7.2
2025-05-11T09:51:01.250000Z,cap-app-0204,cap-session-0204,cap-req-0204,cap-corr-0204,/v1/identity/verify,POST,200,715,4.7.2
2025-05-11T09:51:00.300000Z,cap-app-0204,cap-session-0204,cap-req-0204-p,cap-corr-0204-p,/v1/profile/prefill,GET,503,184,4.7.2
2025-05-11T10:08:01.250000Z,cap-app-0205,cap-session-0205,cap-req-0205,cap-corr-0205,/v1/identity/verify,POST,200,750,4.7.2
2025-05-11T10:08:00.300000Z,cap-app-0205,cap-session-0205,cap-req-0205-p,cap-corr-0205-p,/v1/profile/prefill,GET,200,185,4.7.2
2025-05-11T10:25:01.250000Z,cap-app-0206,cap-session-0206,cap-req-0206,cap-corr-0206,/v1/identity/verify,POST,200,785,4.7.2
2025-05-11T10:25:00.300000Z,cap-app-0206,cap-session-0206,cap-req-0206-p,cap-corr-0206-p,/v1/profile/prefill,GET,200,186,4.7.2
2025-05-11T10:42:01.250000Z,cap-app-0207,cap-session-0207,cap-req-0207,cap-corr-0207,/v1/identity/verify,POST,200,820,4.7.2
2025-05-11T10:42:00.300000Z,cap-app-0207,cap-session-0207,cap-req-0207-p,cap-corr-0207-p,/v1/profile/prefill,GET,200,187,4.7.2
2025-05-11T10:59:01.250000Z,cap-app-0208,cap-session-0208,cap-req-0208,cap-corr-0208,/v1/identity/verify,POST,200,855,4.7.2
2025-05-11T10:59:00.300000Z,cap-app-0208,cap-session-0208,cap-req-0208-p,cap-corr-0208-p,/v1/profile/prefill,GET,200,188,4.7.2
2025-05-11T11:16:01.250000Z,cap-app-0209,cap-session-0209,cap-req-0209,cap-corr-0209,/v1/identity/verify,POST,422,890,4.7.2
2025-05-11T11:16:00.300000Z,cap-app-0209,cap-session-0209,cap-req-0209-p,cap-corr-0209-p,/v1/profile/prefill,GET,200,189,4.7.2
2025-05-11T11:33:01.250000Z,cap-app-0210,cap-session-0210,cap-req-0210,cap-corr-0210,/v1/identity/verify,POST,200,680,4.7.2
2025-05-11T11:33:00.300000Z,cap-app-0210,cap-session-0210,cap-req-0210-p,cap-corr-0210-p,/v1/profile/prefill,GET,200,190,4.7.2
2025-05-11T11:50:01.250000Z,cap-app-0211,cap-session-0211,cap-req-0211,cap-corr-0211,/v1/identity/verify,POST,200,715,4.7.2
2025-05-11T11:50:00.300000Z,cap-app-0211,cap-session-0211,cap-req-0211-p,cap-corr-0211-p,/v1/profile/prefill,GET,200,191,4.7.2
2025-05-11T12:07:01.250000Z,cap-app-0212,cap-session-0212,cap-req-0212,cap-corr-0212,/v1/identity/verify,POST,200,750,4.7.2
2025-05-11T12:07:00.300000Z,cap-app-0212,cap-session-0212,cap-req-0212-p,cap-corr-0212-p,/v1/profile/prefill,GET,200,192,4.7.2
2025-05-11T12:24:01.250000Z,cap-app-0213,cap-session-0213,cap-req-0213,cap-corr-0213,/v1/identity/verify,POST,200,785,4.7.2
2025-05-11T12:24:00.300000Z,cap-app-0213,cap-session-0213,cap-req-0213-p,cap-corr-0213-p,/v1/profile/prefill,GET,200,193,4.7.2
2025-05-11T12:41:01.250000Z,cap-app-0214,cap-session-0214,cap-req-0214,cap-corr-0214,/v1/identity/verify,POST,200,820,4.7.2
2025-05-11T12:41:00.300000Z,cap-app-0214,cap-session-0214,cap-req-0214-p,cap-corr-0214-p,/v1/profile/prefill,GET,200,194,4.7.2
2025-05-11T12:58:01.250000Z,cap-app-0215,cap-session-0215,cap-req-0215,cap-corr-0215,/v1/identity/verify,POST,200,855,4.7.2
2025-05-11T12:58:00.300000Z,cap-app-0215,cap-session-0215,cap-req-0215-p,cap-corr-0215-p,/v1/profile/prefill,GET,200,195,4.7.2
2025-05-11T13:15:01.250000Z,cap-app-0216,cap-session-0216,cap-req-0216,cap-corr-0216,/v1/identity/verify,POST,200,890,4.7.2
2025-05-11T13:15:00.300000Z,cap-app-0216,cap-session-0216,cap-req-0216-p,cap-corr-0216-p,/v1/profile/prefill,GET,200,196,4.7.2
2025-05-11T13:32:01.250000Z,cap-app-0217,cap-session-0217,cap-req-0217,cap-corr-0217,/v1/identity/verify,POST,200,680,4.7.2
2025-05-11T13:32:00.300000Z,cap-app-0217,cap-session-0217,cap-req-0217-p,cap-corr-0217-p,/v1/profile/prefill,GET,200,197,4.7.2
2025-05-11T13:49:01.250000Z,cap-app-0218,cap-session-0218,cap-req-0218,cap-corr-0218,/v1/identity/verify,POST,200,715,4.7.2
2025-05-11T13:49:00.300000Z,cap-app-0218,cap-session-0218,cap-req-0218-p,cap-corr-0218-p,/v1/profile/prefill,GET,200,198,4.7.2
2025-05-11T14:06:01.250000Z,cap-app-0219,cap-session-0219,cap-req-0219,cap-corr-0219,/v1/identity/verify,POST,200,750,4.7.2
2025-05-11T14:06:00.300000Z,cap-app-0219,cap-session-0219,cap-req-0219-p,cap-corr-0219-p,/v1/profile/prefill,GET,200,199,4.7.2
2025-05-11T14:23:01.250000Z,cap-app-0220,cap-session-0220,cap-req-0220,cap-corr-0220,/v1/identity/verify,POST,200,785,4.7.2
2025-05-11T14:23:00.300000Z,cap-app-0220,cap-session-0220,cap-req-0220-p,cap-corr-0220-p,/v1/profile/prefill,GET,200,200,4.7.2
2025-05-12T09:00:01.250000Z,cap-app-0221,cap-session-0221,cap-req-0221,cap-corr-0221,/v1/identity/verify,POST,200,820,4.7.2
2025-05-12T09:00:00.300000Z,cap-app-0221,cap-session-0221,cap-req-0221-p,cap-corr-0221-p,/v1/profile/prefill,GET,503,201,4.7.2
2025-05-12T09:17:01.250000Z,cap-app-0222,cap-session-0222,cap-req-0222,cap-corr-0222,/v1/identity/verify,POST,200,855,4.7.2
2025-05-12T09:17:00.300000Z,cap-app-0222,cap-session-0222,cap-req-0222-p,cap-corr-0222-p,/v1/profile/prefill,GET,200,202,4.7.2
2025-05-12T09:34:01.250000Z,cap-app-0223,cap-session-0223,cap-req-0223,cap-corr-0223,/v1/identity/verify,POST,200,890,4.7.2
2025-05-12T09:34:00.300000Z,cap-app-0223,cap-session-0223,cap-req-0223-p,cap-corr-0223-p,/v1/profile/prefill,GET,200,203,4.7.2
2025-05-12T09:51:01.250000Z,cap-app-0224,cap-session-0224,cap-req-0224,cap-corr-0224,/v1/identity/verify,POST,200,680,4.7.2
2025-05-12T09:51:00.300000Z,cap-app-0224,cap-session-0224,cap-req-0224-p,cap-corr-0224-p,/v1/profile/prefill,GET,200,204,4.7.2
2025-05-12T10:08:01.250000Z,cap-app-0225,cap-session-0225,cap-req-0225,cap-corr-0225,/v1/identity/verify,POST,200,715,4.7.2
2025-05-12T10:08:00.300000Z,cap-app-0225,cap-session-0225,cap-req-0225-p,cap-corr-0225-p,/v1/profile/prefill,GET,200,205,4.7.2
2025-05-12T10:25:01.250000Z,cap-app-0226,cap-session-0226,cap-req-0226,cap-corr-0226,/v1/identity/verify,POST,200,750,4.7.2
2025-05-12T10:25:00.300000Z,cap-app-0226,cap-session-0226,cap-req-0226-p,cap-corr-0226-p,/v1/profile/prefill,GET,200,206,4.7.2
2025-05-12T10:42:01.250000Z,cap-app-0227,cap-session-0227,cap-req-0227,cap-corr-0227,/v1/identity/verify,POST,200,785,4.7.2
2025-05-12T10:42:00.300000Z,cap-app-0227,cap-session-0227,cap-req-0227-p,cap-corr-0227-p,/v1/profile/prefill,GET,200,207,4.7.2
2025-05-12T10:59:01.250000Z,cap-app-0228,cap-session-0228,cap-req-0228,cap-corr-0228,/v1/identity/verify,POST,422,820,4.7.2
2025-05-12T10:59:00.300000Z,cap-app-0228,cap-session-0228,cap-req-0228-p,cap-corr-0228-p,/v1/profile/prefill,GET,200,208,4.7.2
2025-05-12T11:16:01.250000Z,cap-app-0229,cap-session-0229,cap-req-0229,cap-corr-0229,/v1/identity/verify,POST,200,855,4.7.2
2025-05-12T11:16:00.300000Z,cap-app-0229,cap-session-0229,cap-req-0229-p,cap-corr-0229-p,/v1/profile/prefill,GET,200,209,4.7.2
2025-05-12T11:33:01.250000Z,cap-app-0230,cap-session-0230,cap-req-0230,cap-corr-0230,/v1/identity/verify,POST,200,890,4.7.2
2025-05-12T11:33:00.300000Z,cap-app-0230,cap-session-0230,cap-req-0230-p,cap-corr-0230-p,/v1/profile/prefill,GET,200,210,4.7.2
2025-05-12T11:50:01.250000Z,cap-app-0231,cap-session-0231,cap-req-0231,cap-corr-0231,/v1/identity/verify,POST,200,680,4.7.2
2025-05-12T11:50:00.300000Z,cap-app-0231,cap-session-0231,cap-req-0231-p,cap-corr-0231-p,/v1/profile/prefill,GET,200,211,4.7.2
2025-05-12T12:07:01.250000Z,cap-app-0232,cap-session-0232,cap-req-0232,cap-corr-0232,/v1/identity/verify,POST,200,715,4.7.2
2025-05-12T12:07:00.300000Z,cap-app-0232,cap-session-0232,cap-req-0232-p,cap-corr-0232-p,/v1/profile/prefill,GET,200,212,4.7.2
2025-05-12T12:24:01.250000Z,cap-app-0233,cap-session-0233,cap-req-0233,cap-corr-0233,/v1/identity/verify,POST,200,750,4.7.2
2025-05-12T12:24:00.300000Z,cap-app-0233,cap-session-0233,cap-req-0233-p,cap-corr-0233-p,/v1/profile/prefill,GET,200,213,4.7.2
2025-05-12T12:41:01.250000Z,cap-app-0234,cap-session-0234,cap-req-0234,cap-corr-0234,/v1/identity/verify,POST,200,785,4.7.2
2025-05-12T12:41:00.300000Z,cap-app-0234,cap-session-0234,cap-req-0234-p,cap-corr-0234-p,/v1/profile/prefill,GET,200,214,4.7.2
2025-05-12T12:58:01.250000Z,cap-app-0235,cap-session-0235,cap-req-0235,cap-corr-0235,/v1/identity/verify,POST,200,820,4.7.2
2025-05-12T12:58:00.300000Z,cap-app-0235,cap-session-0235,cap-req-0235-p,cap-corr-0235-p,/v1/profile/prefill,GET,200,215,4.7.2
2025-05-12T13:15:01.250000Z,cap-app-0236,cap-session-0236,cap-req-0236,cap-corr-0236,/v1/identity/verify,POST,200,855,4.7.2
2025-05-12T13:15:00.300000Z,cap-app-0236,cap-session-0236,cap-req-0236-p,cap-corr-0236-p,/v1/profile/prefill,GET,200,216,4.7.2
2025-05-12T13:32:01.250000Z,cap-app-0237,cap-session-0237,cap-req-0237,cap-corr-0237,/v1/identity/verify,POST,200,890,4.7.2
2025-05-12T13:32:00.300000Z,cap-app-0237,cap-session-0237,cap-req-0237-p,cap-corr-0237-p,/v1/profile/prefill,GET,200,217,4.7.2
2025-05-12T13:49:01.250000Z,cap-app-0238,cap-session-0238,cap-req-0238,cap-corr-0238,/v1/identity/verify,POST,200,680,4.7.2
2025-05-12T13:49:00.300000Z,cap-app-0238,cap-session-0238,cap-req-0238-p,cap-corr-0238-p,/v1/profile/prefill,GET,503,218,4.7.2
2025-05-12T14:06:01.250000Z,cap-app-0239,cap-session-0239,cap-req-0239,cap-corr-0239,/v1/identity/verify,POST,200,715,4.7.2
2025-05-12T14:06:00.300000Z,cap-app-0239,cap-session-0239,cap-req-0239-p,cap-corr-0239-p,/v1/profile/prefill,GET,200,219,4.7.2
2025-05-12T14:23:01.250000Z,cap-app-0240,cap-session-0240,cap-req-0240,cap-corr-0240,/v1/identity/verify,POST,200,750,4.7.2
2025-05-12T14:23:00.300000Z,cap-app-0240,cap-session-0240,cap-req-0240-p,cap-corr-0240-p,/v1/profile/prefill,GET,200,220,4.7.2
2025-05-13T09:00:01.250000Z,cap-app-0241,cap-session-0241,cap-req-0241,cap-corr-0241,/v1/identity/verify,POST,200,785,4.7.2
2025-05-13T09:00:00.300000Z,cap-app-0241,cap-session-0241,cap-req-0241-p,cap-corr-0241-p,/v1/profile/prefill,GET,200,221,4.7.2
2025-05-13T09:17:01.250000Z,cap-app-0242,cap-session-0242,cap-req-0242,cap-corr-0242,/v1/identity/verify,POST,200,820,4.7.2
2025-05-13T09:17:00.300000Z,cap-app-0242,cap-session-0242,cap-req-0242-p,cap-corr-0242-p,/v1/profile/prefill,GET,200,222,4.7.2
2025-05-13T09:34:01.250000Z,cap-app-0243,cap-session-0243,cap-req-0243,cap-corr-0243,/v1/identity/verify,POST,200,855,4.7.2
2025-05-13T09:34:00.300000Z,cap-app-0243,cap-session-0243,cap-req-0243-p,cap-corr-0243-p,/v1/profile/prefill,GET,200,223,4.7.2
2025-05-13T09:51:01.250000Z,cap-app-0244,cap-session-0244,cap-req-0244,cap-corr-0244,/v1/identity/verify,POST,200,890,4.7.2
2025-05-13T09:51:00.300000Z,cap-app-0244,cap-session-0244,cap-req-0244-p,cap-corr-0244-p,/v1/profile/prefill,GET,200,224,4.7.2
2025-05-13T10:08:01.250000Z,cap-app-0245,cap-session-0245,cap-req-0245,cap-corr-0245,/v1/identity/verify,POST,200,680,4.7.2
2025-05-13T10:08:00.300000Z,cap-app-0245,cap-session-0245,cap-req-0245-p,cap-corr-0245-p,/v1/profile/prefill,GET,200,225,4.7.2
2025-05-13T10:25:01.250000Z,cap-app-0246,cap-session-0246,cap-req-0246,cap-corr-0246,/v1/identity/verify,POST,200,715,4.7.2
2025-05-13T10:25:00.300000Z,cap-app-0246,cap-session-0246,cap-req-0246-p,cap-corr-0246-p,/v1/profile/prefill,GET,200,226,4.7.2
2025-05-13T10:42:01.250000Z,cap-app-0247,cap-session-0247,cap-req-0247,cap-corr-0247,/v1/identity/verify,POST,422,750,4.7.2
2025-05-13T10:42:00.300000Z,cap-app-0247,cap-session-0247,cap-req-0247-p,cap-corr-0247-p,/v1/profile/prefill,GET,200,227,4.7.2
2025-05-13T10:59:01.250000Z,cap-app-0248,cap-session-0248,cap-req-0248,cap-corr-0248,/v1/identity/verify,POST,200,785,4.7.2
2025-05-13T10:59:00.300000Z,cap-app-0248,cap-session-0248,cap-req-0248-p,cap-corr-0248-p,/v1/profile/prefill,GET,200,228,4.7.2
2025-05-13T11:16:01.250000Z,cap-app-0249,cap-session-0249,cap-req-0249,cap-corr-0249,/v1/identity/verify,POST,200,820,4.7.2
2025-05-13T11:16:00.300000Z,cap-app-0249,cap-session-0249,cap-req-0249-p,cap-corr-0249-p,/v1/profile/prefill,GET,200,229,4.7.2
2025-05-13T11:33:01.250000Z,cap-app-0250,cap-session-0250,cap-req-0250,cap-corr-0250,/v1/identity/verify,POST,200,855,4.7.2
2025-05-13T11:33:00.300000Z,cap-app-0250,cap-session-0250,cap-req-0250-p,cap-corr-0250-p,/v1/profile/prefill,GET,200,180,4.7.2
2025-05-13T11:50:01.250000Z,cap-app-0251,cap-session-0251,cap-req-0251,cap-corr-0251,/v1/identity/verify,POST,200,890,4.7.2
2025-05-13T11:50:00.300000Z,cap-app-0251,cap-session-0251,cap-req-0251-p,cap-corr-0251-p,/v1/profile/prefill,GET,200,181,4.7.2
2025-05-13T12:07:01.250000Z,cap-app-0252,cap-session-0252,cap-req-0252,cap-corr-0252,/v1/identity/verify,POST,200,680,4.7.2
2025-05-13T12:07:00.300000Z,cap-app-0252,cap-session-0252,cap-req-0252-p,cap-corr-0252-p,/v1/profile/prefill,GET,200,182,4.7.2
2025-05-13T12:24:01.250000Z,cap-app-0253,cap-session-0253,cap-req-0253,cap-corr-0253,/v1/identity/verify,POST,200,715,4.7.2
2025-05-13T12:24:00.300000Z,cap-app-0253,cap-session-0253,cap-req-0253-p,cap-corr-0253-p,/v1/profile/prefill,GET,200,183,4.7.2
2025-05-13T12:41:01.250000Z,cap-app-0254,cap-session-0254,cap-req-0254,cap-corr-0254,/v1/identity/verify,POST,200,750,4.7.2
2025-05-13T12:41:00.300000Z,cap-app-0254,cap-session-0254,cap-req-0254-p,cap-corr-0254-p,/v1/profile/prefill,GET,200,184,4.7.2
2025-05-13T12:58:01.250000Z,cap-app-0255,cap-session-0255,cap-req-0255,cap-corr-0255,/v1/identity/verify,POST,200,785,4.7.2
2025-05-13T12:58:00.300000Z,cap-app-0255,cap-session-0255,cap-req-0255-p,cap-corr-0255-p,/v1/profile/prefill,GET,503,185,4.7.2
2025-05-13T13:15:01.250000Z,cap-app-0256,cap-session-0256,cap-req-0256,cap-corr-0256,/v1/identity/verify,POST,200,820,4.7.2
2025-05-13T13:15:00.300000Z,cap-app-0256,cap-session-0256,cap-req-0256-p,cap-corr-0256-p,/v1/profile/prefill,GET,200,186,4.7.2
2025-05-13T13:32:01.250000Z,cap-app-0257,cap-session-0257,cap-req-0257,cap-corr-0257,/v1/identity/verify,POST,200,855,4.7.2
2025-05-13T13:32:00.300000Z,cap-app-0257,cap-session-0257,cap-req-0257-p,cap-corr-0257-p,/v1/profile/prefill,GET,200,187,4.7.2
2025-05-13T13:49:01.250000Z,cap-app-0258,cap-session-0258,cap-req-0258,cap-corr-0258,/v1/identity/verify,POST,200,890,4.7.2
2025-05-13T13:49:00.300000Z,cap-app-0258,cap-session-0258,cap-req-0258-p,cap-corr-0258-p,/v1/profile/prefill,GET,200,188,4.7.2
2025-05-13T14:06:01.250000Z,cap-app-0259,cap-session-0259,cap-req-0259,cap-corr-0259,/v1/identity/verify,POST,200,680,4.7.2
2025-05-13T14:06:00.300000Z,cap-app-0259,cap-session-0259,cap-req-0259-p,cap-corr-0259-p,/v1/profile/prefill,GET,200,189,4.7.2
2025-05-13T14:23:01.250000Z,cap-app-0260,cap-session-0260,cap-req-0260,cap-corr-0260,/v1/identity/verify,POST,200,715,4.7.2
2025-05-13T14:23:00.300000Z,cap-app-0260,cap-session-0260,cap-req-0260-p,cap-corr-0260-p,/v1/profile/prefill,GET,200,190,4.7.2
2025-05-14T09:00:01.250000Z,cap-app-0261,cap-session-0261,cap-req-0261,cap-corr-0261,/v1/identity/verify,POST,200,750,4.7.2
2025-05-14T09:00:00.300000Z,cap-app-0261,cap-session-0261,cap-req-0261-p,cap-corr-0261-p,/v1/profile/prefill,GET,200,191,4.7.2
2025-05-14T09:17:01.250000Z,cap-app-0262,cap-session-0262,cap-req-0262,cap-corr-0262,/v1/identity/verify,POST,200,785,4.7.2
2025-05-14T09:17:00.300000Z,cap-app-0262,cap-session-0262,cap-req-0262-p,cap-corr-0262-p,/v1/profile/prefill,GET,200,192,4.7.2
2025-05-14T09:34:01.250000Z,cap-app-0263,cap-session-0263,cap-req-0263,cap-corr-0263,/v1/identity/verify,POST,200,820,4.7.2
2025-05-14T09:34:00.300000Z,cap-app-0263,cap-session-0263,cap-req-0263-p,cap-corr-0263-p,/v1/profile/prefill,GET,200,193,4.7.2
2025-05-14T09:51:01.250000Z,cap-app-0264,cap-session-0264,cap-req-0264,cap-corr-0264,/v1/identity/verify,POST,200,855,4.7.2
2025-05-14T09:51:00.300000Z,cap-app-0264,cap-session-0264,cap-req-0264-p,cap-corr-0264-p,/v1/profile/prefill,GET,200,194,4.7.2
2025-05-14T10:08:01.250000Z,cap-app-0265,cap-session-0265,cap-req-0265,cap-corr-0265,/v1/identity/verify,POST,200,890,4.7.2
2025-05-14T10:08:00.300000Z,cap-app-0265,cap-session-0265,cap-req-0265-p,cap-corr-0265-p,/v1/profile/prefill,GET,200,195,4.7.2
2025-05-14T10:25:01.250000Z,cap-app-0266,cap-session-0266,cap-req-0266,cap-corr-0266,/v1/identity/verify,POST,422,680,4.7.2
2025-05-14T10:25:00.300000Z,cap-app-0266,cap-session-0266,cap-req-0266-p,cap-corr-0266-p,/v1/profile/prefill,GET,200,196,4.7.2
2025-05-14T10:42:01.250000Z,cap-app-0267,cap-session-0267,cap-req-0267,cap-corr-0267,/v1/identity/verify,POST,200,715,4.7.2
2025-05-14T10:42:00.300000Z,cap-app-0267,cap-session-0267,cap-req-0267-p,cap-corr-0267-p,/v1/profile/prefill,GET,200,197,4.7.2
2025-05-14T10:59:01.250000Z,cap-app-0268,cap-session-0268,cap-req-0268,cap-corr-0268,/v1/identity/verify,POST,200,750,4.7.2
2025-05-14T10:59:00.300000Z,cap-app-0268,cap-session-0268,cap-req-0268-p,cap-corr-0268-p,/v1/profile/prefill,GET,200,198,4.7.2
2025-05-14T11:16:01.250000Z,cap-app-0269,cap-session-0269,cap-req-0269,cap-corr-0269,/v1/identity/verify,POST,200,785,4.7.2
2025-05-14T11:16:00.300000Z,cap-app-0269,cap-session-0269,cap-req-0269-p,cap-corr-0269-p,/v1/profile/prefill,GET,200,199,4.7.2
2025-05-14T11:33:01.250000Z,cap-app-0270,cap-session-0270,cap-req-0270,cap-corr-0270,/v1/identity/verify,POST,200,820,4.7.2
2025-05-14T11:33:00.300000Z,cap-app-0270,cap-session-0270,cap-req-0270-p,cap-corr-0270-p,/v1/profile/prefill,GET,200,200,4.7.2
2025-05-14T11:50:01.250000Z,cap-app-0271,cap-session-0271,cap-req-0271,cap-corr-0271,/v1/identity/verify,POST,200,855,4.7.2
2025-05-14T11:50:00.300000Z,cap-app-0271,cap-session-0271,cap-req-0271-p,cap-corr-0271-p,/v1/profile/prefill,GET,200,201,4.7.2
2025-05-14T12:07:01.250000Z,cap-app-0272,cap-session-0272,cap-req-0272,cap-corr-0272,/v1/identity/verify,POST,200,890,4.7.2
2025-05-14T12:07:00.300000Z,cap-app-0272,cap-session-0272,cap-req-0272-p,cap-corr-0272-p,/v1/profile/prefill,GET,503,202,4.7.2
2025-05-14T12:24:01.250000Z,cap-app-0273,cap-session-0273,cap-req-0273,cap-corr-0273,/v1/identity/verify,POST,200,680,4.7.2
2025-05-14T12:24:00.300000Z,cap-app-0273,cap-session-0273,cap-req-0273-p,cap-corr-0273-p,/v1/profile/prefill,GET,200,203,4.7.2
2025-05-14T12:41:01.250000Z,cap-app-0274,cap-session-0274,cap-req-0274,cap-corr-0274,/v1/identity/verify,POST,200,715,4.7.2
2025-05-14T12:41:00.300000Z,cap-app-0274,cap-session-0274,cap-req-0274-p,cap-corr-0274-p,/v1/profile/prefill,GET,200,204,4.7.2
2025-05-14T12:58:01.250000Z,cap-app-0275,cap-session-0275,cap-req-0275,cap-corr-0275,/v1/identity/verify,POST,200,750,4.7.2
2025-05-14T12:58:00.300000Z,cap-app-0275,cap-session-0275,cap-req-0275-p,cap-corr-0275-p,/v1/profile/prefill,GET,200,205,4.7.2
2025-05-14T13:15:01.250000Z,cap-app-0276,cap-session-0276,cap-req-0276,cap-corr-0276,/v1/identity/verify,POST,200,785,4.7.2
2025-05-14T13:15:00.300000Z,cap-app-0276,cap-session-0276,cap-req-0276-p,cap-corr-0276-p,/v1/profile/prefill,GET,200,206,4.7.2
2025-05-14T13:32:01.250000Z,cap-app-0277,cap-session-0277,cap-req-0277,cap-corr-0277,/v1/identity/verify,POST,200,820,4.7.2
2025-05-14T13:32:00.300000Z,cap-app-0277,cap-session-0277,cap-req-0277-p,cap-corr-0277-p,/v1/profile/prefill,GET,200,207,4.7.2
2025-05-14T13:49:01.250000Z,cap-app-0278,cap-session-0278,cap-req-0278,cap-corr-0278,/v1/identity/verify,POST,200,855,4.7.2
2025-05-14T13:49:00.300000Z,cap-app-0278,cap-session-0278,cap-req-0278-p,cap-corr-0278-p,/v1/profile/prefill,GET,200,208,4.7.2
2025-05-14T14:06:01.250000Z,cap-app-0279,cap-session-0279,cap-req-0279,cap-corr-0279,/v1/identity/verify,POST,200,890,4.7.2
2025-05-14T14:06:00.300000Z,cap-app-0279,cap-session-0279,cap-req-0279-p,cap-corr-0279-p,/v1/profile/prefill,GET,200,209,4.7.2
2025-05-14T14:23:01.250000Z,cap-app-0280,cap-session-0280,cap-req-0280,cap-corr-0280,/v1/identity/verify,POST,200,680,4.7.2
2025-05-14T14:23:00.300000Z,cap-app-0280,cap-session-0280,cap-req-0280-p,cap-corr-0280-p,/v1/profile/prefill,GET,200,210,4.7.2
2025-05-15T09:00:01.250000Z,cap-app-0281,cap-session-0281,cap-req-0281,cap-corr-0281,/v1/identity/verify,POST,200,715,4.8.0
2025-05-15T09:00:00.300000Z,cap-app-0281,cap-session-0281,cap-req-0281-p,cap-corr-0281-p,/v1/profile/prefill,GET,200,211,4.8.0
2025-05-15T09:17:01.250000Z,cap-app-0282,cap-session-0282,cap-req-0282,cap-corr-0282,/v1/identity/verify,POST,200,750,4.8.0
2025-05-15T09:17:00.300000Z,cap-app-0282,cap-session-0282,cap-req-0282-p,cap-corr-0282-p,/v1/profile/prefill,GET,200,212,4.8.0
2025-05-15T09:34:01.250000Z,cap-app-0283,cap-session-0283,cap-req-0283,cap-corr-0283,/v1/identity/verify,POST,504,3440,4.8.0
2025-05-15T09:34:00.300000Z,cap-app-0283,cap-session-0283,cap-req-0283-p,cap-corr-0283-p,/v1/profile/prefill,GET,200,213,4.8.0
2025-05-15T09:51:01.250000Z,cap-app-0284,cap-session-0284,cap-req-0284,cap-corr-0284,/v1/identity/verify,POST,200,3720,4.8.0
2025-05-15T09:51:00.300000Z,cap-app-0284,cap-session-0284,cap-req-0284-p,cap-corr-0284-p,/v1/profile/prefill,GET,200,214,4.8.0
2025-05-15T10:08:01.250000Z,cap-app-0285,cap-session-0285,cap-req-0285,cap-corr-0285,/v1/identity/verify,POST,422,855,4.8.0
2025-05-15T10:08:00.300000Z,cap-app-0285,cap-session-0285,cap-req-0285-p,cap-corr-0285-p,/v1/profile/prefill,GET,200,215,4.8.0
2025-05-15T10:25:01.250000Z,cap-app-0286,cap-session-0286,cap-req-0286,cap-corr-0286,/v1/identity/verify,POST,200,890,4.8.0
2025-05-15T10:25:00.300000Z,cap-app-0286,cap-session-0286,cap-req-0286-p,cap-corr-0286-p,/v1/profile/prefill,GET,200,216,4.8.0
2025-05-15T10:42:01.250000Z,cap-app-0287,cap-session-0287,cap-req-0287,cap-corr-0287,/v1/identity/verify,POST,200,680,4.8.0
2025-05-15T10:42:00.300000Z,cap-app-0287,cap-session-0287,cap-req-0287-p,cap-corr-0287-p,/v1/profile/prefill,GET,200,217,4.8.0
2025-05-15T10:59:01.250000Z,cap-app-0288,cap-session-0288,cap-req-0288,cap-corr-0288,/v1/identity/verify,POST,504,3200,4.8.0
2025-05-15T10:59:00.300000Z,cap-app-0288,cap-session-0288,cap-req-0288-p,cap-corr-0288-p,/v1/profile/prefill,GET,200,218,4.8.0
2025-05-15T11:16:01.250000Z,cap-app-0289,cap-session-0289,cap-req-0289,cap-corr-0289,/v1/identity/verify,POST,200,3480,4.8.0
2025-05-15T11:16:00.300000Z,cap-app-0289,cap-session-0289,cap-req-0289-p,cap-corr-0289-p,/v1/profile/prefill,GET,503,219,4.8.0
2025-05-15T11:33:01.250000Z,cap-app-0290,cap-session-0290,cap-req-0290,cap-corr-0290,/v1/identity/verify,POST,200,785,4.8.0
2025-05-15T11:33:00.300000Z,cap-app-0290,cap-session-0290,cap-req-0290-p,cap-corr-0290-p,/v1/profile/prefill,GET,200,220,4.8.0
2025-05-15T11:50:01.250000Z,cap-app-0291,cap-session-0291,cap-req-0291,cap-corr-0291,/v1/identity/verify,POST,200,820,4.8.0
2025-05-15T11:50:00.300000Z,cap-app-0291,cap-session-0291,cap-req-0291-p,cap-corr-0291-p,/v1/profile/prefill,GET,200,221,4.8.0
2025-05-15T12:07:01.250000Z,cap-app-0292,cap-session-0292,cap-req-0292,cap-corr-0292,/v1/identity/verify,POST,200,855,4.8.0
2025-05-15T12:07:00.300000Z,cap-app-0292,cap-session-0292,cap-req-0292-p,cap-corr-0292-p,/v1/profile/prefill,GET,200,222,4.8.0
2025-05-15T12:24:01.250000Z,cap-app-0293,cap-session-0293,cap-req-0293,cap-corr-0293,/v1/identity/verify,POST,200,890,4.8.0
2025-05-15T12:24:00.300000Z,cap-app-0293,cap-session-0293,cap-req-0293-p,cap-corr-0293-p,/v1/profile/prefill,GET,200,223,4.8.0
2025-05-15T12:41:01.250000Z,cap-app-0294,cap-session-0294,cap-req-0294,cap-corr-0294,/v1/identity/verify,POST,200,680,4.8.0
2025-05-15T12:41:00.300000Z,cap-app-0294,cap-session-0294,cap-req-0294-p,cap-corr-0294-p,/v1/profile/prefill,GET,200,224,4.8.0
2025-05-15T12:58:01.250000Z,cap-app-0295,cap-session-0295,cap-req-0295,cap-corr-0295,/v1/identity/verify,POST,200,715,4.8.0
2025-05-15T12:58:00.300000Z,cap-app-0295,cap-session-0295,cap-req-0295-p,cap-corr-0295-p,/v1/profile/prefill,GET,200,225,4.8.0
2025-05-15T13:15:01.250000Z,cap-app-0296,cap-session-0296,cap-req-0296,cap-corr-0296,/v1/identity/verify,POST,200,750,4.8.0
2025-05-15T13:15:00.300000Z,cap-app-0296,cap-session-0296,cap-req-0296-p,cap-corr-0296-p,/v1/profile/prefill,GET,200,226,4.8.0
2025-05-15T13:32:01.250000Z,cap-app-0297,cap-session-0297,cap-req-0297,cap-corr-0297,/v1/identity/verify,POST,200,785,4.8.0
2025-05-15T13:32:00.300000Z,cap-app-0297,cap-session-0297,cap-req-0297-p,cap-corr-0297-p,/v1/profile/prefill,GET,200,227,4.8.0
2025-05-15T13:49:01.250000Z,cap-app-0298,cap-session-0298,cap-req-0298,cap-corr-0298,/v1/identity/verify,POST,200,820,4.8.0
2025-05-15T13:49:00.300000Z,cap-app-0298,cap-session-0298,cap-req-0298-p,cap-corr-0298-p,/v1/profile/prefill,GET,200,228,4.8.0
2025-05-15T14:06:01.250000Z,cap-app-0299,cap-session-0299,cap-req-0299,cap-corr-0299,/v1/identity/verify,POST,200,855,4.8.0
2025-05-15T14:06:00.300000Z,cap-app-0299,cap-session-0299,cap-req-0299-p,cap-corr-0299-p,/v1/profile/prefill,GET,200,229,4.8.0
2025-05-15T14:23:01.250000Z,cap-app-0300,cap-session-0300,cap-req-0300,cap-corr-0300,/v1/identity/verify,POST,200,890,4.8.0
2025-05-15T14:23:00.300000Z,cap-app-0300,cap-session-0300,cap-req-0300-p,cap-corr-0300-p,/v1/profile/prefill,GET,200,180,4.8.0
2025-05-16T09:00:01.250000Z,cap-app-0301,cap-session-0301,cap-req-0301,cap-corr-0301,/v1/identity/verify,POST,200,680,4.8.0
2025-05-16T09:00:00.300000Z,cap-app-0301,cap-session-0301,cap-req-0301-p,cap-corr-0301-p,/v1/profile/prefill,GET,200,181,4.8.0
2025-05-16T09:17:01.250000Z,cap-app-0302,cap-session-0302,cap-req-0302,cap-corr-0302,/v1/identity/verify,POST,504,3680,4.8.0
2025-05-16T09:17:00.300000Z,cap-app-0302,cap-session-0302,cap-req-0302-p,cap-corr-0302-p,/v1/profile/prefill,GET,200,182,4.8.0
2025-05-16T09:34:01.250000Z,cap-app-0303,cap-session-0303,cap-req-0303,cap-corr-0303,/v1/identity/verify,POST,200,3960,4.8.0
2025-05-16T09:34:00.300000Z,cap-app-0303,cap-session-0303,cap-req-0303-p,cap-corr-0303-p,/v1/profile/prefill,GET,200,183,4.8.0
2025-05-16T09:51:01.250000Z,cap-app-0304,cap-session-0304,cap-req-0304,cap-corr-0304,/v1/identity/verify,POST,422,785,4.8.0
2025-05-16T09:51:00.300000Z,cap-app-0304,cap-session-0304,cap-req-0304-p,cap-corr-0304-p,/v1/profile/prefill,GET,200,184,4.8.0
2025-05-16T10:08:01.250000Z,cap-app-0305,cap-session-0305,cap-req-0305,cap-corr-0305,/v1/identity/verify,POST,422,820,4.8.0
2025-05-16T10:08:00.300000Z,cap-app-0305,cap-session-0305,cap-req-0305-p,cap-corr-0305-p,/v1/profile/prefill,GET,200,185,4.8.0
2025-05-16T10:25:01.250000Z,cap-app-0306,cap-session-0306,cap-req-0306,cap-corr-0306,/v1/identity/verify,POST,200,855,4.8.0
2025-05-16T10:25:00.300000Z,cap-app-0306,cap-session-0306,cap-req-0306-p,cap-corr-0306-p,/v1/profile/prefill,GET,503,186,4.8.0
2025-05-16T10:42:01.250000Z,cap-app-0307,cap-session-0307,cap-req-0307,cap-corr-0307,/v1/identity/verify,POST,504,3440,4.8.0
2025-05-16T10:42:00.300000Z,cap-app-0307,cap-session-0307,cap-req-0307-p,cap-corr-0307-p,/v1/profile/prefill,GET,200,187,4.8.0
2025-05-16T10:59:01.250000Z,cap-app-0308,cap-session-0308,cap-req-0308,cap-corr-0308,/v1/identity/verify,POST,200,3720,4.8.0
2025-05-16T10:59:00.300000Z,cap-app-0308,cap-session-0308,cap-req-0308-p,cap-corr-0308-p,/v1/profile/prefill,GET,200,188,4.8.0
2025-05-16T11:16:01.250000Z,cap-app-0309,cap-session-0309,cap-req-0309,cap-corr-0309,/v1/identity/verify,POST,200,715,4.8.0
2025-05-16T11:16:00.300000Z,cap-app-0309,cap-session-0309,cap-req-0309-p,cap-corr-0309-p,/v1/profile/prefill,GET,200,189,4.8.0
2025-05-16T11:33:01.250000Z,cap-app-0310,cap-session-0310,cap-req-0310,cap-corr-0310,/v1/identity/verify,POST,200,750,4.8.0
2025-05-16T11:33:00.300000Z,cap-app-0310,cap-session-0310,cap-req-0310-p,cap-corr-0310-p,/v1/profile/prefill,GET,200,190,4.8.0
2025-05-16T11:50:01.250000Z,cap-app-0311,cap-session-0311,cap-req-0311,cap-corr-0311,/v1/identity/verify,POST,200,785,4.8.0
2025-05-16T11:50:00.300000Z,cap-app-0311,cap-session-0311,cap-req-0311-p,cap-corr-0311-p,/v1/profile/prefill,GET,200,191,4.8.0
2025-05-16T12:07:01.250000Z,cap-app-0312,cap-session-0312,cap-req-0312,cap-corr-0312,/v1/identity/verify,POST,504,3200,4.8.0
2025-05-16T12:07:00.300000Z,cap-app-0312,cap-session-0312,cap-req-0312-p,cap-corr-0312-p,/v1/profile/prefill,GET,200,192,4.8.0
2025-05-16T12:24:01.250000Z,cap-app-0313,cap-session-0313,cap-req-0313,cap-corr-0313,/v1/identity/verify,POST,200,855,4.8.0
2025-05-16T12:24:00.300000Z,cap-app-0313,cap-session-0313,cap-req-0313-p,cap-corr-0313-p,/v1/profile/prefill,GET,200,193,4.8.0
2025-05-16T12:41:01.250000Z,cap-app-0314,cap-session-0314,cap-req-0314,cap-corr-0314,/v1/identity/verify,POST,200,890,4.8.0
2025-05-16T12:41:00.300000Z,cap-app-0314,cap-session-0314,cap-req-0314-p,cap-corr-0314-p,/v1/profile/prefill,GET,200,194,4.8.0
2025-05-16T12:58:01.250000Z,cap-app-0315,cap-session-0315,cap-req-0315,cap-corr-0315,/v1/identity/verify,POST,200,680,4.8.0
2025-05-16T12:58:00.300000Z,cap-app-0315,cap-session-0315,cap-req-0315-p,cap-corr-0315-p,/v1/profile/prefill,GET,200,195,4.8.0
2025-05-16T13:15:01.250000Z,cap-app-0316,cap-session-0316,cap-req-0316,cap-corr-0316,/v1/identity/verify,POST,200,715,4.8.0
2025-05-16T13:15:00.300000Z,cap-app-0316,cap-session-0316,cap-req-0316-p,cap-corr-0316-p,/v1/profile/prefill,GET,200,196,4.8.0
2025-05-16T13:32:01.250000Z,cap-app-0317,cap-session-0317,cap-req-0317,cap-corr-0317,/v1/identity/verify,POST,200,750,4.8.0
2025-05-16T13:32:00.300000Z,cap-app-0317,cap-session-0317,cap-req-0317-p,cap-corr-0317-p,/v1/profile/prefill,GET,200,197,4.8.0
2025-05-16T13:49:01.250000Z,cap-app-0318,cap-session-0318,cap-req-0318,cap-corr-0318,/v1/identity/verify,POST,200,785,4.8.0
2025-05-16T13:49:00.300000Z,cap-app-0318,cap-session-0318,cap-req-0318-p,cap-corr-0318-p,/v1/profile/prefill,GET,200,198,4.8.0
2025-05-16T14:06:01.250000Z,cap-app-0319,cap-session-0319,cap-req-0319,cap-corr-0319,/v1/identity/verify,POST,200,820,4.8.0
2025-05-16T14:06:00.300000Z,cap-app-0319,cap-session-0319,cap-req-0319-p,cap-corr-0319-p,/v1/profile/prefill,GET,200,199,4.8.0
2025-05-16T14:23:01.250000Z,cap-app-0320,cap-session-0320,cap-req-0320,cap-corr-0320,/v1/identity/verify,POST,200,855,4.8.0
2025-05-16T14:23:00.300000Z,cap-app-0320,cap-session-0320,cap-req-0320-p,cap-corr-0320-p,/v1/profile/prefill,GET,200,200,4.8.0
2025-05-17T09:00:01.250000Z,cap-app-0321,cap-session-0321,cap-req-0321,cap-corr-0321,/v1/identity/verify,POST,504,3280,4.8.0
2025-05-17T09:00:00.300000Z,cap-app-0321,cap-session-0321,cap-req-0321-p,cap-corr-0321-p,/v1/profile/prefill,GET,200,201,4.8.0
2025-05-17T09:17:01.250000Z,cap-app-0322,cap-session-0322,cap-req-0322,cap-corr-0322,/v1/identity/verify,POST,200,3560,4.8.0
2025-05-17T09:17:00.300000Z,cap-app-0322,cap-session-0322,cap-req-0322-p,cap-corr-0322-p,/v1/profile/prefill,GET,200,202,4.8.0
2025-05-17T09:34:01.250000Z,cap-app-0323,cap-session-0323,cap-req-0323,cap-corr-0323,/v1/identity/verify,POST,422,715,4.8.0
2025-05-17T09:34:00.300000Z,cap-app-0323,cap-session-0323,cap-req-0323-p,cap-corr-0323-p,/v1/profile/prefill,GET,503,203,4.8.0
2025-05-17T09:51:01.250000Z,cap-app-0324,cap-session-0324,cap-req-0324,cap-corr-0324,/v1/identity/verify,POST,200,750,4.8.0
2025-05-17T09:51:00.300000Z,cap-app-0324,cap-session-0324,cap-req-0324-p,cap-corr-0324-p,/v1/profile/prefill,GET,200,204,4.8.0
2025-05-17T10:08:01.250000Z,cap-app-0325,cap-session-0325,cap-req-0325,cap-corr-0325,/v1/identity/verify,POST,422,785,4.8.0
2025-05-17T10:08:00.300000Z,cap-app-0325,cap-session-0325,cap-req-0325-p,cap-corr-0325-p,/v1/profile/prefill,GET,200,205,4.8.0
2025-05-17T10:25:01.250000Z,cap-app-0326,cap-session-0326,cap-req-0326,cap-corr-0326,/v1/identity/verify,POST,504,3680,4.8.0
2025-05-17T10:25:00.300000Z,cap-app-0326,cap-session-0326,cap-req-0326-p,cap-corr-0326-p,/v1/profile/prefill,GET,200,206,4.8.0
2025-05-17T10:42:01.250000Z,cap-app-0327,cap-session-0327,cap-req-0327,cap-corr-0327,/v1/identity/verify,POST,200,3960,4.8.0
2025-05-17T10:42:00.300000Z,cap-app-0327,cap-session-0327,cap-req-0327-p,cap-corr-0327-p,/v1/profile/prefill,GET,200,207,4.8.0
2025-05-17T10:59:01.250000Z,cap-app-0328,cap-session-0328,cap-req-0328,cap-corr-0328,/v1/identity/verify,POST,200,890,4.8.0
2025-05-17T10:59:00.300000Z,cap-app-0328,cap-session-0328,cap-req-0328-p,cap-corr-0328-p,/v1/profile/prefill,GET,200,208,4.8.0
2025-05-17T11:16:01.250000Z,cap-app-0329,cap-session-0329,cap-req-0329,cap-corr-0329,/v1/identity/verify,POST,200,680,4.8.0
2025-05-17T11:16:00.300000Z,cap-app-0329,cap-session-0329,cap-req-0329-p,cap-corr-0329-p,/v1/profile/prefill,GET,200,209,4.8.0
2025-05-17T11:33:01.250000Z,cap-app-0330,cap-session-0330,cap-req-0330,cap-corr-0330,/v1/identity/verify,POST,200,715,4.8.0
2025-05-17T11:33:00.300000Z,cap-app-0330,cap-session-0330,cap-req-0330-p,cap-corr-0330-p,/v1/profile/prefill,GET,200,210,4.8.0
2025-05-17T11:50:01.250000Z,cap-app-0331,cap-session-0331,cap-req-0331,cap-corr-0331,/v1/identity/verify,POST,504,3440,4.8.0
2025-05-17T11:50:00.300000Z,cap-app-0331,cap-session-0331,cap-req-0331-p,cap-corr-0331-p,/v1/profile/prefill,GET,200,211,4.8.0
2025-05-17T12:07:01.250000Z,cap-app-0332,cap-session-0332,cap-req-0332,cap-corr-0332,/v1/identity/verify,POST,200,3720,4.8.0
2025-05-17T12:07:00.300000Z,cap-app-0332,cap-session-0332,cap-req-0332-p,cap-corr-0332-p,/v1/profile/prefill,GET,200,212,4.8.0
2025-05-17T12:24:01.250000Z,cap-app-0333,cap-session-0333,cap-req-0333,cap-corr-0333,/v1/identity/verify,POST,200,820,4.8.0
2025-05-17T12:24:00.300000Z,cap-app-0333,cap-session-0333,cap-req-0333-p,cap-corr-0333-p,/v1/profile/prefill,GET,200,213,4.8.0
2025-05-17T12:41:01.250000Z,cap-app-0334,cap-session-0334,cap-req-0334,cap-corr-0334,/v1/identity/verify,POST,200,855,4.8.0
2025-05-17T12:41:00.300000Z,cap-app-0334,cap-session-0334,cap-req-0334-p,cap-corr-0334-p,/v1/profile/prefill,GET,200,214,4.8.0
2025-05-17T12:58:01.250000Z,cap-app-0335,cap-session-0335,cap-req-0335,cap-corr-0335,/v1/identity/verify,POST,200,890,4.8.0
2025-05-17T12:58:00.300000Z,cap-app-0335,cap-session-0335,cap-req-0335-p,cap-corr-0335-p,/v1/profile/prefill,GET,200,215,4.8.0
2025-05-17T13:15:01.250000Z,cap-app-0336,cap-session-0336,cap-req-0336,cap-corr-0336,/v1/identity/verify,POST,200,680,4.8.0
2025-05-17T13:15:00.300000Z,cap-app-0336,cap-session-0336,cap-req-0336-p,cap-corr-0336-p,/v1/profile/prefill,GET,200,216,4.8.0
2025-05-17T13:32:01.250000Z,cap-app-0337,cap-session-0337,cap-req-0337,cap-corr-0337,/v1/identity/verify,POST,200,715,4.8.0
2025-05-17T13:32:00.300000Z,cap-app-0337,cap-session-0337,cap-req-0337-p,cap-corr-0337-p,/v1/profile/prefill,GET,200,217,4.8.0
2025-05-17T13:49:01.250000Z,cap-app-0338,cap-session-0338,cap-req-0338,cap-corr-0338,/v1/identity/verify,POST,200,750,4.8.0
2025-05-17T13:49:00.300000Z,cap-app-0338,cap-session-0338,cap-req-0338-p,cap-corr-0338-p,/v1/profile/prefill,GET,200,218,4.8.0
2025-05-17T14:06:01.250000Z,cap-app-0339,cap-session-0339,cap-req-0339,cap-corr-0339,/v1/identity/verify,POST,200,785,4.8.0
2025-05-17T14:06:00.300000Z,cap-app-0339,cap-session-0339,cap-req-0339-p,cap-corr-0339-p,/v1/profile/prefill,GET,200,219,4.8.0
2025-05-17T14:23:01.250000Z,cap-app-0340,cap-session-0340,cap-req-0340,cap-corr-0340,/v1/identity/verify,POST,200,820,4.8.0
2025-05-17T14:23:00.300000Z,cap-app-0340,cap-session-0340,cap-req-0340-p,cap-corr-0340-p,/v1/profile/prefill,GET,503,220,4.8.0
2025-05-18T09:00:01.250000Z,cap-app-0341,cap-session-0341,cap-req-0341,cap-corr-0341,/v1/identity/verify,POST,200,3800,4.8.0
2025-05-18T09:00:00.300000Z,cap-app-0341,cap-session-0341,cap-req-0341-p,cap-corr-0341-p,/v1/profile/prefill,GET,200,221,4.8.0
2025-05-18T09:17:01.250000Z,cap-app-0342,cap-session-0342,cap-req-0342,cap-corr-0342,/v1/identity/verify,POST,422,890,4.8.0
2025-05-18T09:17:00.300000Z,cap-app-0342,cap-session-0342,cap-req-0342-p,cap-corr-0342-p,/v1/profile/prefill,GET,200,222,4.8.0
2025-05-18T09:34:01.250000Z,cap-app-0343,cap-session-0343,cap-req-0343,cap-corr-0343,/v1/identity/verify,POST,200,680,4.8.0
2025-05-18T09:34:00.300000Z,cap-app-0343,cap-session-0343,cap-req-0343-p,cap-corr-0343-p,/v1/profile/prefill,GET,200,223,4.8.0
2025-05-18T09:51:01.250000Z,cap-app-0344,cap-session-0344,cap-req-0344,cap-corr-0344,/v1/identity/verify,POST,200,715,4.8.0
2025-05-18T09:51:00.300000Z,cap-app-0344,cap-session-0344,cap-req-0344-p,cap-corr-0344-p,/v1/profile/prefill,GET,200,224,4.8.0
2025-05-18T10:08:01.250000Z,cap-app-0345,cap-session-0345,cap-req-0345,cap-corr-0345,/v1/identity/verify,POST,504,3280,4.8.0
2025-05-18T10:08:00.300000Z,cap-app-0345,cap-session-0345,cap-req-0345-p,cap-corr-0345-p,/v1/profile/prefill,GET,200,225,4.8.0
2025-05-18T10:25:01.250000Z,cap-app-0346,cap-session-0346,cap-req-0346,cap-corr-0346,/v1/identity/verify,POST,200,3560,4.8.0
2025-05-18T10:25:00.300000Z,cap-app-0346,cap-session-0346,cap-req-0346-p,cap-corr-0346-p,/v1/profile/prefill,GET,200,226,4.8.0
2025-05-18T10:42:01.250000Z,cap-app-0347,cap-session-0347,cap-req-0347,cap-corr-0347,/v1/identity/verify,POST,200,820,4.8.0
2025-05-18T10:42:00.300000Z,cap-app-0347,cap-session-0347,cap-req-0347-p,cap-corr-0347-p,/v1/profile/prefill,GET,200,227,4.8.0
2025-05-18T10:59:01.250000Z,cap-app-0348,cap-session-0348,cap-req-0348,cap-corr-0348,/v1/identity/verify,POST,200,855,4.8.0
2025-05-18T10:59:00.300000Z,cap-app-0348,cap-session-0348,cap-req-0348-p,cap-corr-0348-p,/v1/profile/prefill,GET,200,228,4.8.0
2025-05-18T11:16:01.250000Z,cap-app-0349,cap-session-0349,cap-req-0349,cap-corr-0349,/v1/identity/verify,POST,200,890,4.8.0
2025-05-18T11:16:00.300000Z,cap-app-0349,cap-session-0349,cap-req-0349-p,cap-corr-0349-p,/v1/profile/prefill,GET,200,229,4.8.0
2025-05-18T11:33:01.250000Z,cap-app-0350,cap-session-0350,cap-req-0350,cap-corr-0350,/v1/identity/verify,POST,504,3680,4.8.0
2025-05-18T11:33:00.300000Z,cap-app-0350,cap-session-0350,cap-req-0350-p,cap-corr-0350-p,/v1/profile/prefill,GET,200,180,4.8.0
2025-05-18T11:50:01.250000Z,cap-app-0351,cap-session-0351,cap-req-0351,cap-corr-0351,/v1/identity/verify,POST,200,3960,4.8.0
2025-05-18T11:50:00.300000Z,cap-app-0351,cap-session-0351,cap-req-0351-p,cap-corr-0351-p,/v1/profile/prefill,GET,200,181,4.8.0
2025-05-18T12:07:01.250000Z,cap-app-0352,cap-session-0352,cap-req-0352,cap-corr-0352,/v1/identity/verify,POST,200,750,4.8.0
2025-05-18T12:07:00.300000Z,cap-app-0352,cap-session-0352,cap-req-0352-p,cap-corr-0352-p,/v1/profile/prefill,GET,200,182,4.8.0
2025-05-18T12:24:01.250000Z,cap-app-0353,cap-session-0353,cap-req-0353,cap-corr-0353,/v1/identity/verify,POST,200,785,4.8.0
2025-05-18T12:24:00.300000Z,cap-app-0353,cap-session-0353,cap-req-0353-p,cap-corr-0353-p,/v1/profile/prefill,GET,200,183,4.8.0
2025-05-18T12:41:01.250000Z,cap-app-0354,cap-session-0354,cap-req-0354,cap-corr-0354,/v1/identity/verify,POST,200,820,4.8.0
2025-05-18T12:41:00.300000Z,cap-app-0354,cap-session-0354,cap-req-0354-p,cap-corr-0354-p,/v1/profile/prefill,GET,200,184,4.8.0
2025-05-18T12:58:01.250000Z,cap-app-0355,cap-session-0355,cap-req-0355,cap-corr-0355,/v1/identity/verify,POST,200,855,4.8.0
2025-05-18T12:58:00.300000Z,cap-app-0355,cap-session-0355,cap-req-0355-p,cap-corr-0355-p,/v1/profile/prefill,GET,200,185,4.8.0
2025-05-18T13:15:01.250000Z,cap-app-0356,cap-session-0356,cap-req-0356,cap-corr-0356,/v1/identity/verify,POST,200,890,4.8.0
2025-05-18T13:15:00.300000Z,cap-app-0356,cap-session-0356,cap-req-0356-p,cap-corr-0356-p,/v1/profile/prefill,GET,200,186,4.8.0
2025-05-18T13:32:01.250000Z,cap-app-0357,cap-session-0357,cap-req-0357,cap-corr-0357,/v1/identity/verify,POST,200,680,4.8.0
2025-05-18T13:32:00.300000Z,cap-app-0357,cap-session-0357,cap-req-0357-p,cap-corr-0357-p,/v1/profile/prefill,GET,503,187,4.8.0
2025-05-18T13:49:01.250000Z,cap-app-0358,cap-session-0358,cap-req-0358,cap-corr-0358,/v1/identity/verify,POST,200,715,4.8.0
2025-05-18T13:49:00.300000Z,cap-app-0358,cap-session-0358,cap-req-0358-p,cap-corr-0358-p,/v1/profile/prefill,GET,200,188,4.8.0
2025-05-18T14:06:01.250000Z,cap-app-0359,cap-session-0359,cap-req-0359,cap-corr-0359,/v1/identity/verify,POST,200,750,4.8.0
2025-05-18T14:06:00.300000Z,cap-app-0359,cap-session-0359,cap-req-0359-p,cap-corr-0359-p,/v1/profile/prefill,GET,200,189,4.8.0
2025-05-18T14:23:01.250000Z,cap-app-0360,cap-session-0360,cap-req-0360,cap-corr-0360,/v1/identity/verify,POST,200,785,4.8.0
2025-05-18T14:23:00.300000Z,cap-app-0360,cap-session-0360,cap-req-0360-p,cap-corr-0360-p,/v1/profile/prefill,GET,200,190,4.8.0
2025-05-19T09:00:01.250000Z,cap-app-0361,cap-session-0361,cap-req-0361,cap-corr-0361,/v1/identity/verify,POST,422,820,4.8.0
2025-05-19T09:00:00.300000Z,cap-app-0361,cap-session-0361,cap-req-0361-p,cap-corr-0361-p,/v1/profile/prefill,GET,200,191,4.8.0
2025-05-19T09:17:01.250000Z,cap-app-0362,cap-session-0362,cap-req-0362,cap-corr-0362,/v1/identity/verify,POST,200,855,4.8.0
2025-05-19T09:17:00.300000Z,cap-app-0362,cap-session-0362,cap-req-0362-p,cap-corr-0362-p,/v1/profile/prefill,GET,200,192,4.8.0
2025-05-19T09:34:01.250000Z,cap-app-0363,cap-session-0363,cap-req-0363,cap-corr-0363,/v1/identity/verify,POST,200,890,4.8.0
2025-05-19T09:34:00.300000Z,cap-app-0363,cap-session-0363,cap-req-0363-p,cap-corr-0363-p,/v1/profile/prefill,GET,200,193,4.8.0
2025-05-19T09:51:01.250000Z,cap-app-0364,cap-session-0364,cap-req-0364,cap-corr-0364,/v1/identity/verify,POST,504,3520,4.8.0
2025-05-19T09:51:00.300000Z,cap-app-0364,cap-session-0364,cap-req-0364-p,cap-corr-0364-p,/v1/profile/prefill,GET,200,194,4.8.0
2025-05-19T10:08:01.250000Z,cap-app-0365,cap-session-0365,cap-req-0365,cap-corr-0365,/v1/identity/verify,POST,422,3800,4.8.0
2025-05-19T10:08:00.300000Z,cap-app-0365,cap-session-0365,cap-req-0365-p,cap-corr-0365-p,/v1/profile/prefill,GET,200,195,4.8.0
2025-05-19T10:25:01.250000Z,cap-app-0366,cap-session-0366,cap-req-0366,cap-corr-0366,/v1/identity/verify,POST,200,750,4.8.0
2025-05-19T10:25:00.300000Z,cap-app-0366,cap-session-0366,cap-req-0366-p,cap-corr-0366-p,/v1/profile/prefill,GET,200,196,4.8.0
2025-05-19T10:42:01.250000Z,cap-app-0367,cap-session-0367,cap-req-0367,cap-corr-0367,/v1/identity/verify,POST,200,785,4.8.0
2025-05-19T10:42:00.300000Z,cap-app-0367,cap-session-0367,cap-req-0367-p,cap-corr-0367-p,/v1/profile/prefill,GET,200,197,4.8.0
2025-05-19T10:59:01.250000Z,cap-app-0368,cap-session-0368,cap-req-0368,cap-corr-0368,/v1/identity/verify,POST,200,820,4.8.0
2025-05-19T10:59:00.300000Z,cap-app-0368,cap-session-0368,cap-req-0368-p,cap-corr-0368-p,/v1/profile/prefill,GET,200,198,4.8.0
2025-05-19T11:16:01.250000Z,cap-app-0369,cap-session-0369,cap-req-0369,cap-corr-0369,/v1/identity/verify,POST,504,3280,4.8.0
2025-05-19T11:16:00.300000Z,cap-app-0369,cap-session-0369,cap-req-0369-p,cap-corr-0369-p,/v1/profile/prefill,GET,200,199,4.8.0
2025-05-19T11:33:01.250000Z,cap-app-0370,cap-session-0370,cap-req-0370,cap-corr-0370,/v1/identity/verify,POST,200,3560,4.8.0
2025-05-19T11:33:00.300000Z,cap-app-0370,cap-session-0370,cap-req-0370-p,cap-corr-0370-p,/v1/profile/prefill,GET,200,200,4.8.0
2025-05-19T11:50:01.250000Z,cap-app-0371,cap-session-0371,cap-req-0371,cap-corr-0371,/v1/identity/verify,POST,200,680,4.8.0
2025-05-19T11:50:00.300000Z,cap-app-0371,cap-session-0371,cap-req-0371-p,cap-corr-0371-p,/v1/profile/prefill,GET,200,201,4.8.0
2025-05-19T12:07:01.250000Z,cap-app-0372,cap-session-0372,cap-req-0372,cap-corr-0372,/v1/identity/verify,POST,200,715,4.8.0
2025-05-19T12:07:00.300000Z,cap-app-0372,cap-session-0372,cap-req-0372-p,cap-corr-0372-p,/v1/profile/prefill,GET,200,202,4.8.0
2025-05-19T12:24:01.250000Z,cap-app-0373,cap-session-0373,cap-req-0373,cap-corr-0373,/v1/identity/verify,POST,200,750,4.8.0
2025-05-19T12:24:00.300000Z,cap-app-0373,cap-session-0373,cap-req-0373-p,cap-corr-0373-p,/v1/profile/prefill,GET,200,203,4.8.0
2025-05-19T12:41:01.250000Z,cap-app-0374,cap-session-0374,cap-req-0374,cap-corr-0374,/v1/identity/verify,POST,200,785,4.8.0
2025-05-19T12:41:00.300000Z,cap-app-0374,cap-session-0374,cap-req-0374-p,cap-corr-0374-p,/v1/profile/prefill,GET,503,204,4.8.0
2025-05-19T12:58:01.250000Z,cap-app-0375,cap-session-0375,cap-req-0375,cap-corr-0375,/v1/identity/verify,POST,200,820,4.8.0
2025-05-19T12:58:00.300000Z,cap-app-0375,cap-session-0375,cap-req-0375-p,cap-corr-0375-p,/v1/profile/prefill,GET,200,205,4.8.0
2025-05-19T13:15:01.250000Z,cap-app-0376,cap-session-0376,cap-req-0376,cap-corr-0376,/v1/identity/verify,POST,200,855,4.8.0
2025-05-19T13:15:00.300000Z,cap-app-0376,cap-session-0376,cap-req-0376-p,cap-corr-0376-p,/v1/profile/prefill,GET,200,206,4.8.0
2025-05-19T13:32:01.250000Z,cap-app-0377,cap-session-0377,cap-req-0377,cap-corr-0377,/v1/identity/verify,POST,200,890,4.8.0
2025-05-19T13:32:00.300000Z,cap-app-0377,cap-session-0377,cap-req-0377-p,cap-corr-0377-p,/v1/profile/prefill,GET,200,207,4.8.0
2025-05-19T13:49:01.250000Z,cap-app-0378,cap-session-0378,cap-req-0378,cap-corr-0378,/v1/identity/verify,POST,200,680,4.8.0
2025-05-19T13:49:00.300000Z,cap-app-0378,cap-session-0378,cap-req-0378-p,cap-corr-0378-p,/v1/profile/prefill,GET,200,208,4.8.0
2025-05-19T14:06:01.250000Z,cap-app-0379,cap-session-0379,cap-req-0379,cap-corr-0379,/v1/identity/verify,POST,200,715,4.8.0
2025-05-19T14:06:00.300000Z,cap-app-0379,cap-session-0379,cap-req-0379-p,cap-corr-0379-p,/v1/profile/prefill,GET,200,209,4.8.0
2025-05-19T14:23:01.250000Z,cap-app-0380,cap-session-0380,cap-req-0380,cap-corr-0380,/v1/identity/verify,POST,422,750,4.8.0
2025-05-19T14:23:00.300000Z,cap-app-0380,cap-session-0380,cap-req-0380-p,cap-corr-0380-p,/v1/profile/prefill,GET,200,210,4.8.0
2025-05-20T09:00:01.250000Z,cap-app-0381,cap-session-0381,cap-req-0381,cap-corr-0381,/v1/identity/verify,POST,200,785,4.8.0
2025-05-20T09:00:00.300000Z,cap-app-0381,cap-session-0381,cap-req-0381-p,cap-corr-0381-p,/v1/profile/prefill,GET,200,211,4.8.0
2025-05-20T09:17:01.250000Z,cap-app-0382,cap-session-0382,cap-req-0382,cap-corr-0382,/v1/identity/verify,POST,200,820,4.8.0
2025-05-20T09:17:00.300000Z,cap-app-0382,cap-session-0382,cap-req-0382-p,cap-corr-0382-p,/v1/profile/prefill,GET,200,212,4.8.0
2025-05-20T09:34:01.250000Z,cap-app-0383,cap-session-0383,cap-req-0383,cap-corr-0383,/v1/identity/verify,POST,504,3760,4.8.0
2025-05-20T09:34:00.300000Z,cap-app-0383,cap-session-0383,cap-req-0383-p,cap-corr-0383-p,/v1/profile/prefill,GET,200,213,4.8.0
2025-05-20T09:51:01.250000Z,cap-app-0384,cap-session-0384,cap-req-0384,cap-corr-0384,/v1/identity/verify,POST,200,3400,4.8.0
2025-05-20T09:51:00.300000Z,cap-app-0384,cap-session-0384,cap-req-0384-p,cap-corr-0384-p,/v1/profile/prefill,GET,200,214,4.8.0
2025-05-20T10:08:01.250000Z,cap-app-0385,cap-session-0385,cap-req-0385,cap-corr-0385,/v1/identity/verify,POST,422,680,4.8.0
2025-05-20T10:08:00.300000Z,cap-app-0385,cap-session-0385,cap-req-0385-p,cap-corr-0385-p,/v1/profile/prefill,GET,200,215,4.8.0
2025-05-20T10:25:01.250000Z,cap-app-0386,cap-session-0386,cap-req-0386,cap-corr-0386,/v1/identity/verify,POST,200,715,4.8.0
2025-05-20T10:25:00.300000Z,cap-app-0386,cap-session-0386,cap-req-0386-p,cap-corr-0386-p,/v1/profile/prefill,GET,200,216,4.8.0
2025-05-20T10:42:01.250000Z,cap-app-0387,cap-session-0387,cap-req-0387,cap-corr-0387,/v1/identity/verify,POST,200,750,4.8.0
2025-05-20T10:42:00.300000Z,cap-app-0387,cap-session-0387,cap-req-0387-p,cap-corr-0387-p,/v1/profile/prefill,GET,200,217,4.8.0
2025-05-20T10:59:01.250000Z,cap-app-0388,cap-session-0388,cap-req-0388,cap-corr-0388,/v1/identity/verify,POST,504,3520,4.8.0
2025-05-20T10:59:00.300000Z,cap-app-0388,cap-session-0388,cap-req-0388-p,cap-corr-0388-p,/v1/profile/prefill,GET,200,218,4.8.0
2025-05-20T11:16:01.250000Z,cap-app-0389,cap-session-0389,cap-req-0389,cap-corr-0389,/v1/identity/verify,POST,200,3800,4.8.0
2025-05-20T11:16:00.300000Z,cap-app-0389,cap-session-0389,cap-req-0389-p,cap-corr-0389-p,/v1/profile/prefill,GET,200,219,4.8.0
2025-05-20T11:33:01.250000Z,cap-app-0390,cap-session-0390,cap-req-0390,cap-corr-0390,/v1/identity/verify,POST,200,855,4.8.0
2025-05-20T11:33:00.300000Z,cap-app-0390,cap-session-0390,cap-req-0390-p,cap-corr-0390-p,/v1/profile/prefill,GET,200,220,4.8.0
2025-05-20T11:50:01.250000Z,cap-app-0391,cap-session-0391,cap-req-0391,cap-corr-0391,/v1/identity/verify,POST,200,890,4.8.0
2025-05-20T11:50:00.300000Z,cap-app-0391,cap-session-0391,cap-req-0391-p,cap-corr-0391-p,/v1/profile/prefill,GET,503,221,4.8.0
2025-05-20T12:07:01.250000Z,cap-app-0392,cap-session-0392,cap-req-0392,cap-corr-0392,/v1/identity/verify,POST,200,680,4.8.0
2025-05-20T12:07:00.300000Z,cap-app-0392,cap-session-0392,cap-req-0392-p,cap-corr-0392-p,/v1/profile/prefill,GET,200,222,4.8.0
2025-05-20T12:24:01.250000Z,cap-app-0393,cap-session-0393,cap-req-0393,cap-corr-0393,/v1/identity/verify,POST,200,715,4.8.0
2025-05-20T12:24:00.300000Z,cap-app-0393,cap-session-0393,cap-req-0393-p,cap-corr-0393-p,/v1/profile/prefill,GET,200,223,4.8.0
2025-05-20T12:41:01.250000Z,cap-app-0394,cap-session-0394,cap-req-0394,cap-corr-0394,/v1/identity/verify,POST,200,750,4.8.0
2025-05-20T12:41:00.300000Z,cap-app-0394,cap-session-0394,cap-req-0394-p,cap-corr-0394-p,/v1/profile/prefill,GET,200,224,4.8.0
2025-05-20T12:58:01.250000Z,cap-app-0395,cap-session-0395,cap-req-0395,cap-corr-0395,/v1/identity/verify,POST,200,785,4.8.0
2025-05-20T12:58:00.300000Z,cap-app-0395,cap-session-0395,cap-req-0395-p,cap-corr-0395-p,/v1/profile/prefill,GET,200,225,4.8.0
2025-05-20T13:15:01.250000Z,cap-app-0396,cap-session-0396,cap-req-0396,cap-corr-0396,/v1/identity/verify,POST,200,820,4.8.0
2025-05-20T13:15:00.300000Z,cap-app-0396,cap-session-0396,cap-req-0396-p,cap-corr-0396-p,/v1/profile/prefill,GET,200,226,4.8.0
2025-05-20T13:32:01.250000Z,cap-app-0397,cap-session-0397,cap-req-0397,cap-corr-0397,/v1/identity/verify,POST,200,855,4.8.0
2025-05-20T13:32:00.300000Z,cap-app-0397,cap-session-0397,cap-req-0397-p,cap-corr-0397-p,/v1/profile/prefill,GET,200,227,4.8.0
2025-05-20T13:49:01.250000Z,cap-app-0398,cap-session-0398,cap-req-0398,cap-corr-0398,/v1/identity/verify,POST,200,890,4.8.0
2025-05-20T13:49:00.300000Z,cap-app-0398,cap-session-0398,cap-req-0398-p,cap-corr-0398-p,/v1/profile/prefill,GET,200,228,4.8.0
2025-05-20T14:06:01.250000Z,cap-app-0399,cap-session-0399,cap-req-0399,cap-corr-0399,/v1/identity/verify,POST,422,680,4.8.0
2025-05-20T14:06:00.300000Z,cap-app-0399,cap-session-0399,cap-req-0399-p,cap-corr-0399-p,/v1/profile/prefill,GET,200,229,4.8.0
2025-05-20T14:23:01.250000Z,cap-app-0400,cap-session-0400,cap-req-0400,cap-corr-0400,/v1/identity/verify,POST,200,715,4.8.0
2025-05-20T14:23:00.300000Z,cap-app-0400,cap-session-0400,cap-req-0400-p,cap-corr-0400-p,/v1/profile/prefill,GET,200,180,4.8.0
2025-05-21T09:00:01.250000Z,cap-app-0401,cap-session-0401,cap-req-0401,cap-corr-0401,/v1/identity/verify,POST,200,750,4.8.0
2025-05-21T09:00:00.300000Z,cap-app-0401,cap-session-0401,cap-req-0401-p,cap-corr-0401-p,/v1/profile/prefill,GET,200,181,4.8.0
2025-05-21T09:17:01.250000Z,cap-app-0402,cap-session-0402,cap-req-0402,cap-corr-0402,/v1/identity/verify,POST,504,3360,4.8.0
2025-05-21T09:17:00.300000Z,cap-app-0402,cap-session-0402,cap-req-0402-p,cap-corr-0402-p,/v1/profile/prefill,GET,200,182,4.8.0
2025-05-21T09:34:01.250000Z,cap-app-0403,cap-session-0403,cap-req-0403,cap-corr-0403,/v1/identity/verify,POST,200,3640,4.8.0
2025-05-21T09:34:00.300000Z,cap-app-0403,cap-session-0403,cap-req-0403-p,cap-corr-0403-p,/v1/profile/prefill,GET,200,183,4.8.0
2025-05-21T09:51:01.250000Z,cap-app-0404,cap-session-0404,cap-req-0404,cap-corr-0404,/v1/identity/verify,POST,200,855,4.8.0
2025-05-21T09:51:00.300000Z,cap-app-0404,cap-session-0404,cap-req-0404-p,cap-corr-0404-p,/v1/profile/prefill,GET,200,184,4.8.0
2025-05-21T10:08:01.250000Z,cap-app-0405,cap-session-0405,cap-req-0405,cap-corr-0405,/v1/identity/verify,POST,422,890,4.8.0
2025-05-21T10:08:00.300000Z,cap-app-0405,cap-session-0405,cap-req-0405-p,cap-corr-0405-p,/v1/profile/prefill,GET,200,185,4.8.0
2025-05-21T10:25:01.250000Z,cap-app-0406,cap-session-0406,cap-req-0406,cap-corr-0406,/v1/identity/verify,POST,200,680,4.8.0
2025-05-21T10:25:00.300000Z,cap-app-0406,cap-session-0406,cap-req-0406-p,cap-corr-0406-p,/v1/profile/prefill,GET,200,186,4.8.0
2025-05-21T10:42:01.250000Z,cap-app-0407,cap-session-0407,cap-req-0407,cap-corr-0407,/v1/identity/verify,POST,504,3760,4.8.0
2025-05-21T10:42:00.300000Z,cap-app-0407,cap-session-0407,cap-req-0407-p,cap-corr-0407-p,/v1/profile/prefill,GET,200,187,4.8.0
2025-05-21T10:59:01.250000Z,cap-app-0408,cap-session-0408,cap-req-0408,cap-corr-0408,/v1/identity/verify,POST,200,3400,4.8.0
2025-05-21T10:59:00.300000Z,cap-app-0408,cap-session-0408,cap-req-0408-p,cap-corr-0408-p,/v1/profile/prefill,GET,503,188,4.8.0
2025-05-21T11:16:01.250000Z,cap-app-0409,cap-session-0409,cap-req-0409,cap-corr-0409,/v1/identity/verify,POST,200,785,4.8.0
2025-05-21T11:16:00.300000Z,cap-app-0409,cap-session-0409,cap-req-0409-p,cap-corr-0409-p,/v1/profile/prefill,GET,200,189,4.8.0
2025-05-21T11:33:01.250000Z,cap-app-0410,cap-session-0410,cap-req-0410,cap-corr-0410,/v1/identity/verify,POST,200,820,4.8.0
2025-05-21T11:33:00.300000Z,cap-app-0410,cap-session-0410,cap-req-0410-p,cap-corr-0410-p,/v1/profile/prefill,GET,200,190,4.8.0
2025-05-21T11:50:01.250000Z,cap-app-0411,cap-session-0411,cap-req-0411,cap-corr-0411,/v1/identity/verify,POST,200,855,4.8.0
2025-05-21T11:50:00.300000Z,cap-app-0411,cap-session-0411,cap-req-0411-p,cap-corr-0411-p,/v1/profile/prefill,GET,200,191,4.8.0
2025-05-21T12:07:01.250000Z,cap-app-0412,cap-session-0412,cap-req-0412,cap-corr-0412,/v1/identity/verify,POST,504,3520,4.8.0
2025-05-21T12:07:00.300000Z,cap-app-0412,cap-session-0412,cap-req-0412-p,cap-corr-0412-p,/v1/profile/prefill,GET,200,192,4.8.0
2025-05-21T12:24:01.250000Z,cap-app-0413,cap-session-0413,cap-req-0413,cap-corr-0413,/v1/identity/verify,POST,200,680,4.8.0
2025-05-21T12:24:00.300000Z,cap-app-0413,cap-session-0413,cap-req-0413-p,cap-corr-0413-p,/v1/profile/prefill,GET,200,193,4.8.0
2025-05-21T12:41:01.250000Z,cap-app-0414,cap-session-0414,cap-req-0414,cap-corr-0414,/v1/identity/verify,POST,200,715,4.8.0
2025-05-21T12:41:00.300000Z,cap-app-0414,cap-session-0414,cap-req-0414-p,cap-corr-0414-p,/v1/profile/prefill,GET,200,194,4.8.0
2025-05-21T12:58:01.250000Z,cap-app-0415,cap-session-0415,cap-req-0415,cap-corr-0415,/v1/identity/verify,POST,200,750,4.8.0
2025-05-21T12:58:00.300000Z,cap-app-0415,cap-session-0415,cap-req-0415-p,cap-corr-0415-p,/v1/profile/prefill,GET,200,195,4.8.0
2025-05-21T13:15:01.250000Z,cap-app-0416,cap-session-0416,cap-req-0416,cap-corr-0416,/v1/identity/verify,POST,200,785,4.8.0
2025-05-21T13:15:00.300000Z,cap-app-0416,cap-session-0416,cap-req-0416-p,cap-corr-0416-p,/v1/profile/prefill,GET,200,196,4.8.0
2025-05-21T13:32:01.250000Z,cap-app-0417,cap-session-0417,cap-req-0417,cap-corr-0417,/v1/identity/verify,POST,200,820,4.8.0
2025-05-21T13:32:00.300000Z,cap-app-0417,cap-session-0417,cap-req-0417-p,cap-corr-0417-p,/v1/profile/prefill,GET,200,197,4.8.0
2025-05-21T13:49:01.250000Z,cap-app-0418,cap-session-0418,cap-req-0418,cap-corr-0418,/v1/identity/verify,POST,422,855,4.8.0
2025-05-21T13:49:00.300000Z,cap-app-0418,cap-session-0418,cap-req-0418-p,cap-corr-0418-p,/v1/profile/prefill,GET,200,198,4.8.0
2025-05-21T14:06:01.250000Z,cap-app-0419,cap-session-0419,cap-req-0419,cap-corr-0419,/v1/identity/verify,POST,200,890,4.8.0
2025-05-21T14:06:00.300000Z,cap-app-0419,cap-session-0419,cap-req-0419-p,cap-corr-0419-p,/v1/profile/prefill,GET,200,199,4.8.0
2025-05-21T14:23:01.250000Z,cap-app-0420,cap-session-0420,cap-req-0420,cap-corr-0420,/v1/identity/verify,POST,200,680,4.8.0
2025-05-21T14:23:00.300000Z,cap-app-0420,cap-session-0420,cap-req-0420-p,cap-corr-0420-p,/v1/profile/prefill,GET,200,200,4.8.0
2025-05-22T09:00:01.250000Z,cap-app-0421,cap-session-0421,cap-req-0421,cap-corr-0421,/v1/identity/verify,POST,504,3600,4.8.0
2025-05-22T09:00:00.300000Z,cap-app-0421,cap-session-0421,cap-req-0421-p,cap-corr-0421-p,/v1/profile/prefill,GET,200,201,4.8.0
2025-05-22T09:17:01.250000Z,cap-app-0422,cap-session-0422,cap-req-0422,cap-corr-0422,/v1/identity/verify,POST,200,3880,4.8.0
2025-05-22T09:17:00.300000Z,cap-app-0422,cap-session-0422,cap-req-0422-p,cap-corr-0422-p,/v1/profile/prefill,GET,200,202,4.8.0
2025-05-22T09:34:01.250000Z,cap-app-0423,cap-session-0423,cap-req-0423,cap-corr-0423,/v1/identity/verify,POST,200,785,4.8.0
2025-05-22T09:34:00.300000Z,cap-app-0423,cap-session-0423,cap-req-0423-p,cap-corr-0423-p,/v1/profile/prefill,GET,200,203,4.8.0
2025-05-22T09:51:01.250000Z,cap-app-0424,cap-session-0424,cap-req-0424,cap-corr-0424,/v1/identity/verify,POST,200,820,4.8.0
2025-05-22T09:51:00.300000Z,cap-app-0424,cap-session-0424,cap-req-0424-p,cap-corr-0424-p,/v1/profile/prefill,GET,200,204,4.8.0
2025-05-22T10:08:01.250000Z,cap-app-0425,cap-session-0425,cap-req-0425,cap-corr-0425,/v1/identity/verify,POST,422,855,4.8.0
2025-05-22T10:08:00.300000Z,cap-app-0425,cap-session-0425,cap-req-0425-p,cap-corr-0425-p,/v1/profile/prefill,GET,503,205,4.8.0
2025-05-22T10:25:01.250000Z,cap-app-0426,cap-session-0426,cap-req-0426,cap-corr-0426,/v1/identity/verify,POST,504,3360,4.8.0
2025-05-22T10:25:00.300000Z,cap-app-0426,cap-session-0426,cap-req-0426-p,cap-corr-0426-p,/v1/profile/prefill,GET,200,206,4.8.0
2025-05-22T10:42:01.250000Z,cap-app-0427,cap-session-0427,cap-req-0427,cap-corr-0427,/v1/identity/verify,POST,200,3640,4.8.0
2025-05-22T10:42:00.300000Z,cap-app-0427,cap-session-0427,cap-req-0427-p,cap-corr-0427-p,/v1/profile/prefill,GET,200,207,4.8.0
2025-05-22T10:59:01.250000Z,cap-app-0428,cap-session-0428,cap-req-0428,cap-corr-0428,/v1/identity/verify,POST,200,715,4.8.0
2025-05-22T10:59:00.300000Z,cap-app-0428,cap-session-0428,cap-req-0428-p,cap-corr-0428-p,/v1/profile/prefill,GET,200,208,4.8.0
2025-05-22T11:16:01.250000Z,cap-app-0429,cap-session-0429,cap-req-0429,cap-corr-0429,/v1/identity/verify,POST,200,750,4.8.0
2025-05-22T11:16:00.300000Z,cap-app-0429,cap-session-0429,cap-req-0429-p,cap-corr-0429-p,/v1/profile/prefill,GET,200,209,4.8.0
2025-05-22T11:33:01.250000Z,cap-app-0430,cap-session-0430,cap-req-0430,cap-corr-0430,/v1/identity/verify,POST,200,785,4.8.0
2025-05-22T11:33:00.300000Z,cap-app-0430,cap-session-0430,cap-req-0430-p,cap-corr-0430-p,/v1/profile/prefill,GET,200,210,4.8.0
2025-05-22T11:50:01.250000Z,cap-app-0431,cap-session-0431,cap-req-0431,cap-corr-0431,/v1/identity/verify,POST,504,3760,4.8.0
2025-05-22T11:50:00.300000Z,cap-app-0431,cap-session-0431,cap-req-0431-p,cap-corr-0431-p,/v1/profile/prefill,GET,200,211,4.8.0
2025-05-22T12:07:01.250000Z,cap-app-0432,cap-session-0432,cap-req-0432,cap-corr-0432,/v1/identity/verify,POST,200,3400,4.8.0
2025-05-22T12:07:00.300000Z,cap-app-0432,cap-session-0432,cap-req-0432-p,cap-corr-0432-p,/v1/profile/prefill,GET,200,212,4.8.0
2025-05-22T12:24:01.250000Z,cap-app-0433,cap-session-0433,cap-req-0433,cap-corr-0433,/v1/identity/verify,POST,200,890,4.8.0
2025-05-22T12:24:00.300000Z,cap-app-0433,cap-session-0433,cap-req-0433-p,cap-corr-0433-p,/v1/profile/prefill,GET,200,213,4.8.0
2025-05-22T12:41:01.250000Z,cap-app-0434,cap-session-0434,cap-req-0434,cap-corr-0434,/v1/identity/verify,POST,200,680,4.8.0
2025-05-22T12:41:00.300000Z,cap-app-0434,cap-session-0434,cap-req-0434-p,cap-corr-0434-p,/v1/profile/prefill,GET,200,214,4.8.0
2025-05-22T12:58:01.250000Z,cap-app-0435,cap-session-0435,cap-req-0435,cap-corr-0435,/v1/identity/verify,POST,200,715,4.8.0
2025-05-22T12:58:00.300000Z,cap-app-0435,cap-session-0435,cap-req-0435-p,cap-corr-0435-p,/v1/profile/prefill,GET,200,215,4.8.0
2025-05-22T13:15:01.250000Z,cap-app-0436,cap-session-0436,cap-req-0436,cap-corr-0436,/v1/identity/verify,POST,200,750,4.8.0
2025-05-22T13:15:00.300000Z,cap-app-0436,cap-session-0436,cap-req-0436-p,cap-corr-0436-p,/v1/profile/prefill,GET,200,216,4.8.0
2025-05-22T13:32:01.250000Z,cap-app-0437,cap-session-0437,cap-req-0437,cap-corr-0437,/v1/identity/verify,POST,422,785,4.8.0
2025-05-22T13:32:00.300000Z,cap-app-0437,cap-session-0437,cap-req-0437-p,cap-corr-0437-p,/v1/profile/prefill,GET,200,217,4.8.0
2025-05-22T13:49:01.250000Z,cap-app-0438,cap-session-0438,cap-req-0438,cap-corr-0438,/v1/identity/verify,POST,200,820,4.8.0
2025-05-22T13:49:00.300000Z,cap-app-0438,cap-session-0438,cap-req-0438-p,cap-corr-0438-p,/v1/profile/prefill,GET,200,218,4.8.0
2025-05-22T14:06:01.250000Z,cap-app-0439,cap-session-0439,cap-req-0439,cap-corr-0439,/v1/identity/verify,POST,200,855,4.8.0
2025-05-22T14:06:00.300000Z,cap-app-0439,cap-session-0439,cap-req-0439-p,cap-corr-0439-p,/v1/profile/prefill,GET,200,219,4.8.0
2025-05-22T14:23:01.250000Z,cap-app-0440,cap-session-0440,cap-req-0440,cap-corr-0440,/v1/identity/verify,POST,200,890,4.8.0
2025-05-22T14:23:00.300000Z,cap-app-0440,cap-session-0440,cap-req-0440-p,cap-corr-0440-p,/v1/profile/prefill,GET,200,220,4.8.0
2025-05-23T09:00:01.250000Z,cap-app-0441,cap-session-0441,cap-req-0441,cap-corr-0441,/v1/identity/verify,POST,200,3480,4.8.0
2025-05-23T09:00:00.300000Z,cap-app-0441,cap-session-0441,cap-req-0441-p,cap-corr-0441-p,/v1/profile/prefill,GET,200,221,4.8.0
2025-05-23T09:17:01.250000Z,cap-app-0442,cap-session-0442,cap-req-0442,cap-corr-0442,/v1/identity/verify,POST,200,715,4.8.0
2025-05-23T09:17:00.300000Z,cap-app-0442,cap-session-0442,cap-req-0442-p,cap-corr-0442-p,/v1/profile/prefill,GET,503,222,4.8.0
2025-05-23T09:34:01.250000Z,cap-app-0443,cap-session-0443,cap-req-0443,cap-corr-0443,/v1/identity/verify,POST,200,750,4.8.0
2025-05-23T09:34:00.300000Z,cap-app-0443,cap-session-0443,cap-req-0443-p,cap-corr-0443-p,/v1/profile/prefill,GET,200,223,4.8.0
2025-05-23T09:51:01.250000Z,cap-app-0444,cap-session-0444,cap-req-0444,cap-corr-0444,/v1/identity/verify,POST,200,785,4.8.0
2025-05-23T09:51:00.300000Z,cap-app-0444,cap-session-0444,cap-req-0444-p,cap-corr-0444-p,/v1/profile/prefill,GET,200,224,4.8.0
2025-05-23T10:08:01.250000Z,cap-app-0445,cap-session-0445,cap-req-0445,cap-corr-0445,/v1/identity/verify,POST,504,3600,4.8.0
2025-05-23T10:08:00.300000Z,cap-app-0445,cap-session-0445,cap-req-0445-p,cap-corr-0445-p,/v1/profile/prefill,GET,200,225,4.8.0
2025-05-23T10:25:01.250000Z,cap-app-0446,cap-session-0446,cap-req-0446,cap-corr-0446,/v1/identity/verify,POST,200,3880,4.8.0
2025-05-23T10:25:00.300000Z,cap-app-0446,cap-session-0446,cap-req-0446-p,cap-corr-0446-p,/v1/profile/prefill,GET,200,226,4.8.0
2025-05-23T10:42:01.250000Z,cap-app-0447,cap-session-0447,cap-req-0447,cap-corr-0447,/v1/identity/verify,POST,200,890,4.8.0
2025-05-23T10:42:00.300000Z,cap-app-0447,cap-session-0447,cap-req-0447-p,cap-corr-0447-p,/v1/profile/prefill,GET,200,227,4.8.0
2025-05-23T10:59:01.250000Z,cap-app-0448,cap-session-0448,cap-req-0448,cap-corr-0448,/v1/identity/verify,POST,200,680,4.8.0
2025-05-23T10:59:00.300000Z,cap-app-0448,cap-session-0448,cap-req-0448-p,cap-corr-0448-p,/v1/profile/prefill,GET,200,228,4.8.0
2025-05-23T11:16:01.250000Z,cap-app-0449,cap-session-0449,cap-req-0449,cap-corr-0449,/v1/identity/verify,POST,200,715,4.8.0
2025-05-23T11:16:00.300000Z,cap-app-0449,cap-session-0449,cap-req-0449-p,cap-corr-0449-p,/v1/profile/prefill,GET,200,229,4.8.0
2025-05-23T11:33:01.250000Z,cap-app-0450,cap-session-0450,cap-req-0450,cap-corr-0450,/v1/identity/verify,POST,504,3360,4.8.0
2025-05-23T11:33:00.300000Z,cap-app-0450,cap-session-0450,cap-req-0450-p,cap-corr-0450-p,/v1/profile/prefill,GET,200,180,4.8.0
2025-05-23T11:50:01.250000Z,cap-app-0451,cap-session-0451,cap-req-0451,cap-corr-0451,/v1/identity/verify,POST,200,3640,4.8.0
2025-05-23T11:50:00.300000Z,cap-app-0451,cap-session-0451,cap-req-0451-p,cap-corr-0451-p,/v1/profile/prefill,GET,200,181,4.8.0
2025-05-23T12:07:01.250000Z,cap-app-0452,cap-session-0452,cap-req-0452,cap-corr-0452,/v1/identity/verify,POST,200,820,4.8.0
2025-05-23T12:07:00.300000Z,cap-app-0452,cap-session-0452,cap-req-0452-p,cap-corr-0452-p,/v1/profile/prefill,GET,200,182,4.8.0
2025-05-23T12:24:01.250000Z,cap-app-0453,cap-session-0453,cap-req-0453,cap-corr-0453,/v1/identity/verify,POST,200,855,4.8.0
2025-05-23T12:24:00.300000Z,cap-app-0453,cap-session-0453,cap-req-0453-p,cap-corr-0453-p,/v1/profile/prefill,GET,200,183,4.8.0
2025-05-23T12:41:01.250000Z,cap-app-0454,cap-session-0454,cap-req-0454,cap-corr-0454,/v1/identity/verify,POST,200,890,4.8.0
2025-05-23T12:41:00.300000Z,cap-app-0454,cap-session-0454,cap-req-0454-p,cap-corr-0454-p,/v1/profile/prefill,GET,200,184,4.8.0
2025-05-23T12:58:01.250000Z,cap-app-0455,cap-session-0455,cap-req-0455,cap-corr-0455,/v1/identity/verify,POST,200,680,4.8.0
2025-05-23T12:58:00.300000Z,cap-app-0455,cap-session-0455,cap-req-0455-p,cap-corr-0455-p,/v1/profile/prefill,GET,200,185,4.8.0
2025-05-23T13:15:01.250000Z,cap-app-0456,cap-session-0456,cap-req-0456,cap-corr-0456,/v1/identity/verify,POST,422,715,4.8.0
2025-05-23T13:15:00.300000Z,cap-app-0456,cap-session-0456,cap-req-0456-p,cap-corr-0456-p,/v1/profile/prefill,GET,200,186,4.8.0
2025-05-23T13:32:01.250000Z,cap-app-0457,cap-session-0457,cap-req-0457,cap-corr-0457,/v1/identity/verify,POST,200,750,4.8.0
2025-05-23T13:32:00.300000Z,cap-app-0457,cap-session-0457,cap-req-0457-p,cap-corr-0457-p,/v1/profile/prefill,GET,200,187,4.8.0
2025-05-23T13:49:01.250000Z,cap-app-0458,cap-session-0458,cap-req-0458,cap-corr-0458,/v1/identity/verify,POST,200,785,4.8.0
2025-05-23T13:49:00.300000Z,cap-app-0458,cap-session-0458,cap-req-0458-p,cap-corr-0458-p,/v1/profile/prefill,GET,200,188,4.8.0
2025-05-23T14:06:01.250000Z,cap-app-0459,cap-session-0459,cap-req-0459,cap-corr-0459,/v1/identity/verify,POST,200,820,4.8.0
2025-05-23T14:06:00.300000Z,cap-app-0459,cap-session-0459,cap-req-0459-p,cap-corr-0459-p,/v1/profile/prefill,GET,503,189,4.8.0
2025-05-23T14:23:01.250000Z,cap-app-0460,cap-session-0460,cap-req-0460,cap-corr-0460,/v1/identity/verify,POST,200,855,4.8.0
2025-05-23T14:23:00.300000Z,cap-app-0460,cap-session-0460,cap-req-0460-p,cap-corr-0460-p,/v1/profile/prefill,GET,200,190,4.8.0
2025-05-24T09:00:01.250000Z,cap-app-0461,cap-session-0461,cap-req-0461,cap-corr-0461,/v1/identity/verify,POST,200,890,4.8.0
2025-05-24T09:00:00.300000Z,cap-app-0461,cap-session-0461,cap-req-0461-p,cap-corr-0461-p,/v1/profile/prefill,GET,200,191,4.8.0
2025-05-24T09:17:01.250000Z,cap-app-0462,cap-session-0462,cap-req-0462,cap-corr-0462,/v1/identity/verify,POST,200,680,4.8.0
2025-05-24T09:17:00.300000Z,cap-app-0462,cap-session-0462,cap-req-0462-p,cap-corr-0462-p,/v1/profile/prefill,GET,200,192,4.8.0
2025-05-24T09:34:01.250000Z,cap-app-0463,cap-session-0463,cap-req-0463,cap-corr-0463,/v1/identity/verify,POST,200,715,4.8.0
2025-05-24T09:34:00.300000Z,cap-app-0463,cap-session-0463,cap-req-0463-p,cap-corr-0463-p,/v1/profile/prefill,GET,200,193,4.8.0
2025-05-24T09:51:01.250000Z,cap-app-0464,cap-session-0464,cap-req-0464,cap-corr-0464,/v1/identity/verify,POST,504,3200,4.8.0
2025-05-24T09:51:00.300000Z,cap-app-0464,cap-session-0464,cap-req-0464-p,cap-corr-0464-p,/v1/profile/prefill,GET,200,194,4.8.0
2025-05-24T10:08:01.250000Z,cap-app-0465,cap-session-0465,cap-req-0465,cap-corr-0465,/v1/identity/verify,POST,422,3480,4.8.0
2025-05-24T10:08:00.300000Z,cap-app-0465,cap-session-0465,cap-req-0465-p,cap-corr-0465-p,/v1/profile/prefill,GET,200,195,4.8.0
2025-05-24T10:25:01.250000Z,cap-app-0466,cap-session-0466,cap-req-0466,cap-corr-0466,/v1/identity/verify,POST,200,820,4.8.0
2025-05-24T10:25:00.300000Z,cap-app-0466,cap-session-0466,cap-req-0466-p,cap-corr-0466-p,/v1/profile/prefill,GET,200,196,4.8.0
2025-05-24T10:42:01.250000Z,cap-app-0467,cap-session-0467,cap-req-0467,cap-corr-0467,/v1/identity/verify,POST,200,855,4.8.0
2025-05-24T10:42:00.300000Z,cap-app-0467,cap-session-0467,cap-req-0467-p,cap-corr-0467-p,/v1/profile/prefill,GET,200,197,4.8.0
2025-05-24T10:59:01.250000Z,cap-app-0468,cap-session-0468,cap-req-0468,cap-corr-0468,/v1/identity/verify,POST,200,890,4.8.0
2025-05-24T10:59:00.300000Z,cap-app-0468,cap-session-0468,cap-req-0468-p,cap-corr-0468-p,/v1/profile/prefill,GET,200,198,4.8.0
2025-05-24T11:16:01.250000Z,cap-app-0469,cap-session-0469,cap-req-0469,cap-corr-0469,/v1/identity/verify,POST,504,3600,4.8.0
2025-05-24T11:16:00.300000Z,cap-app-0469,cap-session-0469,cap-req-0469-p,cap-corr-0469-p,/v1/profile/prefill,GET,200,199,4.8.0
2025-05-24T11:33:01.250000Z,cap-app-0470,cap-session-0470,cap-req-0470,cap-corr-0470,/v1/identity/verify,POST,200,3880,4.8.0
2025-05-24T11:33:00.300000Z,cap-app-0470,cap-session-0470,cap-req-0470-p,cap-corr-0470-p,/v1/profile/prefill,GET,200,200,4.8.0
2025-05-24T11:50:01.250000Z,cap-app-0471,cap-session-0471,cap-req-0471,cap-corr-0471,/v1/identity/verify,POST,200,750,4.8.0
2025-05-24T11:50:00.300000Z,cap-app-0471,cap-session-0471,cap-req-0471-p,cap-corr-0471-p,/v1/profile/prefill,GET,200,201,4.8.0
2025-05-24T12:07:01.250000Z,cap-app-0472,cap-session-0472,cap-req-0472,cap-corr-0472,/v1/identity/verify,POST,200,785,4.8.0
2025-05-24T12:07:00.300000Z,cap-app-0472,cap-session-0472,cap-req-0472-p,cap-corr-0472-p,/v1/profile/prefill,GET,200,202,4.8.0
2025-05-24T12:24:01.250000Z,cap-app-0473,cap-session-0473,cap-req-0473,cap-corr-0473,/v1/identity/verify,POST,200,820,4.8.0
2025-05-24T12:24:00.300000Z,cap-app-0473,cap-session-0473,cap-req-0473-p,cap-corr-0473-p,/v1/profile/prefill,GET,200,203,4.8.0
2025-05-24T12:41:01.250000Z,cap-app-0474,cap-session-0474,cap-req-0474,cap-corr-0474,/v1/identity/verify,POST,200,855,4.8.0
2025-05-24T12:41:00.300000Z,cap-app-0474,cap-session-0474,cap-req-0474-p,cap-corr-0474-p,/v1/profile/prefill,GET,200,204,4.8.0
2025-05-24T12:58:01.250000Z,cap-app-0475,cap-session-0475,cap-req-0475,cap-corr-0475,/v1/identity/verify,POST,422,890,4.8.0
2025-05-24T12:58:00.300000Z,cap-app-0475,cap-session-0475,cap-req-0475-p,cap-corr-0475-p,/v1/profile/prefill,GET,200,205,4.8.0
2025-05-24T13:15:01.250000Z,cap-app-0476,cap-session-0476,cap-req-0476,cap-corr-0476,/v1/identity/verify,POST,200,680,4.8.0
2025-05-24T13:15:00.300000Z,cap-app-0476,cap-session-0476,cap-req-0476-p,cap-corr-0476-p,/v1/profile/prefill,GET,503,206,4.8.0
2025-05-24T13:32:01.250000Z,cap-app-0477,cap-session-0477,cap-req-0477,cap-corr-0477,/v1/identity/verify,POST,200,715,4.8.0
2025-05-24T13:32:00.300000Z,cap-app-0477,cap-session-0477,cap-req-0477-p,cap-corr-0477-p,/v1/profile/prefill,GET,200,207,4.8.0
2025-05-24T13:49:01.250000Z,cap-app-0478,cap-session-0478,cap-req-0478,cap-corr-0478,/v1/identity/verify,POST,200,750,4.8.0
2025-05-24T13:49:00.300000Z,cap-app-0478,cap-session-0478,cap-req-0478-p,cap-corr-0478-p,/v1/profile/prefill,GET,200,208,4.8.0
2025-05-24T14:06:01.250000Z,cap-app-0479,cap-session-0479,cap-req-0479,cap-corr-0479,/v1/identity/verify,POST,200,785,4.8.0
2025-05-24T14:06:00.300000Z,cap-app-0479,cap-session-0479,cap-req-0479-p,cap-corr-0479-p,/v1/profile/prefill,GET,200,209,4.8.0
2025-05-24T14:23:01.250000Z,cap-app-0480,cap-session-0480,cap-req-0480,cap-corr-0480,/v1/identity/verify,POST,200,820,4.8.0
2025-05-24T14:23:00.300000Z,cap-app-0480,cap-session-0480,cap-req-0480-p,cap-corr-0480-p,/v1/profile/prefill,GET,200,210,4.8.0
2025-05-25T09:00:01.250000Z,cap-app-0481,cap-session-0481,cap-req-0481,cap-corr-0481,/v1/identity/verify,POST,200,855,4.8.0
2025-05-25T09:00:00.300000Z,cap-app-0481,cap-session-0481,cap-req-0481-p,cap-corr-0481-p,/v1/profile/prefill,GET,200,211,4.8.0
2025-05-25T09:17:01.250000Z,cap-app-0482,cap-session-0482,cap-req-0482,cap-corr-0482,/v1/identity/verify,POST,200,890,4.8.0
2025-05-25T09:17:00.300000Z,cap-app-0482,cap-session-0482,cap-req-0482-p,cap-corr-0482-p,/v1/profile/prefill,GET,200,212,4.8.0
2025-05-25T09:34:01.250000Z,cap-app-0483,cap-session-0483,cap-req-0483,cap-corr-0483,/v1/identity/verify,POST,504,3440,4.8.0
2025-05-25T09:34:00.300000Z,cap-app-0483,cap-session-0483,cap-req-0483-p,cap-corr-0483-p,/v1/profile/prefill,GET,200,213,4.8.0
2025-05-25T09:51:01.250000Z,cap-app-0484,cap-session-0484,cap-req-0484,cap-corr-0484,/v1/identity/verify,POST,200,3720,4.8.0
2025-05-25T09:51:00.300000Z,cap-app-0484,cap-session-0484,cap-req-0484-p,cap-corr-0484-p,/v1/profile/prefill,GET,200,214,4.8.0
2025-05-25T10:08:01.250000Z,cap-app-0485,cap-session-0485,cap-req-0485,cap-corr-0485,/v1/identity/verify,POST,422,750,4.8.0
2025-05-25T10:08:00.300000Z,cap-app-0485,cap-session-0485,cap-req-0485-p,cap-corr-0485-p,/v1/profile/prefill,GET,200,215,4.8.0
2025-05-25T10:25:01.250000Z,cap-app-0486,cap-session-0486,cap-req-0486,cap-corr-0486,/v1/identity/verify,POST,200,785,4.8.0
2025-05-25T10:25:00.300000Z,cap-app-0486,cap-session-0486,cap-req-0486-p,cap-corr-0486-p,/v1/profile/prefill,GET,200,216,4.8.0
2025-05-25T10:42:01.250000Z,cap-app-0487,cap-session-0487,cap-req-0487,cap-corr-0487,/v1/identity/verify,POST,200,820,4.8.0
2025-05-25T10:42:00.300000Z,cap-app-0487,cap-session-0487,cap-req-0487-p,cap-corr-0487-p,/v1/profile/prefill,GET,200,217,4.8.0
2025-05-25T10:59:01.250000Z,cap-app-0488,cap-session-0488,cap-req-0488,cap-corr-0488,/v1/identity/verify,POST,504,3200,4.8.0
2025-05-25T10:59:00.300000Z,cap-app-0488,cap-session-0488,cap-req-0488-p,cap-corr-0488-p,/v1/profile/prefill,GET,200,218,4.8.0
2025-05-25T11:16:01.250000Z,cap-app-0489,cap-session-0489,cap-req-0489,cap-corr-0489,/v1/identity/verify,POST,200,3480,4.8.0
2025-05-25T11:16:00.300000Z,cap-app-0489,cap-session-0489,cap-req-0489-p,cap-corr-0489-p,/v1/profile/prefill,GET,200,219,4.8.0
2025-05-25T11:33:01.250000Z,cap-app-0490,cap-session-0490,cap-req-0490,cap-corr-0490,/v1/identity/verify,POST,200,680,4.8.0
2025-05-25T11:33:00.300000Z,cap-app-0490,cap-session-0490,cap-req-0490-p,cap-corr-0490-p,/v1/profile/prefill,GET,200,220,4.8.0
2025-05-25T11:50:01.250000Z,cap-app-0491,cap-session-0491,cap-req-0491,cap-corr-0491,/v1/identity/verify,POST,200,715,4.8.0
2025-05-25T11:50:00.300000Z,cap-app-0491,cap-session-0491,cap-req-0491-p,cap-corr-0491-p,/v1/profile/prefill,GET,200,221,4.8.0
2025-05-25T12:07:01.250000Z,cap-app-0492,cap-session-0492,cap-req-0492,cap-corr-0492,/v1/identity/verify,POST,200,750,4.8.0
2025-05-25T12:07:00.300000Z,cap-app-0492,cap-session-0492,cap-req-0492-p,cap-corr-0492-p,/v1/profile/prefill,GET,200,222,4.8.0
2025-05-25T12:24:01.250000Z,cap-app-0493,cap-session-0493,cap-req-0493,cap-corr-0493,/v1/identity/verify,POST,200,785,4.8.0
2025-05-25T12:24:00.300000Z,cap-app-0493,cap-session-0493,cap-req-0493-p,cap-corr-0493-p,/v1/profile/prefill,GET,503,223,4.8.0
2025-05-25T12:41:01.250000Z,cap-app-0494,cap-session-0494,cap-req-0494,cap-corr-0494,/v1/identity/verify,POST,422,820,4.8.0
2025-05-25T12:41:00.300000Z,cap-app-0494,cap-session-0494,cap-req-0494-p,cap-corr-0494-p,/v1/profile/prefill,GET,200,224,4.8.0
2025-05-25T12:58:01.250000Z,cap-app-0495,cap-session-0495,cap-req-0495,cap-corr-0495,/v1/identity/verify,POST,200,855,4.8.0
2025-05-25T12:58:00.300000Z,cap-app-0495,cap-session-0495,cap-req-0495-p,cap-corr-0495-p,/v1/profile/prefill,GET,200,225,4.8.0
2025-05-25T13:15:01.250000Z,cap-app-0496,cap-session-0496,cap-req-0496,cap-corr-0496,/v1/identity/verify,POST,200,890,4.8.0
2025-05-25T13:15:00.300000Z,cap-app-0496,cap-session-0496,cap-req-0496-p,cap-corr-0496-p,/v1/profile/prefill,GET,200,226,4.8.0
2025-05-25T13:32:01.250000Z,cap-app-0497,cap-session-0497,cap-req-0497,cap-corr-0497,/v1/identity/verify,POST,200,680,4.8.0
2025-05-25T13:32:00.300000Z,cap-app-0497,cap-session-0497,cap-req-0497-p,cap-corr-0497-p,/v1/profile/prefill,GET,200,227,4.8.0
2025-05-25T13:49:01.250000Z,cap-app-0498,cap-session-0498,cap-req-0498,cap-corr-0498,/v1/identity/verify,POST,200,715,4.8.0
2025-05-25T13:49:00.300000Z,cap-app-0498,cap-session-0498,cap-req-0498-p,cap-corr-0498-p,/v1/profile/prefill,GET,200,228,4.8.0
2025-05-25T14:06:01.250000Z,cap-app-0499,cap-session-0499,cap-req-0499,cap-corr-0499,/v1/identity/verify,POST,200,750,4.8.0
2025-05-25T14:06:00.300000Z,cap-app-0499,cap-session-0499,cap-req-0499-p,cap-corr-0499-p,/v1/profile/prefill,GET,200,229,4.8.0
2025-05-25T14:23:01.250000Z,cap-app-0500,cap-session-0500,cap-req-0500,cap-corr-0500,/v1/identity/verify,POST,200,785,4.8.0
2025-05-25T14:23:00.300000Z,cap-app-0500,cap-session-0500,cap-req-0500-p,cap-corr-0500-p,/v1/profile/prefill,GET,200,180,4.8.0
2025-05-26T09:00:01.250000Z,cap-app-0501,cap-session-0501,cap-req-0501,cap-corr-0501,/v1/identity/verify,POST,200,820,4.8.0
2025-05-26T09:00:00.300000Z,cap-app-0501,cap-session-0501,cap-req-0501-p,cap-corr-0501-p,/v1/profile/prefill,GET,200,181,4.8.0
2025-05-26T09:17:01.250000Z,cap-app-0502,cap-session-0502,cap-req-0502,cap-corr-0502,/v1/identity/verify,POST,504,3680,4.8.0
2025-05-26T09:17:00.300000Z,cap-app-0502,cap-session-0502,cap-req-0502-p,cap-corr-0502-p,/v1/profile/prefill,GET,200,182,4.8.0
2025-05-26T09:34:01.250000Z,cap-app-0503,cap-session-0503,cap-req-0503,cap-corr-0503,/v1/identity/verify,POST,200,3960,4.8.0
2025-05-26T09:34:00.300000Z,cap-app-0503,cap-session-0503,cap-req-0503-p,cap-corr-0503-p,/v1/profile/prefill,GET,200,183,4.8.0
2025-05-26T09:51:01.250000Z,cap-app-0504,cap-session-0504,cap-req-0504,cap-corr-0504,/v1/identity/verify,POST,200,680,4.8.0
2025-05-26T09:51:00.300000Z,cap-app-0504,cap-session-0504,cap-req-0504-p,cap-corr-0504-p,/v1/profile/prefill,GET,200,184,4.8.0
2025-05-26T10:08:01.250000Z,cap-app-0505,cap-session-0505,cap-req-0505,cap-corr-0505,/v1/identity/verify,POST,422,715,4.8.0
2025-05-26T10:08:00.300000Z,cap-app-0505,cap-session-0505,cap-req-0505-p,cap-corr-0505-p,/v1/profile/prefill,GET,200,185,4.8.0
2025-05-26T10:25:01.250000Z,cap-app-0506,cap-session-0506,cap-req-0506,cap-corr-0506,/v1/identity/verify,POST,200,750,4.8.0
2025-05-26T10:25:00.300000Z,cap-app-0506,cap-session-0506,cap-req-0506-p,cap-corr-0506-p,/v1/profile/prefill,GET,200,186,4.8.0
2025-05-26T10:42:01.250000Z,cap-app-0507,cap-session-0507,cap-req-0507,cap-corr-0507,/v1/identity/verify,POST,504,3440,4.8.0
2025-05-26T10:42:00.300000Z,cap-app-0507,cap-session-0507,cap-req-0507-p,cap-corr-0507-p,/v1/profile/prefill,GET,200,187,4.8.0
2025-05-26T10:59:01.250000Z,cap-app-0508,cap-session-0508,cap-req-0508,cap-corr-0508,/v1/identity/verify,POST,200,3720,4.8.0
2025-05-26T10:59:00.300000Z,cap-app-0508,cap-session-0508,cap-req-0508-p,cap-corr-0508-p,/v1/profile/prefill,GET,200,188,4.8.0
2025-05-26T11:16:01.250000Z,cap-app-0509,cap-session-0509,cap-req-0509,cap-corr-0509,/v1/identity/verify,POST,200,855,4.8.0
2025-05-26T11:16:00.300000Z,cap-app-0509,cap-session-0509,cap-req-0509-p,cap-corr-0509-p,/v1/profile/prefill,GET,200,189,4.8.0
2025-05-26T11:33:01.250000Z,cap-app-0510,cap-session-0510,cap-req-0510,cap-corr-0510,/v1/identity/verify,POST,200,890,4.8.0
2025-05-26T11:33:00.300000Z,cap-app-0510,cap-session-0510,cap-req-0510-p,cap-corr-0510-p,/v1/profile/prefill,GET,503,190,4.8.0
2025-05-26T11:50:01.250000Z,cap-app-0511,cap-session-0511,cap-req-0511,cap-corr-0511,/v1/identity/verify,POST,200,680,4.8.0
2025-05-26T11:50:00.300000Z,cap-app-0511,cap-session-0511,cap-req-0511-p,cap-corr-0511-p,/v1/profile/prefill,GET,200,191,4.8.0
2025-05-26T12:07:01.250000Z,cap-app-0512,cap-session-0512,cap-req-0512,cap-corr-0512,/v1/identity/verify,POST,504,3200,4.8.0
2025-05-26T12:07:00.300000Z,cap-app-0512,cap-session-0512,cap-req-0512-p,cap-corr-0512-p,/v1/profile/prefill,GET,200,192,4.8.0
2025-05-26T12:24:01.250000Z,cap-app-0513,cap-session-0513,cap-req-0513,cap-corr-0513,/v1/identity/verify,POST,422,750,4.8.0
2025-05-26T12:24:00.300000Z,cap-app-0513,cap-session-0513,cap-req-0513-p,cap-corr-0513-p,/v1/profile/prefill,GET,200,193,4.8.0
2025-05-26T12:41:01.250000Z,cap-app-0514,cap-session-0514,cap-req-0514,cap-corr-0514,/v1/identity/verify,POST,200,785,4.8.0
2025-05-26T12:41:00.300000Z,cap-app-0514,cap-session-0514,cap-req-0514-p,cap-corr-0514-p,/v1/profile/prefill,GET,200,194,4.8.0
2025-05-26T12:58:01.250000Z,cap-app-0515,cap-session-0515,cap-req-0515,cap-corr-0515,/v1/identity/verify,POST,200,820,4.8.0
2025-05-26T12:58:00.300000Z,cap-app-0515,cap-session-0515,cap-req-0515-p,cap-corr-0515-p,/v1/profile/prefill,GET,200,195,4.8.0
2025-05-26T13:15:01.250000Z,cap-app-0516,cap-session-0516,cap-req-0516,cap-corr-0516,/v1/identity/verify,POST,200,855,4.8.0
2025-05-26T13:15:00.300000Z,cap-app-0516,cap-session-0516,cap-req-0516-p,cap-corr-0516-p,/v1/profile/prefill,GET,200,196,4.8.0
2025-05-26T13:32:01.250000Z,cap-app-0517,cap-session-0517,cap-req-0517,cap-corr-0517,/v1/identity/verify,POST,200,890,4.8.0
2025-05-26T13:32:00.300000Z,cap-app-0517,cap-session-0517,cap-req-0517-p,cap-corr-0517-p,/v1/profile/prefill,GET,200,197,4.8.0
2025-05-26T13:49:01.250000Z,cap-app-0518,cap-session-0518,cap-req-0518,cap-corr-0518,/v1/identity/verify,POST,200,680,4.8.0
2025-05-26T13:49:00.300000Z,cap-app-0518,cap-session-0518,cap-req-0518-p,cap-corr-0518-p,/v1/profile/prefill,GET,200,198,4.8.0
2025-05-26T14:06:01.250000Z,cap-app-0519,cap-session-0519,cap-req-0519,cap-corr-0519,/v1/identity/verify,POST,200,715,4.8.0
2025-05-26T14:06:00.300000Z,cap-app-0519,cap-session-0519,cap-req-0519-p,cap-corr-0519-p,/v1/profile/prefill,GET,200,199,4.8.0
2025-05-26T14:23:01.250000Z,cap-app-0520,cap-session-0520,cap-req-0520,cap-corr-0520,/v1/identity/verify,POST,200,750,4.8.0
2025-05-26T14:23:00.300000Z,cap-app-0520,cap-session-0520,cap-req-0520-p,cap-corr-0520-p,/v1/profile/prefill,GET,200,200,4.8.0
2025-05-27T09:00:01.250000Z,cap-app-0521,cap-session-0521,cap-req-0521,cap-corr-0521,/v1/identity/verify,POST,504,3280,4.8.0
2025-05-27T09:00:00.300000Z,cap-app-0521,cap-session-0521,cap-req-0521-p,cap-corr-0521-p,/v1/profile/prefill,GET,200,201,4.8.0
2025-05-27T09:17:01.250000Z,cap-app-0522,cap-session-0522,cap-req-0522,cap-corr-0522,/v1/identity/verify,POST,200,3560,4.8.0
2025-05-27T09:17:00.300000Z,cap-app-0522,cap-session-0522,cap-req-0522-p,cap-corr-0522-p,/v1/profile/prefill,GET,200,202,4.8.0
2025-05-27T09:34:01.250000Z,cap-app-0523,cap-session-0523,cap-req-0523,cap-corr-0523,/v1/identity/verify,POST,200,855,4.8.0
2025-05-27T09:34:00.300000Z,cap-app-0523,cap-session-0523,cap-req-0523-p,cap-corr-0523-p,/v1/profile/prefill,GET,200,203,4.8.0
2025-05-27T09:51:01.250000Z,cap-app-0524,cap-session-0524,cap-req-0524,cap-corr-0524,/v1/identity/verify,POST,200,890,4.8.0
2025-05-27T09:51:00.300000Z,cap-app-0524,cap-session-0524,cap-req-0524-p,cap-corr-0524-p,/v1/profile/prefill,GET,200,204,4.8.0
2025-05-27T10:08:01.250000Z,cap-app-0525,cap-session-0525,cap-req-0525,cap-corr-0525,/v1/identity/verify,POST,422,680,4.8.0
2025-05-27T10:08:00.300000Z,cap-app-0525,cap-session-0525,cap-req-0525-p,cap-corr-0525-p,/v1/profile/prefill,GET,200,205,4.8.0
2025-05-27T10:25:01.250000Z,cap-app-0526,cap-session-0526,cap-req-0526,cap-corr-0526,/v1/identity/verify,POST,504,3680,4.8.0
2025-05-27T10:25:00.300000Z,cap-app-0526,cap-session-0526,cap-req-0526-p,cap-corr-0526-p,/v1/profile/prefill,GET,200,206,4.8.0
2025-05-27T10:42:01.250000Z,cap-app-0527,cap-session-0527,cap-req-0527,cap-corr-0527,/v1/identity/verify,POST,200,3960,4.8.0
2025-05-27T10:42:00.300000Z,cap-app-0527,cap-session-0527,cap-req-0527-p,cap-corr-0527-p,/v1/profile/prefill,GET,503,207,4.8.0
2025-05-27T10:59:01.250000Z,cap-app-0528,cap-session-0528,cap-req-0528,cap-corr-0528,/v1/identity/verify,POST,200,785,4.8.0
2025-05-27T10:59:00.300000Z,cap-app-0528,cap-session-0528,cap-req-0528-p,cap-corr-0528-p,/v1/profile/prefill,GET,200,208,4.8.0
2025-05-27T11:16:01.250000Z,cap-app-0529,cap-session-0529,cap-req-0529,cap-corr-0529,/v1/identity/verify,POST,200,820,4.8.0
2025-05-27T11:16:00.300000Z,cap-app-0529,cap-session-0529,cap-req-0529-p,cap-corr-0529-p,/v1/profile/prefill,GET,200,209,4.8.0
2025-05-27T11:33:01.250000Z,cap-app-0530,cap-session-0530,cap-req-0530,cap-corr-0530,/v1/identity/verify,POST,200,855,4.8.0
2025-05-27T11:33:00.300000Z,cap-app-0530,cap-session-0530,cap-req-0530-p,cap-corr-0530-p,/v1/profile/prefill,GET,200,210,4.8.0
2025-05-27T11:50:01.250000Z,cap-app-0531,cap-session-0531,cap-req-0531,cap-corr-0531,/v1/identity/verify,POST,504,3440,4.8.0
2025-05-27T11:50:00.300000Z,cap-app-0531,cap-session-0531,cap-req-0531-p,cap-corr-0531-p,/v1/profile/prefill,GET,200,211,4.8.0
2025-05-27T12:07:01.250000Z,cap-app-0532,cap-session-0532,cap-req-0532,cap-corr-0532,/v1/identity/verify,POST,422,3720,4.8.0
2025-05-27T12:07:00.300000Z,cap-app-0532,cap-session-0532,cap-req-0532-p,cap-corr-0532-p,/v1/profile/prefill,GET,200,212,4.8.0
2025-05-27T12:24:01.250000Z,cap-app-0533,cap-session-0533,cap-req-0533,cap-corr-0533,/v1/identity/verify,POST,200,715,4.8.0
2025-05-27T12:24:00.300000Z,cap-app-0533,cap-session-0533,cap-req-0533-p,cap-corr-0533-p,/v1/profile/prefill,GET,200,213,4.8.0
2025-05-27T12:41:01.250000Z,cap-app-0534,cap-session-0534,cap-req-0534,cap-corr-0534,/v1/identity/verify,POST,200,750,4.8.0
2025-05-27T12:41:00.300000Z,cap-app-0534,cap-session-0534,cap-req-0534-p,cap-corr-0534-p,/v1/profile/prefill,GET,200,214,4.8.0
2025-05-27T12:58:01.250000Z,cap-app-0535,cap-session-0535,cap-req-0535,cap-corr-0535,/v1/identity/verify,POST,200,785,4.8.0
2025-05-27T12:58:00.300000Z,cap-app-0535,cap-session-0535,cap-req-0535-p,cap-corr-0535-p,/v1/profile/prefill,GET,200,215,4.8.0
2025-05-27T13:15:01.250000Z,cap-app-0536,cap-session-0536,cap-req-0536,cap-corr-0536,/v1/identity/verify,POST,200,820,4.8.0
2025-05-27T13:15:00.300000Z,cap-app-0536,cap-session-0536,cap-req-0536-p,cap-corr-0536-p,/v1/profile/prefill,GET,200,216,4.8.0
2025-05-27T13:32:01.250000Z,cap-app-0537,cap-session-0537,cap-req-0537,cap-corr-0537,/v1/identity/verify,POST,200,855,4.8.0
2025-05-27T13:32:00.300000Z,cap-app-0537,cap-session-0537,cap-req-0537-p,cap-corr-0537-p,/v1/profile/prefill,GET,200,217,4.8.0
2025-05-27T13:49:01.250000Z,cap-app-0538,cap-session-0538,cap-req-0538,cap-corr-0538,/v1/identity/verify,POST,200,890,4.8.0
2025-05-27T13:49:00.300000Z,cap-app-0538,cap-session-0538,cap-req-0538-p,cap-corr-0538-p,/v1/profile/prefill,GET,200,218,4.8.0
2025-05-27T14:06:01.250000Z,cap-app-0539,cap-session-0539,cap-req-0539,cap-corr-0539,/v1/identity/verify,POST,200,680,4.8.0
2025-05-27T14:06:00.300000Z,cap-app-0539,cap-session-0539,cap-req-0539-p,cap-corr-0539-p,/v1/profile/prefill,GET,200,219,4.8.0
2025-05-27T14:23:01.250000Z,cap-app-0540,cap-session-0540,cap-req-0540,cap-corr-0540,/v1/identity/verify,POST,200,715,4.8.0
2025-05-27T14:23:00.300000Z,cap-app-0540,cap-session-0540,cap-req-0540-p,cap-corr-0540-p,/v1/profile/prefill,GET,200,220,4.8.0
2025-05-28T09:00:01.250000Z,cap-app-0541,cap-session-0541,cap-req-0541,cap-corr-0541,/v1/identity/verify,POST,200,3800,4.8.0
2025-05-28T09:00:00.300000Z,cap-app-0541,cap-session-0541,cap-req-0541-p,cap-corr-0541-p,/v1/profile/prefill,GET,200,221,4.8.0
2025-05-28T09:17:01.250000Z,cap-app-0542,cap-session-0542,cap-req-0542,cap-corr-0542,/v1/identity/verify,POST,200,785,4.8.0
2025-05-28T09:17:00.300000Z,cap-app-0542,cap-session-0542,cap-req-0542-p,cap-corr-0542-p,/v1/profile/prefill,GET,200,222,4.8.0
2025-05-28T09:34:01.250000Z,cap-app-0543,cap-session-0543,cap-req-0543,cap-corr-0543,/v1/identity/verify,POST,200,820,4.8.0
2025-05-28T09:34:00.300000Z,cap-app-0543,cap-session-0543,cap-req-0543-p,cap-corr-0543-p,/v1/profile/prefill,GET,200,223,4.8.0
2025-05-28T09:51:01.250000Z,cap-app-0544,cap-session-0544,cap-req-0544,cap-corr-0544,/v1/identity/verify,POST,200,855,4.8.0
2025-05-28T09:51:00.300000Z,cap-app-0544,cap-session-0544,cap-req-0544-p,cap-corr-0544-p,/v1/profile/prefill,GET,503,224,4.8.0
2025-05-28T10:08:01.250000Z,cap-app-0545,cap-session-0545,cap-req-0545,cap-corr-0545,/v1/identity/verify,POST,504,3280,4.8.0
2025-05-28T10:08:00.300000Z,cap-app-0545,cap-session-0545,cap-req-0545-p,cap-corr-0545-p,/v1/profile/prefill,GET,200,225,4.8.0
2025-05-28T10:25:01.250000Z,cap-app-0546,cap-session-0546,cap-req-0546,cap-corr-0546,/v1/identity/verify,POST,200,3560,4.8.0
2025-05-28T10:25:00.300000Z,cap-app-0546,cap-session-0546,cap-req-0546-p,cap-corr-0546-p,/v1/profile/prefill,GET,200,226,4.8.0
2025-05-28T10:42:01.250000Z,cap-app-0547,cap-session-0547,cap-req-0547,cap-corr-0547,/v1/identity/verify,POST,200,715,4.8.0
2025-05-28T10:42:00.300000Z,cap-app-0547,cap-session-0547,cap-req-0547-p,cap-corr-0547-p,/v1/profile/prefill,GET,200,227,4.8.0
2025-05-28T10:59:01.250000Z,cap-app-0548,cap-session-0548,cap-req-0548,cap-corr-0548,/v1/identity/verify,POST,200,750,4.8.0
2025-05-28T10:59:00.300000Z,cap-app-0548,cap-session-0548,cap-req-0548-p,cap-corr-0548-p,/v1/profile/prefill,GET,200,228,4.8.0
2025-05-28T11:16:01.250000Z,cap-app-0549,cap-session-0549,cap-req-0549,cap-corr-0549,/v1/identity/verify,POST,200,785,4.8.0
2025-05-28T11:16:00.300000Z,cap-app-0549,cap-session-0549,cap-req-0549-p,cap-corr-0549-p,/v1/profile/prefill,GET,200,229,4.8.0
2025-05-28T11:33:01.250000Z,cap-app-0550,cap-session-0550,cap-req-0550,cap-corr-0550,/v1/identity/verify,POST,504,3680,4.8.0
2025-05-28T11:33:00.300000Z,cap-app-0550,cap-session-0550,cap-req-0550-p,cap-corr-0550-p,/v1/profile/prefill,GET,200,180,4.8.0
2025-05-28T11:50:01.250000Z,cap-app-0551,cap-session-0551,cap-req-0551,cap-corr-0551,/v1/identity/verify,POST,422,3960,4.8.0
2025-05-28T11:50:00.300000Z,cap-app-0551,cap-session-0551,cap-req-0551-p,cap-corr-0551-p,/v1/profile/prefill,GET,200,181,4.8.0
2025-05-28T12:07:01.250000Z,cap-app-0552,cap-session-0552,cap-req-0552,cap-corr-0552,/v1/identity/verify,POST,200,890,4.8.0
2025-05-28T12:07:00.300000Z,cap-app-0552,cap-session-0552,cap-req-0552-p,cap-corr-0552-p,/v1/profile/prefill,GET,200,182,4.8.0
2025-05-28T12:24:01.250000Z,cap-app-0553,cap-session-0553,cap-req-0553,cap-corr-0553,/v1/identity/verify,POST,200,680,4.8.0
2025-05-28T12:24:00.300000Z,cap-app-0553,cap-session-0553,cap-req-0553-p,cap-corr-0553-p,/v1/profile/prefill,GET,200,183,4.8.0
2025-05-28T12:41:01.250000Z,cap-app-0554,cap-session-0554,cap-req-0554,cap-corr-0554,/v1/identity/verify,POST,200,715,4.8.0
2025-05-28T12:41:00.300000Z,cap-app-0554,cap-session-0554,cap-req-0554-p,cap-corr-0554-p,/v1/profile/prefill,GET,200,184,4.8.0
2025-05-28T12:58:01.250000Z,cap-app-0555,cap-session-0555,cap-req-0555,cap-corr-0555,/v1/identity/verify,POST,200,750,4.8.0
2025-05-28T12:58:00.300000Z,cap-app-0555,cap-session-0555,cap-req-0555-p,cap-corr-0555-p,/v1/profile/prefill,GET,200,185,4.8.0
2025-05-28T13:15:01.250000Z,cap-app-0556,cap-session-0556,cap-req-0556,cap-corr-0556,/v1/identity/verify,POST,200,785,4.8.0
2025-05-28T13:15:00.300000Z,cap-app-0556,cap-session-0556,cap-req-0556-p,cap-corr-0556-p,/v1/profile/prefill,GET,200,186,4.8.0
2025-05-28T13:32:01.250000Z,cap-app-0557,cap-session-0557,cap-req-0557,cap-corr-0557,/v1/identity/verify,POST,200,820,4.8.0
2025-05-28T13:32:00.300000Z,cap-app-0557,cap-session-0557,cap-req-0557-p,cap-corr-0557-p,/v1/profile/prefill,GET,200,187,4.8.0
2025-05-28T13:49:01.250000Z,cap-app-0558,cap-session-0558,cap-req-0558,cap-corr-0558,/v1/identity/verify,POST,200,855,4.8.0
2025-05-28T13:49:00.300000Z,cap-app-0558,cap-session-0558,cap-req-0558-p,cap-corr-0558-p,/v1/profile/prefill,GET,200,188,4.8.0
2025-05-28T14:06:01.250000Z,cap-app-0559,cap-session-0559,cap-req-0559,cap-corr-0559,/v1/identity/verify,POST,200,890,4.8.0
2025-05-28T14:06:00.300000Z,cap-app-0559,cap-session-0559,cap-req-0559-p,cap-corr-0559-p,/v1/profile/prefill,GET,200,189,4.8.0
2025-05-28T14:23:01.250000Z,cap-app-0560,cap-session-0560,cap-req-0560,cap-corr-0560,/v1/identity/verify,POST,200,680,4.8.0
2025-05-28T14:23:00.300000Z,cap-app-0560,cap-session-0560,cap-req-0560-p,cap-corr-0560-p,/v1/profile/prefill,GET,200,190,4.8.0
