event_id,timestamp,session_id,anonymous_or_synthetic_member_id,channel,device_type,event_name,page_or_feature,outcome,duration_ms,source_system
evt-00001,2025-01-06T09:00:00Z,d01-app-01,synthetic-member-d01-app-01,web,desktop,page_view,account_opening,success,420,member_web
evt-00002,2025-01-06T09:01:00Z,d01-app-01,synthetic-member-d01-app-01,web,desktop,application_started,account_opening,success,900,account_opening
evt-00003,2025-01-06T09:02:00Z,d01-app-01,synthetic-member-d01-app-01,Mobile,desktop,identity_verification_started,identity_verification,success,700,identity_provider
evt-00004,2025-01-06T09:03:00Z,d01-app-01,synthetic-member-d01-app-01,web,desktop,identity_verification_completed,identity_verification,success,-50,identity_provider
evt-00005,2025-01-06T09:04:00Z,d01-app-01,synthetic-member-d01-app-01,,desktop,application_submitted,account_opening,success,800,account_opening
evt-00006,not-a-timestamp,d01-app-02,synthetic-member-d01-app-02,web,desktop,page_view,account_opening,success,420,member_web
evt-00007,2025-01-06T09:46:00Z,d01-app-02,synthetic-member-d01-app-02,web,desktop,application_started,account_opening,success,900,account_opening
evt-00008,2025-01-06T09:47:00Z,d01-app-02,synthetic-member-d01-app-02,web,desktop,identity_verification_started,identity_verification,success,700,identity_provider
evt-00009,2025-01-06T09:48:00Z,d01-app-02,synthetic-member-d01-app-02,web,desktop,identity_verification_completed,identity_verification,success,1500,identity_provider
evt-00010,2025-01-06T09:49:00Z,d01-app-02,synthetic-member-d01-app-02,web,desktop,application_submitted,account_opening,success,800,account_opening
evt-00011,2025-01-06T09:50:00Z,d01-app-02,synthetic-member-d01-app-02,web,desktop,application_completed,account_opening,success,1100,account_opening
evt-00012,2025-01-06T10:30:00Z,d01-app-03,synthetic-member-d01-app-03,web,desktop,page_view,account_opening,success,420,member_web
evt-00013,2025-01-06T10:31:00Z,d01-app-03,synthetic-member-d01-app-03,web,desktop,application_started,account_opening,success,900,account_opening
evt-00014,2025-01-06T10:32:00Z,d01-app-03,synthetic-member-d01-app-03,web,desktop,identity_verification_started,identity_verification,success,700,identity_provider
evt-00015,2025-01-06T10:33:00Z,d01-app-03,synthetic-member-d01-app-03,web,desktop,identity_verification_completed,identity_verification,success,1500,identity_provider
evt-00016,2025-01-06T10:34:00Z,d01-app-03,synthetic-member-d01-app-03,web,desktop,application_submitted,account_opening,success,800,account_opening
evt-00017,2025-01-06T10:35:00Z,d01-app-03,synthetic-member-d01-app-03,web,desktop,application_completed,account_opening,success,1100,account_opening
evt-00018,2025-01-06T11:15:00Z,d01-app-04,synthetic-member-d01-app-04,web,desktop,page_view,account_opening,success,420,member_web
evt-00019,2025-01-06T11:16:00Z,d01-app-04,synthetic-member-d01-app-04,web,desktop,application_started,account_opening,success,900,account_opening
evt-00020,2025-01-06T11:17:00Z,d01-app-04,synthetic-member-d01-app-04,web,desktop,identity_verification_started,identity_verification,success,700,identity_provider
evt-00021,2025-01-06T11:18:00Z,d01-app-04,synthetic-member-d01-app-04,web,desktop,identity_verification_completed,identity_verification,success,1500,identity_provider
evt-00022,2025-01-06T11:19:00Z,d01-app-04,synthetic-member-d01-app-04,web,desktop,application_submitted,account_opening,success,800,account_opening
evt-00023,2025-01-06T11:20:00Z,d01-app-04,synthetic-member-d01-app-04,web,desktop,application_completed,account_opening,success,1100,account_opening
evt-00024,2025-01-06T12:00:00Z,d01-app-05,synthetic-member-d01-app-05,web,desktop,page_view,account_opening,success,420,member_web
evt-00025,2025-01-06T12:01:00Z,d01-app-05,synthetic-member-d01-app-05,web,desktop,application_started,account_opening,success,900,account_opening
evt-00026,2025-01-06T12:02:00Z,d01-app-05,synthetic-member-d01-app-05,web,desktop,identity_verification_started,identity_verification,success,700,identity_provider
evt-00027,2025-01-06T12:03:00Z,d01-app-05,synthetic-member-d01-app-05,web,desktop,identity_verification_completed,identity_verification,success,1500,identity_provider
evt-00028,2025-01-06T12:04:00Z,d01-app-05,synthetic-member-d01-app-05,web,desktop,application_submitted,account_opening,success,800,account_opening
evt-00029,2025-01-06T12:05:00Z,d01-app-05,synthetic-member-d01-app-05,web,desktop,application_completed,account_opening,success,1100,account_opening
evt-00030,2025-01-06T12:45:00Z,d01-app-06,synthetic-member-d01-app-06,mobile,phone,page_view,account_opening,success,420,mobile_app
evt-00031,2025-01-06T12:46:00Z,d01-app-06,synthetic-member-d01-app-06,mobile,phone,application_started,account_opening,success,900,account_opening
evt-00032,2025-01-06T12:47:00Z,d01-app-06,synthetic-member-d01-app-06,mobile,phone,identity_verification_started,identity_verification,success,700,identity_provider
evt-00033,2025-01-06T12:48:00Z,d01-app-06,synthetic-member-d01-app-06,mobile,phone,identity_verification_completed,identity_verification,success,1500,identity_provider
evt-00034,2025-01-06T12:49:00Z,d01-app-06,synthetic-member-d01-app-06,mobile,phone,application_submitted,account_opening,success,800,account_opening
evt-00035,2025-01-06T12:50:00Z,d01-app-06,synthetic-member-d01-app-06,mobile,phone,application_completed,account_opening,success,1100,account_opening
evt-00036,2025-01-06T13:30:00Z,d01-app-07,synthetic-member-d01-app-07,mobile,phone,page_view,account_opening,success,420,mobile_app
evt-00037,2025-01-06T13:31:00Z,d01-app-07,synthetic-member-d01-app-07,mobile,phone,application_started,account_opening,success,900,account_opening
evt-00038,2025-01-06T13:32:00Z,d01-app-07,synthetic-member-d01-app-07,mobile,phone,identity_verification_started,identity_verification,success,700,identity_provider
evt-00039,2025-01-06T13:33:00Z,d01-app-07,synthetic-member-d01-app-07,mobile,phone,identity_verification_completed,identity_verification,success,1500,identity_provider
evt-00040,2025-01-06T13:34:00Z,d01-app-07,synthetic-member-d01-app-07,mobile,phone,application_submitted,account_opening,success,800,account_opening
evt-00041,2025-01-06T13:35:00Z,d01-app-07,synthetic-member-d01-app-07,mobile,phone,application_completed,account_opening,success,1100,account_opening
evt-00042,2025-01-06T14:15:00Z,d01-app-08,synthetic-member-d01-app-08,mobile,phone,page_view,account_opening,success,420,mobile_app
evt-00043,2025-01-06T14:16:00Z,d01-app-08,synthetic-member-d01-app-08,mobile,phone,application_started,account_opening,success,900,account_opening
evt-00044,2025-01-06T14:17:00Z,d01-app-08,synthetic-member-d01-app-08,mobile,phone,identity_verification_started,identity_verification,success,700,identity_provider
evt-00045,2025-01-06T14:18:00Z,d01-app-08,synthetic-member-d01-app-08,mobile,phone,identity_verification_completed,identity_verification,success,1500,identity_provider
evt-00046,2025-01-06T14:19:00Z,d01-app-08,synthetic-member-d01-app-08,mobile,phone,application_submitted,account_opening,success,800,account_opening
evt-00047,2025-01-06T14:20:00Z,d01-app-08,synthetic-member-d01-app-08,mobile,phone,application_completed,account_opening,success,1100,account_opening
evt-00048,2025-01-06T15:40:00Z,d01-service,synthetic-member-d01-service,web,desktop,login_success,login,success,380,harbor_api
evt-00049,2025-01-06T15:41:00Z,d01-service,synthetic-member-d01-service,web,desktop,account_view,checking_summary,success,310,harbor_api
evt-00050,2025-01-07T09:00:00Z,d02-app-01,synthetic-member-d02-app-01,web,desktop,page_view,account_opening,success,420,member_web
evt-00051,2025-01-07T09:01:00Z,d02-app-01,synthetic-member-d02-app-01,web,desktop,application_started,account_opening,success,900,account_opening
evt-00052,2025-01-07T09:02:00Z,d02-app-01,synthetic-member-d02-app-01,web,desktop,identity_verification_started,identity_verification,success,700,identity_provider
evt-00053,2025-01-07T09:03:00Z,d02-app-01,synthetic-member-d02-app-01,web,desktop,identity_verification_completed,identity_verification,success,1500,identity_provider
evt-00054,2025-01-07T09:04:00Z,d02-app-01,synthetic-member-d02-app-01,web,desktop,application_submitted,account_opening,success,800,account_opening
evt-00055,2025-01-07T09:05:00Z,d02-app-01,synthetic-member-d02-app-01,web,desktop,application_completed,account_opening,success,1100,account_opening
evt-00056,2025-01-07T09:45:00Z,d02-app-02,synthetic-member-d02-app-02,web,desktop,page_view,account_opening,success,420,member_web
evt-00058,2025-01-07T09:47:00Z,d02-app-02,synthetic-member-d02-app-02,web,desktop,identity_verification_started,identity_verification,success,700,identity_provider
evt-00059,2025-01-07T09:48:00Z,d02-app-02,synthetic-member-d02-app-02,web,desktop,identity_verification_completed,identity_verification,success,1500,identity_provider
evt-00060,2025-01-07T09:49:00Z,d02-app-02,synthetic-member-d02-app-02,web,desktop,application_submitted,account_opening,success,800,account_opening
evt-00061,2025-01-07T09:50:00Z,d02-app-02,synthetic-member-d02-app-02,web,desktop,application_completed,account_opening,success,1100,account_opening
evt-00062,2025-01-07T10:30:00Z,d02-app-03,synthetic-member-d02-app-03,web,desktop,page_view,account_opening,success,420,member_web
evt-00063,2025-01-07T10:31:00Z,d02-app-03,synthetic-member-d02-app-03,web,desktop,application_started,account_opening,success,900,account_opening
evt-00064,2025-01-07T10:32:00Z,d02-app-03,synthetic-member-d02-app-03,web,desktop,identity_verification_started,identity_verification,success,700,identity_provider
evt-00065,2025-01-07T10:33:00Z,d02-app-03,synthetic-member-d02-app-03,web,desktop,identity_verification_completed,identity_verification,success,1500,identity_provider
evt-00066,2025-01-07T10:34:00Z,d02-app-03,synthetic-member-d02-app-03,web,desktop,application_submitted,account_opening,success,800,account_opening
evt-00067,2025-01-07T10:35:00Z,d02-app-03,synthetic-member-d02-app-03,web,desktop,application_completed,account_opening,success,1100,account_opening
evt-00068,2025-01-07T11:15:00Z,d02-app-04,synthetic-member-d02-app-04,web,desktop,page_view,account_opening,success,420,member_web
evt-00069,2025-01-07T11:16:00Z,d02-app-04,synthetic-member-d02-app-04,web,desktop,application_started,account_opening,success,900,account_opening
evt-00070,2025-01-07T11:17:00Z,d02-app-04,synthetic-member-d02-app-04,web,desktop,identity_verification_started,identity_verification,success,700,identity_provider
evt-00071,2025-01-07T11:18:00Z,d02-app-04,synthetic-member-d02-app-04,web,desktop,identity_verification_completed,identity_verification,success,1500,identity_provider
evt-00072,2025-01-07T11:19:00Z,d02-app-04,synthetic-member-d02-app-04,web,desktop,application_submitted,account_opening,success,800,account_opening
evt-00073,2025-01-07T11:20:00Z,d02-app-04,synthetic-member-d02-app-04,web,desktop,application_completed,account_opening,success,1100,account_opening
evt-00074,2025-01-07T12:00:00Z,d02-app-05,synthetic-member-d02-app-05,web,desktop,page_view,account_opening,success,420,member_web
evt-00075,2025-01-07T12:01:00Z,d02-app-05,synthetic-member-d02-app-05,web,desktop,application_started,account_opening,success,900,account_opening
evt-00076,2025-01-07T12:02:00Z,d02-app-05,synthetic-member-d02-app-05,web,desktop,identity_verification_started,identity_verification,success,700,identity_provider
evt-00077,2025-01-07T12:03:00Z,d02-app-05,synthetic-member-d02-app-05,web,desktop,identity_verification_completed,identity_verification,success,1500,identity_provider
evt-00078,2025-01-07T12:04:00Z,d02-app-05,synthetic-member-d02-app-05,web,desktop,application_submitted,account_opening,success,800,account_opening
evt-00079,2025-01-07T12:05:00Z,d02-app-05,synthetic-member-d02-app-05,web,desktop,application_completed,account_opening,success,1100,account_opening
evt-00080,2025-01-07T12:45:00Z,d02-app-06,synthetic-member-d02-app-06,mobile,phone,page_view,account_opening,success,420,mobile_app
evt-00081,2025-01-07T12:46:00Z,d02-app-06,synthetic-member-d02-app-06,mobile,phone,application_started,account_opening,success,900,account_opening
evt-00082,2025-01-07T12:47:00Z,d02-app-06,synthetic-member-d02-app-06,mobile,phone,identity_verification_started,identity_verification,success,700,identity_provider
evt-00083,2025-01-07T12:48:00Z,d02-app-06,synthetic-member-d02-app-06,mobile,phone,identity_verification_completed,identity_verification,success,1500,identity_provider
evt-00084,2025-01-07T12:49:00Z,d02-app-06,synthetic-member-d02-app-06,mobile,phone,application_submitted,account_opening,success,800,account_opening
evt-00085,2025-01-07T12:50:00Z,d02-app-06,synthetic-member-d02-app-06,mobile,phone,application_completed,account_opening,success,1100,account_opening
evt-00086,2025-01-07T13:30:00Z,d02-app-07,synthetic-member-d02-app-07,mobile,phone,page_view,account_opening,success,420,mobile_app
evt-00087,2025-01-07T13:31:00Z,d02-app-07,synthetic-member-d02-app-07,mobile,phone,application_started,account_opening,success,900,account_opening
evt-00088,2025-01-07T13:32:00Z,d02-app-07,synthetic-member-d02-app-07,mobile,phone,identity_verification_started,identity_verification,success,700,identity_provider
evt-00089,2025-01-07T13:33:00Z,d02-app-07,synthetic-member-d02-app-07,mobile,phone,identity_verification_completed,identity_verification,success,1500,identity_provider
evt-00090,2025-01-07T13:34:00Z,d02-app-07,synthetic-member-d02-app-07,mobile,phone,application_submitted,account_opening,success,800,account_opening
evt-00091,2025-01-07T13:35:00Z,d02-app-07,synthetic-member-d02-app-07,mobile,phone,application_completed,account_opening,success,1100,account_opening
evt-00092,2025-01-07T14:15:00Z,d02-app-08,synthetic-member-d02-app-08,mobile,phone,page_view,account_opening,success,420,mobile_app
evt-00093,2025-01-07T14:16:00Z,d02-app-08,synthetic-member-d02-app-08,mobile,phone,application_started,account_opening,success,900,account_opening
evt-00094,2025-01-07T14:17:00Z,d02-app-08,synthetic-member-d02-app-08,mobile,phone,identity_verification_started,identity_verification,success,700,identity_provider
evt-00095,2025-01-07T14:18:00Z,d02-app-08,synthetic-member-d02-app-08,mobile,phone,identity_verification_completed,identity_verification,success,1500,identity_provider
evt-00096,2025-01-07T14:19:00Z,d02-app-08,synthetic-member-d02-app-08,mobile,phone,application_submitted,account_opening,success,800,account_opening
evt-00097,2025-01-07T14:20:00Z,d02-app-08,synthetic-member-d02-app-08,mobile,phone,application_completed,account_opening,success,1100,account_opening
evt-00098,2025-01-07T15:40:00Z,d02-service,synthetic-member-d02-service,mobile,phone,login_success,login,success,380,harbor_api
evt-00099,2025-01-07T15:41:00Z,d02-service,synthetic-member-d02-service,mobile,phone,account_view,checking_summary,success,310,harbor_api
evt-00100,2025-01-08T09:00:00Z,d03-app-01,synthetic-member-d03-app-01,web,desktop,page_view,account_opening,success,420,member_web
evt-00101,2025-01-08T09:01:00Z,d03-app-01,synthetic-member-d03-app-01,web,desktop,application_started,account_opening,success,900,account_opening
evt-00102,2025-01-08T09:02:00Z,d03-app-01,synthetic-member-d03-app-01,web,desktop,identity_verification_started,identity_verification,success,700,identity_provider
evt-00103,2025-01-08T09:03:00Z,d03-app-01,synthetic-member-d03-app-01,web,desktop,identity_verification_completed,identity_verification,success,1500,identity_provider
evt-00104,2025-01-08T09:04:00Z,d03-app-01,synthetic-member-d03-app-01,web,desktop,application_submitted,account_opening,success,800,account_opening
evt-00105,2025-01-08T09:05:00Z,d03-app-01,synthetic-member-d03-app-01,web,desktop,application_completed,account_opening,success,1100,account_opening
evt-00106,2025-01-08T09:45:00Z,d03-app-02,synthetic-member-d03-app-02,web,desktop,page_view,account_opening,success,420,member_web
evt-00107,2025-01-08T09:46:00Z,d03-app-02,synthetic-member-d03-app-02,web,desktop,application_started,account_opening,success,900,account_opening
evt-00108,2025-01-08T09:47:00Z,d03-app-02,synthetic-member-d03-app-02,web,desktop,identity_verification_started,identity_verification,success,700,identity_provider
evt-00109,2025-01-08T09:48:00Z,d03-app-02,synthetic-member-d03-app-02,web,desktop,identity_verification_completed,identity_verification,success,1500,identity_provider
evt-00110,2025-01-08T09:49:00Z,d03-app-02,synthetic-member-d03-app-02,web,desktop,application_submitted,account_opening,success,800,account_opening
evt-00111,2025-01-08T09:50:00Z,d03-app-02,synthetic-member-d03-app-02,web,desktop,application_completed,account_opening,success,1100,account_opening
evt-00112,2025-01-08T10:30:00Z,d03-app-03,synthetic-member-d03-app-03,web,desktop,page_view,account_opening,success,420,member_web
evt-00113,2025-01-08T10:31:00Z,d03-app-03,synthetic-member-d03-app-03,web,desktop,application_started,account_opening,success,900,account_opening
evt-00114,2025-01-08T10:32:00Z,d03-app-03,synthetic-member-d03-app-03,web,desktop,identity_verification_started,identity_verification,success,700,identity_provider
evt-00115,2025-01-08T10:33:00Z,d03-app-03,synthetic-member-d03-app-03,web,desktop,identity_verification_completed,identity_verification,success,1500,identity_provider
evt-00116,2025-01-08T10:34:00Z,d03-app-03,synthetic-member-d03-app-03,web,desktop,application_submitted,account_opening,success,800,account_opening
evt-00117,2025-01-01T00:00:00Z,d03-app-03,synthetic-member-d03-app-03,web,desktop,application_completed,account_opening,success,1100,account_opening
evt-00118,2025-01-08T11:15:00Z,d03-app-04,synthetic-member-d03-app-04,web,desktop,page_view,account_opening,success,420,member_web
evt-00119,2025-01-08T11:16:00Z,d03-app-04,synthetic-member-d03-app-04,web,desktop,application_started,account_opening,success,900,account_opening
evt-00120,2025-01-08T11:17:00Z,d03-app-04,synthetic-member-d03-app-04,web,desktop,identity_verification_started,identity_verification,success,700,identity_provider
evt-00121,2025-01-08T11:18:00Z,d03-app-04,synthetic-member-d03-app-04,web,desktop,identity_verification_completed,identity_verification,success,1500,identity_provider
evt-00122,2025-01-08T11:19:00Z,d03-app-04,synthetic-member-d03-app-04,web,desktop,application_submitted,account_opening,success,800,account_opening
evt-00123,2025-01-08T11:20:00Z,d03-app-04,synthetic-member-d03-app-04,web,desktop,application_completed,account_opening,success,1100,account_opening
evt-00124,2025-01-08T12:00:00Z,d03-app-05,synthetic-member-d03-app-05,web,desktop,page_view,account_opening,success,420,member_web
evt-00125,2025-01-08T12:01:00Z,d03-app-05,synthetic-member-d03-app-05,web,desktop,application_started,account_opening,success,900,account_opening
evt-00126,2025-01-08T12:02:00Z,d03-app-05,synthetic-member-d03-app-05,web,desktop,identity_verification_started,identity_verification,success,700,identity_provider
evt-00127,2025-01-08T12:03:00Z,d03-app-05,synthetic-member-d03-app-05,web,desktop,identity_verification_completed,identity_verification,success,1500,identity_provider
evt-00128,2025-01-08T12:04:00Z,d03-app-05,synthetic-member-d03-app-05,web,desktop,application_submitted,account_opening,success,800,account_opening
evt-00129,2025-01-08T12:05:00Z,d03-app-05,synthetic-member-d03-app-05,web,desktop,application_completed,account_opening,success,1100,account_opening
evt-00130,2025-01-08T12:45:00Z,d03-app-06,synthetic-member-d03-app-06,mobile,phone,page_view,account_opening,success,420,mobile_app
evt-00131,2025-01-08T12:46:00Z,d03-app-06,synthetic-member-d03-app-06,mobile,phone,application_started,account_opening,success,900,account_opening
evt-00132,2025-01-08T12:47:00Z,d03-app-06,synthetic-member-d03-app-06,mobile,phone,identity_verification_started,identity_verification,success,700,identity_provider
evt-00133,2025-01-08T12:48:00Z,d03-app-06,synthetic-member-d03-app-06,mobile,phone,identity_verification_completed,identity_verification,success,1500,identity_provider
evt-00134,2025-01-08T12:49:00Z,d03-app-06,synthetic-member-d03-app-06,mobile,phone,application_submitted,account_opening,success,800,account_opening
evt-00135,2025-01-08T12:50:00Z,d03-app-06,synthetic-member-d03-app-06,mobile,phone,application_completed,account_opening,success,1100,account_opening
evt-00136,2025-01-08T13:30:00Z,d03-app-07,synthetic-member-d03-app-07,mobile,phone,page_view,account_opening,success,420,mobile_app
evt-00137,2025-01-08T13:31:00Z,d03-app-07,synthetic-member-d03-app-07,mobile,phone,application_started,account_opening,success,900,account_opening
evt-00138,2025-01-08T13:32:00Z,d03-app-07,synthetic-member-d03-app-07,mobile,phone,identity_verification_started,identity_verification,success,700,identity_provider
evt-00139,2025-01-08T13:33:00Z,d03-app-07,synthetic-member-d03-app-07,mobile,phone,identity_verification_completed,identity_verification,success,1500,identity_provider
evt-00140,2025-01-08T13:34:00Z,d03-app-07,synthetic-member-d03-app-07,mobile,phone,application_submitted,account_opening,success,800,account_opening
evt-00141,2025-01-08T13:35:00Z,d03-app-07,synthetic-member-d03-app-07,mobile,phone,application_completed,account_opening,success,1100,account_opening
evt-00142,2025-01-08T14:15:00Z,d03-app-08,synthetic-member-d03-app-08,mobile,phone,page_view,account_opening,success,420,mobile_app
evt-00143,2025-01-08T14:16:00Z,d03-app-08,synthetic-member-d03-app-08,mobile,phone,application_started,account_opening,success,900,account_opening
evt-00144,2025-01-08T14:17:00Z,d03-app-08,synthetic-member-d03-app-08,mobile,phone,identity_verification_started,identity_verification,success,700,identity_provider
evt-00145,2025-01-08T14:18:00Z,d03-app-08,synthetic-member-d03-app-08,mobile,phone,identity_verification_completed,identity_verification,success,1500,identity_provider
evt-00146,2025-01-08T14:19:00Z,d03-app-08,synthetic-member-d03-app-08,mobile,phone,application_submitted,account_opening,success,800,account_opening
evt-00147,2025-01-08T14:20:00Z,d03-app-08,synthetic-member-d03-app-08,mobile,phone,application_completed,account_opening,success,1100,account_opening
evt-00148,2025-01-08T15:40:00Z,d03-service,synthetic-member-d03-service,web,desktop,login_success,login,success,380,harbor_api
evt-00149,2025-01-08T15:41:00Z,d03-service,synthetic-member-d03-service,web,desktop,account_view,checking_summary,success,310,harbor_api
evt-00150,2025-01-09T09:00:00Z,d04-app-01,synthetic-member-d04-app-01,web,desktop,page_view,account_opening,success,420,member_web
evt-00151,2025-01-09T09:01:00Z,d04-app-01,synthetic-member-d04-app-01,web,desktop,application_started,account_opening,success,900,account_opening
evt-00152,2025-01-09T09:02:00Z,d04-app-01,synthetic-member-d04-app-01,web,desktop,identity_verification_started,identity_verification,success,700,identity_provider
evt-00153,2025-01-09T09:03:00Z,d04-app-01,synthetic-member-d04-app-01,web,desktop,identity_verification_completed,identity_verification,success,1500,identity_provider
evt-00154,2025-01-09T09:04:00Z,d04-app-01,synthetic-member-d04-app-01,web,desktop,application_submitted,account_opening,success,800,account_opening
evt-00155,2025-01-09T09:05:00Z,d04-app-01,synthetic-member-d04-app-01,web,desktop,application_completed,account_opening,success,1100,account_opening
evt-00156,2025-01-09T09:45:00Z,d04-app-02,synthetic-member-d04-app-02,web,desktop,page_view,account_opening,success,420,member_web
evt-00157,2025-01-09T09:46:00Z,d04-app-02,synthetic-member-d04-app-02,web,desktop,application_started,account_opening,success,900,account_opening
evt-00158,2025-01-09T09:47:00Z,d04-app-02,synthetic-member-d04-app-02,web,desktop,identity_verification_started,identity_verification,success,700,identity_provider
evt-00159,2025-01-09T09:48:00Z,d04-app-02,synthetic-member-d04-app-02,web,desktop,identity_verification_completed,identity_verification,success,1500,identity_provider
evt-00160,2025-01-09T09:49:00Z,d04-app-02,synthetic-member-d04-app-02,web,desktop,application_submitted,account_opening,success,800,account_opening
evt-00161,2025-01-09T09:50:00Z,d04-app-02,synthetic-member-d04-app-02,web,desktop,application_completed,account_opening,success,1100,account_opening
evt-00162,2025-01-09T10:30:00Z,d04-app-03,synthetic-member-d04-app-03,web,desktop,page_view,account_opening,success,420,member_web
evt-00163,2025-01-09T10:31:00Z,d04-app-03,synthetic-member-d04-app-03,web,desktop,application_started,account_opening,success,900,account_opening
evt-00164,2025-01-09T10:32:00Z,d04-app-03,synthetic-member-d04-app-03,web,desktop,identity_verification_started,identity_verification,success,700,identity_provider
evt-00165,2025-01-09T10:33:00Z,d04-app-03,synthetic-member-d04-app-03,web,desktop,identity_verification_completed,identity_verification,success,1500,identity_provider
evt-00166,2025-01-09T10:34:00Z,d04-app-03,synthetic-member-d04-app-03,web,desktop,application_submitted,account_opening,success,800,account_opening
evt-00167,2025-01-09T10:35:00Z,d04-app-03,synthetic-member-d04-app-03,web,desktop,application_completed,account_opening,success,1100,account_opening
evt-00168,2025-01-09T11:15:00Z,d04-app-04,synthetic-member-d04-app-04,web,desktop,page_view,account_opening,success,420,member_web
evt-00169,2025-01-09T11:16:00Z,d04-app-04,synthetic-member-d04-app-04,web,desktop,application_started,account_opening,success,900,account_opening
evt-00170,2025-01-09T11:17:00Z,d04-app-04,synthetic-member-d04-app-04,web,desktop,identity_verification_started,identity_verification,success,700,identity_provider
evt-00171,2025-01-09T11:18:00Z,d04-app-04,synthetic-member-d04-app-04,web,desktop,identity_verification_completed,identity_verification,success,1500,identity_provider
evt-00172,2025-01-09T11:19:00Z,d04-app-04,synthetic-member-d04-app-04,web,desktop,application_submitted,account_opening,success,800,account_opening
evt-00173,2025-01-09T11:20:00Z,d04-app-04,synthetic-member-d04-app-04,web,desktop,application_completed,account_opening,success,1100,account_opening
evt-00174,2025-01-09T12:00:00Z,d04-app-05,synthetic-member-d04-app-05,web,desktop,page_view,account_opening,success,420,member_web
evt-00175,2025-01-09T12:01:00Z,d04-app-05,synthetic-member-d04-app-05,web,desktop,application_started,account_opening,success,900,account_opening
evt-00176,2025-01-09T12:02:00Z,d04-app-05,synthetic-member-d04-app-05,web,desktop,identity_verification_started,identity_verification,success,700,identity_provider
evt-00177,2025-01-09T12:03:00Z,d04-app-05,synthetic-member-d04-app-05,web,desktop,identity_verification_completed,identity_verification,success,1500,identity_provider
evt-00178,2025-01-09T12:04:00Z,d04-app-05,synthetic-member-d04-app-05,web,desktop,application_submitted,account_opening,success,800,account_opening
evt-00179,2025-01-09T12:05:00Z,d04-app-05,synthetic-member-d04-app-05,web,desktop,application_completed,account_opening,success,1100,account_opening
evt-00180,2025-01-09T12:45:00Z,d04-app-06,synthetic-member-d04-app-06,mobile,phone,page_view,account_opening,success,420,mobile_app
evt-00181,2025-01-09T12:46:00Z,d04-app-06,synthetic-member-d04-app-06,mobile,phone,application_started,account_opening,success,900,account_opening
evt-00182,2025-01-09T12:47:00Z,d04-app-06,synthetic-member-d04-app-06,mobile,phone,identity_verification_started,identity_verification,success,700,identity_provider
evt-00183,2025-01-09T12:48:00Z,d04-app-06,synthetic-member-d04-app-06,mobile,phone,identity_verification_completed,identity_verification,success,1500,identity_provider
evt-00184,2025-01-09T12:49:00Z,d04-app-06,synthetic-member-d04-app-06,mobile,phone,application_submitted,account_opening,success,800,account_opening
evt-00185,2025-01-09T12:50:00Z,d04-app-06,synthetic-member-d04-app-06,mobile,phone,application_completed,account_opening,success,1100,account_opening
evt-00186,2025-01-09T13:30:00Z,d04-app-07,synthetic-member-d04-app-07,mobile,phone,page_view,account_opening,success,420,mobile_app
evt-00187,2025-01-09T13:31:00Z,d04-app-07,synthetic-member-d04-app-07,mobile,phone,application_started,account_opening,success,900,account_opening
evt-00188,2025-01-09T13:32:00Z,d04-app-07,synthetic-member-d04-app-07,mobile,phone,identity_verification_started,identity_verification,success,700,identity_provider
evt-00189,2025-01-09T13:33:00Z,d04-app-07,synthetic-member-d04-app-07,mobile,phone,identity_verification_completed,identity_verification,success,1500,identity_provider
evt-00190,2025-01-09T13:34:00Z,d04-app-07,synthetic-member-d04-app-07,mobile,phone,application_submitted,account_opening,success,800,account_opening
evt-00191,2025-01-09T13:35:00Z,d04-app-07,synthetic-member-d04-app-07,mobile,phone,application_completed,account_opening,success,1100,account_opening
evt-00192,2025-01-09T14:15:00Z,d04-app-08,synthetic-member-d04-app-08,mobile,phone,page_view,account_opening,success,420,mobile_app
evt-00193,2025-01-09T14:16:00Z,d04-app-08,synthetic-member-d04-app-08,mobile,phone,application_started,account_opening,success,900,account_opening
evt-00194,2025-01-09T14:17:00Z,d04-app-08,synthetic-member-d04-app-08,mobile,phone,identity_verification_started,identity_verification,success,700,identity_provider
evt-00195,2025-01-09T14:18:00Z,d04-app-08,synthetic-member-d04-app-08,mobile,phone,identity_verification_completed,identity_verification,success,1500,identity_provider
evt-00196,2025-01-09T14:19:00Z,d04-app-08,synthetic-member-d04-app-08,mobile,phone,application_submitted,account_opening,success,800,account_opening
evt-00197,2025-01-09T14:20:00Z,d04-app-08,synthetic-member-d04-app-08,mobile,phone,application_completed,account_opening,success,1100,account_opening
evt-00198,2025-01-09T15:40:00Z,d04-service,synthetic-member-d04-service,mobile,phone,login_success,login,success,380,harbor_api
evt-00199,2025-01-09T15:41:00Z,d04-service,synthetic-member-d04-service,mobile,phone,account_view,checking_summary,success,310,harbor_api
evt-00200,2025-01-10T09:00:00Z,d05-app-01,synthetic-member-d05-app-01,web,desktop,page_view,account_opening,success,420,member_web
evt-00201,2025-01-10T09:01:00Z,d05-app-01,synthetic-member-d05-app-01,web,desktop,application_started,account_opening,success,900,account_opening
evt-00202,2025-01-10T09:02:00Z,d05-app-01,synthetic-member-d05-app-01,web,desktop,identity_verification_started,identity_verification,success,700,identity_provider
evt-00203,2025-01-10T09:03:00Z,d05-app-01,synthetic-member-d05-app-01,web,desktop,identity_verification_completed,identity_verification,success,1500,identity_provider
evt-00204,2025-01-10T09:04:00Z,d05-app-01,synthetic-member-d05-app-01,web,desktop,application_submitted,account_opening,success,800,account_opening
evt-00205,2025-01-10T09:05:00Z,d05-app-01,synthetic-member-d05-app-01,web,desktop,application_completed,account_opening,success,1100,account_opening
evt-00206,2025-01-10T09:45:00Z,d05-app-02,synthetic-member-d05-app-02,web,desktop,page_view,account_opening,success,420,member_web
evt-00207,2025-01-10T09:46:00Z,d05-app-02,synthetic-member-d05-app-02,web,desktop,application_started,account_opening,success,900,account_opening
evt-00208,2025-01-10T09:47:00Z,d05-app-02,synthetic-member-d05-app-02,web,desktop,identity_verification_started,identity_verification,success,700,identity_provider
evt-00209,2025-01-10T09:48:00Z,d05-app-02,synthetic-member-d05-app-02,web,desktop,identity_verification_completed,identity_verification,success,1500,identity_provider
evt-00210,2025-01-10T09:49:00Z,d05-app-02,synthetic-member-d05-app-02,web,desktop,application_submitted,account_opening,success,800,account_opening
evt-00211,2025-01-10T09:50:00Z,d05-app-02,synthetic-member-d05-app-02,web,desktop,application_completed,account_opening,success,1100,account_opening
evt-00212,2025-01-10T10:30:00Z,d05-app-03,synthetic-member-d05-app-03,web,desktop,page_view,account_opening,success,420,member_web
evt-00213,2025-01-10T10:31:00Z,d05-app-03,synthetic-member-d05-app-03,web,desktop,application_started,account_opening,success,900,account_opening
evt-00214,2025-01-10T10:32:00Z,d05-app-03,synthetic-member-d05-app-03,web,desktop,identity_verification_started,identity_verification,success,700,identity_provider
evt-00215,2025-01-10T10:33:00Z,d05-app-03,synthetic-member-d05-app-03,web,desktop,identity_verification_completed,identity_verification,success,1500,identity_provider
evt-00216,2025-01-10T10:34:00Z,d05-app-03,synthetic-member-d05-app-03,web,desktop,application_submitted,account_opening,success,800,account_opening
evt-00217,2025-01-10T10:35:00Z,d05-app-03,synthetic-member-d05-app-03,web,desktop,application_completed,account_opening,success,1100,account_opening
evt-00218,2025-01-10T11:15:00Z,d05-app-04,synthetic-member-d05-app-04,web,desktop,page_view,account_opening,success,420,member_web
evt-00219,2025-01-10T11:16:00Z,d05-app-04,synthetic-member-d05-app-04,web,desktop,application_started,account_opening,success,900,account_opening
evt-00220,2025-01-10T11:17:00Z,d05-app-04,synthetic-member-d05-app-04,web,desktop,identity_verification_started,identity_verification,success,700,identity_provider
evt-00221,2025-01-10T11:18:00Z,d05-app-04,synthetic-member-d05-app-04,web,desktop,identity_verification_completed,identity_verification,success,1500,identity_provider
evt-00222,2025-01-10T11:19:00Z,d05-app-04,synthetic-member-d05-app-04,web,desktop,application_submitted,account_opening,success,800,account_opening
evt-00223,2025-01-10T11:20:00Z,d05-app-04,synthetic-member-d05-app-04,web,desktop,application_completed,account_opening,success,1100,account_opening
evt-00224,2025-01-10T12:00:00Z,d05-app-05,synthetic-member-d05-app-05,web,desktop,page_view,account_opening,success,420,member_web
evt-00225,2025-01-10T12:01:00Z,d05-app-05,synthetic-member-d05-app-05,web,desktop,application_started,account_opening,success,900,account_opening
evt-00226,2025-01-10T12:02:00Z,d05-app-05,synthetic-member-d05-app-05,web,desktop,identity_verification_started,identity_verification,success,700,identity_provider
evt-00227,2025-01-10T12:03:00Z,d05-app-05,synthetic-member-d05-app-05,web,desktop,identity_verification_completed,identity_verification,success,1500,identity_provider
evt-00228,2025-01-10T12:04:00Z,d05-app-05,synthetic-member-d05-app-05,web,desktop,application_submitted,account_opening,success,800,account_opening
evt-00229,2025-01-10T12:05:00Z,d05-app-05,synthetic-member-d05-app-05,web,desktop,application_completed,account_opening,success,1100,account_opening
evt-00230,2025-01-10T12:45:00Z,d05-app-06,synthetic-member-d05-app-06,mobile,phone,page_view,account_opening,success,420,mobile_app
evt-00231,2025-01-10T12:46:00Z,d05-app-06,synthetic-member-d05-app-06,mobile,phone,application_started,account_opening,success,900,account_opening
evt-00232,2025-01-10T12:47:00Z,d05-app-06,synthetic-member-d05-app-06,mobile,phone,identity_verification_started,identity_verification,success,700,identity_provider
evt-00233,2025-01-10T12:48:00Z,d05-app-06,synthetic-member-d05-app-06,mobile,phone,identity_verification_completed,identity_verification,success,1500,identity_provider
evt-00234,2025-01-10T12:49:00Z,d05-app-06,synthetic-member-d05-app-06,mobile,phone,application_submitted,account_opening,success,800,account_opening
evt-00235,2025-01-10T12:50:00Z,d05-app-06,synthetic-member-d05-app-06,mobile,phone,application_completed,account_opening,success,1100,account_opening
evt-00236,2025-01-10T13:30:00Z,d05-app-07,synthetic-member-d05-app-07,mobile,phone,page_view,account_opening,success,420,mobile_app
evt-00237,2025-01-10T13:31:00Z,d05-app-07,synthetic-member-d05-app-07,mobile,phone,application_started,account_opening,success,900,account_opening
evt-00238,2025-01-10T13:32:00Z,d05-app-07,synthetic-member-d05-app-07,mobile,phone,identity_verification_started,identity_verification,success,700,identity_provider
evt-00239,2025-01-10T13:33:00Z,d05-app-07,synthetic-member-d05-app-07,mobile,phone,identity_verification_completed,identity_verification,success,1500,identity_provider
evt-00240,2025-01-10T13:34:00Z,d05-app-07,synthetic-member-d05-app-07,mobile,phone,application_submitted,account_opening,success,800,account_opening
evt-00241,2025-01-10T13:35:00Z,d05-app-07,synthetic-member-d05-app-07,mobile,phone,application_completed,account_opening,success,1100,account_opening
evt-00242,2025-01-10T14:15:00Z,d05-app-08,synthetic-member-d05-app-08,mobile,phone,page_view,account_opening,success,420,mobile_app
evt-00243,2025-01-10T14:16:00Z,d05-app-08,synthetic-member-d05-app-08,mobile,phone,application_started,account_opening,success,900,account_opening
evt-00244,2025-01-10T14:17:00Z,d05-app-08,synthetic-member-d05-app-08,mobile,phone,identity_verification_started,identity_verification,success,700,identity_provider
evt-00245,2025-01-10T14:18:00Z,d05-app-08,synthetic-member-d05-app-08,mobile,phone,identity_verification_completed,identity_verification,success,1500,identity_provider
evt-00246,2025-01-10T14:19:00Z,d05-app-08,synthetic-member-d05-app-08,mobile,phone,application_submitted,account_opening,success,800,account_opening
evt-00247,2025-01-10T14:20:00Z,d05-app-08,synthetic-member-d05-app-08,mobile,phone,application_completed,account_opening,success,1100,account_opening
evt-00248,2025-01-10T15:40:00Z,d05-service,synthetic-member-d05-service,web,desktop,login_success,login,success,380,harbor_api
evt-00249,2025-01-10T15:41:00Z,d05-service,synthetic-member-d05-service,web,desktop,account_view,checking_summary,success,310,harbor_api
evt-00250,2025-01-11T09:00:00Z,d06-app-01,synthetic-member-d06-app-01,web,desktop,page_view,account_opening,success,420,member_web
evt-00251,2025-01-11T09:01:00Z,d06-app-01,synthetic-member-d06-app-01,web,desktop,application_started,account_opening,success,900,account_opening
evt-00252,2025-01-11T09:02:00Z,d06-app-01,synthetic-member-d06-app-01,web,desktop,identity_verification_started,identity_verification,success,700,identity_provider
evt-00253,2025-01-11T09:03:00Z,d06-app-01,synthetic-member-d06-app-01,web,desktop,identity_verification_completed,identity_verification,success,1500,identity_provider
evt-00254,2025-01-11T09:04:00Z,d06-app-01,synthetic-member-d06-app-01,web,desktop,application_submitted,account_opening,success,800,account_opening
evt-00255,2025-01-11T09:05:00Z,d06-app-01,synthetic-member-d06-app-01,web,desktop,application_completed,account_opening,success,1100,account_opening
evt-00256,2025-01-11T09:45:00Z,d06-app-02,synthetic-member-d06-app-02,web,desktop,page_view,account_opening,success,420,member_web
evt-00257,2025-01-11T09:46:00Z,d06-app-02,synthetic-member-d06-app-02,web,desktop,application_started,account_opening,success,900,account_opening
evt-00258,2025-01-11T09:47:00Z,d06-app-02,synthetic-member-d06-app-02,web,desktop,identity_verification_started,identity_verification,success,700,identity_provider
evt-00259,2025-01-11T09:48:00Z,d06-app-02,synthetic-member-d06-app-02,web,desktop,identity_verification_completed,identity_verification,success,1500,identity_provider
evt-00260,2025-01-11T09:49:00Z,d06-app-02,synthetic-member-d06-app-02,web,desktop,application_submitted,account_opening,success,800,account_opening
evt-00261,2025-01-11T09:50:00Z,d06-app-02,synthetic-member-d06-app-02,web,desktop,application_completed,account_opening,success,1100,account_opening
evt-00262,2025-01-11T10:30:00Z,d06-app-03,synthetic-member-d06-app-03,web,desktop,page_view,account_opening,success,420,member_web
evt-00263,2025-01-11T10:31:00Z,d06-app-03,synthetic-member-d06-app-03,web,desktop,application_started,account_opening,success,900,account_opening
evt-00264,2025-01-11T10:32:00Z,d06-app-03,synthetic-member-d06-app-03,web,desktop,identity_verification_started,identity_verification,success,700,identity_provider
evt-00265,2025-01-11T10:33:00Z,d06-app-03,synthetic-member-d06-app-03,web,desktop,identity_verification_completed,identity_verification,success,1500,identity_provider
evt-00266,2025-01-11T10:34:00Z,d06-app-03,synthetic-member-d06-app-03,web,desktop,application_submitted,account_opening,success,800,account_opening
evt-00267,2025-01-11T10:35:00Z,d06-app-03,synthetic-member-d06-app-03,web,desktop,application_completed,account_opening,success,1100,account_opening
evt-00268,2025-01-11T11:15:00Z,d06-app-04,synthetic-member-d06-app-04,web,desktop,page_view,account_opening,success,420,member_web
evt-00269,2025-01-11T11:16:00Z,d06-app-04,synthetic-member-d06-app-04,web,desktop,application_started,account_opening,success,900,account_opening
evt-00270,2025-01-11T11:17:00Z,d06-app-04,synthetic-member-d06-app-04,web,desktop,identity_verification_started,identity_verification,success,700,identity_provider
evt-00271,2025-01-11T11:18:00Z,d06-app-04,synthetic-member-d06-app-04,web,desktop,identity_verification_completed,identity_verification,success,1500,identity_provider
evt-00272,2025-01-11T11:19:00Z,d06-app-04,synthetic-member-d06-app-04,web,desktop,application_submitted,account_opening,success,800,account_opening
evt-00273,2025-01-11T11:20:00Z,d06-app-04,synthetic-member-d06-app-04,web,desktop,application_completed,account_opening,success,1100,account_opening
evt-00274,2025-01-11T12:00:00Z,d06-app-05,synthetic-member-d06-app-05,web,desktop,page_view,account_opening,success,420,member_web
evt-00275,2025-01-11T12:01:00Z,d06-app-05,synthetic-member-d06-app-05,web,desktop,application_started,account_opening,success,900,account_opening
evt-00276,2025-01-11T12:02:00Z,d06-app-05,synthetic-member-d06-app-05,web,desktop,identity_verification_started,identity_verification,success,700,identity_provider
evt-00277,2025-01-11T12:03:00Z,d06-app-05,synthetic-member-d06-app-05,web,desktop,identity_verification_completed,identity_verification,success,1500,identity_provider
evt-00278,2025-01-11T12:04:00Z,d06-app-05,synthetic-member-d06-app-05,web,desktop,application_submitted,account_opening,success,800,account_opening
evt-00279,2025-01-11T12:05:00Z,d06-app-05,synthetic-member-d06-app-05,web,desktop,application_completed,account_opening,success,1100,account_opening
evt-00280,2025-01-11T12:45:00Z,d06-app-06,synthetic-member-d06-app-06,mobile,phone,page_view,account_opening,success,420,mobile_app
evt-00281,2025-01-11T12:46:00Z,d06-app-06,synthetic-member-d06-app-06,mobile,phone,application_started,account_opening,success,900,account_opening
evt-00282,2025-01-11T12:47:00Z,d06-app-06,synthetic-member-d06-app-06,mobile,phone,identity_verification_started,identity_verification,success,700,identity_provider
evt-00283,2025-01-11T12:48:00Z,d06-app-06,synthetic-member-d06-app-06,mobile,phone,identity_verification_completed,identity_verification,success,1500,identity_provider
evt-00284,2025-01-11T12:49:00Z,d06-app-06,synthetic-member-d06-app-06,mobile,phone,application_submitted,account_opening,success,800,account_opening
evt-00285,2025-01-11T12:50:00Z,d06-app-06,synthetic-member-d06-app-06,mobile,phone,application_completed,account_opening,success,1100,account_opening
evt-00286,2025-01-11T13:30:00Z,d06-app-07,synthetic-member-d06-app-07,mobile,phone,page_view,account_opening,success,420,mobile_app
evt-00287,2025-01-11T13:31:00Z,d06-app-07,synthetic-member-d06-app-07,mobile,phone,application_started,account_opening,success,900,account_opening
evt-00288,2025-01-11T13:32:00Z,d06-app-07,synthetic-member-d06-app-07,mobile,phone,identity_verification_started,identity_verification,success,700,identity_provider
evt-00289,2025-01-11T13:33:00Z,d06-app-07,synthetic-member-d06-app-07,mobile,phone,identity_verification_completed,identity_verification,success,1500,identity_provider
evt-00290,2025-01-11T13:34:00Z,d06-app-07,synthetic-member-d06-app-07,mobile,phone,application_submitted,account_opening,success,800,account_opening
evt-00291,2025-01-11T13:35:00Z,d06-app-07,synthetic-member-d06-app-07,mobile,phone,application_completed,account_opening,success,1100,account_opening
evt-00292,2025-01-11T14:15:00Z,d06-app-08,synthetic-member-d06-app-08,mobile,phone,page_view,account_opening,success,420,mobile_app
evt-00293,2025-01-11T14:16:00Z,d06-app-08,synthetic-member-d06-app-08,mobile,phone,application_started,account_opening,success,900,account_opening
evt-00294,2025-01-11T14:17:00Z,d06-app-08,synthetic-member-d06-app-08,mobile,phone,identity_verification_started,identity_verification,success,700,identity_provider
evt-00295,2025-01-11T14:18:00Z,d06-app-08,synthetic-member-d06-app-08,mobile,phone,identity_verification_completed,identity_verification,success,1500,identity_provider
evt-00296,2025-01-11T14:19:00Z,d06-app-08,synthetic-member-d06-app-08,mobile,phone,application_submitted,account_opening,success,800,account_opening
evt-00297,2025-01-11T14:20:00Z,d06-app-08,synthetic-member-d06-app-08,mobile,phone,application_completed,account_opening,success,1100,account_opening
evt-00298,2025-01-11T15:40:00Z,d06-service,synthetic-member-d06-service,mobile,phone,login_success,login,success,380,harbor_api
evt-00299,2025-01-11T15:41:00Z,d06-service,synthetic-member-d06-service,mobile,phone,account_view,checking_summary,success,310,harbor_api
evt-00300,2025-01-12T09:00:00Z,d07-app-01,synthetic-member-d07-app-01,web,desktop,page_view,account_opening,success,420,member_web
evt-00301,2025-01-12T09:01:00Z,d07-app-01,synthetic-member-d07-app-01,web,desktop,application_started,account_opening,success,900,account_opening
evt-00302,2025-01-12T09:02:00Z,d07-app-01,synthetic-member-d07-app-01,web,desktop,identity_verification_started,identity_verification,success,700,identity_provider
evt-00303,2025-01-12T09:03:00Z,d07-app-01,synthetic-member-d07-app-01,web,desktop,identity_verification_completed,identity_verification,success,1500,identity_provider
evt-00304,2025-01-12T09:04:00Z,d07-app-01,synthetic-member-d07-app-01,web,desktop,application_submitted,account_opening,success,800,account_opening
evt-00305,2025-01-12T09:05:00Z,d07-app-01,synthetic-member-d07-app-01,web,desktop,application_completed,account_opening,success,1100,account_opening
evt-00306,2025-01-12T09:45:00Z,d07-app-02,synthetic-member-d07-app-02,web,desktop,page_view,account_opening,success,420,member_web
evt-00307,2025-01-12T09:46:00Z,d07-app-02,synthetic-member-d07-app-02,web,desktop,application_started,account_opening,success,900,account_opening
evt-00308,2025-01-12T09:47:00Z,d07-app-02,synthetic-member-d07-app-02,web,desktop,identity_verification_started,identity_verification,success,700,identity_provider
evt-00309,2025-01-12T09:48:00Z,d07-app-02,synthetic-member-d07-app-02,web,desktop,identity_verification_completed,identity_verification,success,1500,identity_provider
evt-00310,2025-01-12T09:49:00Z,d07-app-02,synthetic-member-d07-app-02,web,desktop,application_submitted,account_opening,success,800,account_opening
evt-00311,2025-01-12T09:50:00Z,d07-app-02,synthetic-member-d07-app-02,web,desktop,application_completed,account_opening,success,1100,account_opening
evt-00312,2025-01-12T10:30:00Z,d07-app-03,synthetic-member-d07-app-03,web,desktop,page_view,account_opening,success,420,member_web
evt-00313,2025-01-12T10:31:00Z,d07-app-03,synthetic-member-d07-app-03,web,desktop,application_started,account_opening,success,900,account_opening
evt-00314,2025-01-12T10:32:00Z,d07-app-03,synthetic-member-d07-app-03,web,desktop,identity_verification_started,identity_verification,success,700,identity_provider
evt-00315,2025-01-12T10:33:00Z,d07-app-03,synthetic-member-d07-app-03,web,desktop,identity_verification_completed,identity_verification,success,1500,identity_provider
evt-00316,2025-01-12T10:34:00Z,d07-app-03,synthetic-member-d07-app-03,web,desktop,application_submitted,account_opening,success,800,account_opening
evt-00317,2025-01-12T10:35:00Z,d07-app-03,synthetic-member-d07-app-03,web,desktop,application_completed,account_opening,success,1100,account_opening
evt-00318,2025-01-12T11:15:00Z,d07-app-04,synthetic-member-d07-app-04,web,desktop,page_view,account_opening,success,420,member_web
evt-00319,2025-01-12T11:16:00Z,d07-app-04,synthetic-member-d07-app-04,web,desktop,application_started,account_opening,success,900,account_opening
evt-00320,2025-01-12T11:17:00Z,d07-app-04,synthetic-member-d07-app-04,web,desktop,identity_verification_started,identity_verification,success,700,identity_provider
evt-00321,2025-01-12T11:18:00Z,d07-app-04,synthetic-member-d07-app-04,web,desktop,identity_verification_completed,identity_verification,success,1500,identity_provider
evt-00322,2025-01-12T11:19:00Z,d07-app-04,synthetic-member-d07-app-04,web,desktop,application_submitted,account_opening,success,800,account_opening
evt-00323,2025-01-12T11:20:00Z,d07-app-04,synthetic-member-d07-app-04,web,desktop,application_completed,account_opening,success,1100,account_opening
evt-00324,2025-01-12T12:00:00Z,d07-app-05,synthetic-member-d07-app-05,web,desktop,page_view,account_opening,success,420,member_web
evt-00325,2025-01-12T12:01:00Z,d07-app-05,synthetic-member-d07-app-05,web,desktop,application_started,account_opening,success,900,account_opening
evt-00326,2025-01-12T12:02:00Z,d07-app-05,synthetic-member-d07-app-05,web,desktop,identity_verification_started,identity_verification,success,700,identity_provider
evt-00327,2025-01-12T12:03:00Z,d07-app-05,synthetic-member-d07-app-05,web,desktop,identity_verification_completed,identity_verification,success,1500,identity_provider
evt-00328,2025-01-12T12:04:00Z,d07-app-05,synthetic-member-d07-app-05,web,desktop,application_submitted,account_opening,success,800,account_opening
evt-00329,2025-01-12T12:05:00Z,d07-app-05,synthetic-member-d07-app-05,web,desktop,application_completed,account_opening,success,1100,account_opening
evt-00330,2025-01-12T12:45:00Z,d07-app-06,synthetic-member-d07-app-06,mobile,phone,page_view,account_opening,success,420,mobile_app
evt-00331,2025-01-12T12:46:00Z,d07-app-06,synthetic-member-d07-app-06,mobile,phone,application_started,account_opening,success,900,account_opening
evt-00332,2025-01-12T12:47:00Z,d07-app-06,synthetic-member-d07-app-06,mobile,phone,identity_verification_started,identity_verification,success,700,identity_provider
evt-00333,2025-01-12T12:48:00Z,d07-app-06,synthetic-member-d07-app-06,mobile,phone,identity_verification_completed,identity_verification,success,1500,identity_provider
evt-00334,2025-01-12T12:49:00Z,d07-app-06,synthetic-member-d07-app-06,mobile,phone,application_submitted,account_opening,success,800,account_opening
evt-00335,2025-01-12T12:50:00Z,d07-app-06,synthetic-member-d07-app-06,mobile,phone,application_completed,account_opening,success,1100,account_opening
evt-00336,2025-01-12T13:30:00Z,d07-app-07,synthetic-member-d07-app-07,mobile,phone,page_view,account_opening,success,420,mobile_app
evt-00337,2025-01-12T13:31:00Z,d07-app-07,synthetic-member-d07-app-07,mobile,phone,application_started,account_opening,success,900,account_opening
evt-00338,2025-01-12T13:32:00Z,d07-app-07,synthetic-member-d07-app-07,mobile,phone,identity_verification_started,identity_verification,success,700,identity_provider
evt-00339,2025-01-12T13:33:00Z,d07-app-07,synthetic-member-d07-app-07,mobile,phone,identity_verification_completed,identity_verification,success,1500,identity_provider
evt-00340,2025-01-12T13:34:00Z,d07-app-07,synthetic-member-d07-app-07,mobile,phone,application_submitted,account_opening,success,800,account_opening
evt-00341,2025-01-12T13:35:00Z,d07-app-07,synthetic-member-d07-app-07,mobile,phone,application_completed,account_opening,success,1100,account_opening
evt-00342,2025-01-12T14:15:00Z,d07-app-08,synthetic-member-d07-app-08,mobile,phone,page_view,account_opening,success,420,mobile_app
evt-00343,2025-01-12T14:16:00Z,d07-app-08,synthetic-member-d07-app-08,mobile,phone,application_started,account_opening,success,900,account_opening
evt-00344,2025-01-12T14:17:00Z,d07-app-08,synthetic-member-d07-app-08,mobile,phone,identity_verification_started,identity_verification,success,700,identity_provider
evt-00345,2025-01-12T14:18:00Z,d07-app-08,synthetic-member-d07-app-08,mobile,phone,identity_verification_completed,identity_verification,success,1500,identity_provider
evt-00346,2025-01-12T14:19:00Z,d07-app-08,synthetic-member-d07-app-08,mobile,phone,application_submitted,account_opening,success,800,account_opening
evt-00347,2025-01-12T15:40:00Z,d07-service,synthetic-member-d07-service,web,desktop,login_success,login,success,380,harbor_api
evt-00348,2025-01-12T15:41:00Z,d07-service,synthetic-member-d07-service,web,desktop,account_view,checking_summary,success,310,harbor_api
evt-00349,2025-01-13T09:00:00Z,d08-app-01,synthetic-member-d08-app-01,web,desktop,page_view,account_opening,success,420,member_web
evt-00350,2025-01-13T09:01:00Z,d08-app-01,synthetic-member-d08-app-01,web,desktop,application_started,account_opening,success,900,account_opening
evt-00351,2025-01-13T09:02:00Z,d08-app-01,synthetic-member-d08-app-01,web,desktop,identity_verification_started,identity_verification,success,700,identity_provider
evt-00352,2025-01-13T09:03:00Z,d08-app-01,synthetic-member-d08-app-01,web,desktop,identity_verification_completed,identity_verification,success,1500,identity_provider
evt-00353,2025-01-13T09:04:00Z,d08-app-01,synthetic-member-d08-app-01,web,desktop,application_submitted,account_opening,success,800,account_opening
evt-00354,2025-01-13T09:05:00Z,d08-app-01,synthetic-member-d08-app-01,web,desktop,application_completed,account_opening,success,1100,account_opening
evt-00355,2025-01-13T09:45:00Z,d08-app-02,synthetic-member-d08-app-02,web,desktop,page_view,account_opening,success,420,member_web
evt-00356,2025-01-13T09:46:00Z,d08-app-02,synthetic-member-d08-app-02,web,desktop,application_started,account_opening,success,900,account_opening
evt-00357,2025-01-13T09:47:00Z,d08-app-02,synthetic-member-d08-app-02,web,desktop,identity_verification_started,identity_verification,success,700,identity_provider
evt-00358,2025-01-13T09:48:00Z,d08-app-02,synthetic-member-d08-app-02,web,desktop,identity_verification_completed,identity_verification,success,1500,identity_provider
evt-00359,2025-01-13T09:49:00Z,d08-app-02,synthetic-member-d08-app-02,web,desktop,application_submitted,account_opening,success,800,account_opening
evt-00360,2025-01-13T09:50:00Z,d08-app-02,synthetic-member-d08-app-02,web,desktop,application_completed,account_opening,success,1100,account_opening
evt-00361,2025-01-13T10:30:00Z,d08-app-03,synthetic-member-d08-app-03,web,desktop,page_view,account_opening,success,420,member_web
evt-00362,2025-01-13T10:31:00Z,d08-app-03,synthetic-member-d08-app-03,web,desktop,application_started,account_opening,success,900,account_opening
evt-00363,2025-01-13T10:32:00Z,d08-app-03,synthetic-member-d08-app-03,web,desktop,identity_verification_started,identity_verification,success,700,identity_provider
evt-00364,2025-01-13T10:33:00Z,d08-app-03,synthetic-member-d08-app-03,web,desktop,identity_verification_completed,identity_verification,success,1500,identity_provider
evt-00365,2025-01-13T10:34:00Z,d08-app-03,synthetic-member-d08-app-03,web,desktop,application_submitted,account_opening,success,800,account_opening
evt-00366,2025-01-13T10:35:00Z,d08-app-03,synthetic-member-d08-app-03,web,desktop,application_completed,account_opening,success,1100,account_opening
evt-00367,2025-01-13T11:15:00Z,d08-app-04,synthetic-member-d08-app-04,web,desktop,page_view,account_opening,success,420,member_web
evt-00368,2025-01-13T11:16:00Z,d08-app-04,synthetic-member-d08-app-04,web,desktop,application_started,account_opening,success,900,account_opening
evt-00369,2025-01-13T11:17:00Z,d08-app-04,synthetic-member-d08-app-04,web,desktop,identity_verification_started,identity_verification,success,700,identity_provider
evt-00370,2025-01-13T11:18:00Z,d08-app-04,synthetic-member-d08-app-04,web,desktop,identity_verification_completed,identity_verification,success,1500,identity_provider
evt-00371,2025-01-13T11:19:00Z,d08-app-04,synthetic-member-d08-app-04,web,desktop,application_submitted,account_opening,success,800,account_opening
evt-00372,2025-01-13T11:20:00Z,d08-app-04,synthetic-member-d08-app-04,web,desktop,application_completed,account_opening,success,1100,account_opening
evt-00373,2025-01-13T12:00:00Z,d08-app-05,synthetic-member-d08-app-05,web,desktop,page_view,account_opening,success,420,member_web
evt-00374,2025-01-13T12:01:00Z,d08-app-05,synthetic-member-d08-app-05,web,desktop,application_started,account_opening,success,900,account_opening
evt-00375,2025-01-13T12:02:00Z,d08-app-05,synthetic-member-d08-app-05,web,desktop,identity_verification_started,identity_verification,success,700,identity_provider
evt-00376,2025-01-13T12:03:00Z,d08-app-05,synthetic-member-d08-app-05,web,desktop,identity_verification_completed,identity_verification,success,1500,identity_provider
evt-00377,2025-01-13T12:04:00Z,d08-app-05,synthetic-member-d08-app-05,web,desktop,application_submitted,account_opening,success,800,account_opening
evt-00378,2025-01-13T12:05:00Z,d08-app-05,synthetic-member-d08-app-05,web,desktop,application_completed,account_opening,success,1100,account_opening
evt-00379,2025-01-13T12:45:00Z,d08-app-06,synthetic-member-d08-app-06,mobile,phone,page_view,account_opening,success,420,mobile_app
evt-00380,2025-01-13T12:46:00Z,d08-app-06,synthetic-member-d08-app-06,mobile,phone,application_started,account_opening,success,900,account_opening
evt-00381,2025-01-13T12:47:00Z,d08-app-06,synthetic-member-d08-app-06,mobile,phone,identity_verification_started,identity_verification,success,700,identity_provider
evt-00382,2025-01-13T12:48:00Z,d08-app-06,synthetic-member-d08-app-06,mobile,phone,identity_verification_completed,identity_verification,success,1500,identity_provider
evt-00383,2025-01-13T12:49:00Z,d08-app-06,synthetic-member-d08-app-06,mobile,phone,application_submitted,account_opening,success,800,account_opening
evt-00384,2025-01-13T12:50:00Z,d08-app-06,synthetic-member-d08-app-06,mobile,phone,application_completed,account_opening,success,1100,account_opening
evt-00385,2025-01-13T13:30:00Z,d08-app-07,synthetic-member-d08-app-07,mobile,phone,page_view,account_opening,success,420,mobile_app
evt-00386,2025-01-13T13:31:00Z,d08-app-07,synthetic-member-d08-app-07,mobile,phone,application_started,account_opening,success,900,account_opening
evt-00387,2025-01-13T13:32:00Z,d08-app-07,synthetic-member-d08-app-07,mobile,phone,identity_verification_started,identity_verification,success,700,identity_provider
evt-00388,2025-01-13T13:33:00Z,d08-app-07,synthetic-member-d08-app-07,mobile,phone,identity_verification_completed,identity_verification,success,1500,identity_provider
evt-00389,2025-01-13T13:34:00Z,d08-app-07,synthetic-member-d08-app-07,mobile,phone,application_submitted,account_opening,success,800,account_opening
evt-00390,2025-01-13T14:15:00Z,d08-app-08,synthetic-member-d08-app-08,mobile,phone,page_view,account_opening,success,420,mobile_app
evt-00391,2025-01-13T14:16:00Z,d08-app-08,synthetic-member-d08-app-08,mobile,phone,application_started,account_opening,success,900,account_opening
evt-00392,2025-01-13T14:17:00Z,d08-app-08,synthetic-member-d08-app-08,mobile,phone,identity_verification_started,identity_verification,success,700,identity_provider
evt-00393,2025-01-13T14:18:00Z,d08-app-08,synthetic-member-d08-app-08,mobile,phone,identity_verification_completed,identity_verification,success,1500,identity_provider
evt-00394,2025-01-13T14:19:00Z,d08-app-08,synthetic-member-d08-app-08,mobile,phone,application_submitted,account_opening,success,800,account_opening
evt-00395,2025-01-13T14:20:00Z,d08-app-08,synthetic-member-d08-app-08,mobile,phone,application_completed,account_opening,success,1100,account_opening
evt-00396,2025-01-13T15:40:00Z,d08-service,synthetic-member-d08-service,mobile,phone,login_success,login,success,380,harbor_api
evt-00397,2025-01-13T15:41:00Z,d08-service,synthetic-member-d08-service,mobile,phone,account_view,checking_summary,success,310,harbor_api
evt-00398,2025-01-14T09:00:00Z,d09-app-01,synthetic-member-d09-app-01,web,desktop,page_view,account_opening,success,420,member_web
evt-00399,2025-01-14T09:01:00Z,d09-app-01,synthetic-member-d09-app-01,web,desktop,application_started,account_opening,success,900,account_opening
evt-00400,2025-01-14T09:02:00Z,d09-app-01,synthetic-member-d09-app-01,web,desktop,identity_verification_started,identity_verification,success,700,identity_provider
evt-00401,2025-01-14T09:03:00Z,d09-app-01,synthetic-member-d09-app-01,web,desktop,identity_verification_completed,identity_verification,success,1500,identity_provider
evt-00402,2025-01-14T09:04:00Z,d09-app-01,synthetic-member-d09-app-01,web,desktop,application_submitted,account_opening,success,800,account_opening
evt-00403,2025-01-14T09:05:00Z,d09-app-01,synthetic-member-d09-app-01,web,desktop,application_completed,account_opening,success,1100,account_opening
evt-00404,2025-01-14T09:45:00Z,d09-app-02,synthetic-member-d09-app-02,web,desktop,page_view,account_opening,success,420,member_web
evt-00405,2025-01-14T09:46:00Z,d09-app-02,synthetic-member-d09-app-02,web,desktop,application_started,account_opening,success,900,account_opening
evt-00406,2025-01-14T09:47:00Z,d09-app-02,synthetic-member-d09-app-02,web,desktop,identity_verification_started,identity_verification,success,700,identity_provider
evt-00407,2025-01-14T09:48:00Z,d09-app-02,synthetic-member-d09-app-02,web,desktop,identity_verification_completed,identity_verification,success,1500,identity_provider
evt-00408,2025-01-14T09:49:00Z,d09-app-02,synthetic-member-d09-app-02,web,desktop,application_submitted,account_opening,success,800,account_opening
evt-00409,2025-01-14T09:50:00Z,d09-app-02,synthetic-member-d09-app-02,web,desktop,application_completed,account_opening,success,1100,account_opening
evt-00410,2025-01-14T10:30:00Z,d09-app-03,synthetic-member-d09-app-03,web,desktop,page_view,account_opening,success,420,member_web
evt-00411,2025-01-14T10:31:00Z,d09-app-03,synthetic-member-d09-app-03,web,desktop,application_started,account_opening,success,900,account_opening
evt-00412,2025-01-14T10:32:00Z,d09-app-03,synthetic-member-d09-app-03,web,desktop,identity_verification_started,identity_verification,success,700,identity_provider
evt-00413,2025-01-14T10:33:00Z,d09-app-03,synthetic-member-d09-app-03,web,desktop,identity_verification_completed,identity_verification,success,1500,identity_provider
evt-00414,2025-01-14T10:34:00Z,d09-app-03,synthetic-member-d09-app-03,web,desktop,application_submitted,account_opening,success,800,account_opening
evt-00415,2025-01-14T10:35:00Z,d09-app-03,synthetic-member-d09-app-03,web,desktop,application_completed,account_opening,success,1100,account_opening
evt-00416,2025-01-14T11:15:00Z,d09-app-04,synthetic-member-d09-app-04,web,desktop,page_view,account_opening,success,420,member_web
evt-00417,2025-01-14T11:16:00Z,d09-app-04,synthetic-member-d09-app-04,web,desktop,application_started,account_opening,success,900,account_opening
evt-00418,2025-01-14T11:17:00Z,d09-app-04,synthetic-member-d09-app-04,web,desktop,identity_verification_started,identity_verification,success,700,identity_provider
evt-00419,2025-01-14T11:18:00Z,d09-app-04,synthetic-member-d09-app-04,web,desktop,identity_verification_completed,identity_verification,success,1500,identity_provider
evt-00420,2025-01-14T11:19:00Z,d09-app-04,synthetic-member-d09-app-04,web,desktop,application_submitted,account_opening,success,800,account_opening
evt-00421,2025-01-14T11:20:00Z,d09-app-04,synthetic-member-d09-app-04,web,desktop,application_completed,account_opening,success,1100,account_opening
evt-00422,2025-01-14T12:00:00Z,d09-app-05,synthetic-member-d09-app-05,web,desktop,page_view,account_opening,success,420,member_web
evt-00423,2025-01-14T12:01:00Z,d09-app-05,synthetic-member-d09-app-05,web,desktop,application_started,account_opening,success,900,account_opening
evt-00424,2025-01-14T12:02:00Z,d09-app-05,synthetic-member-d09-app-05,web,desktop,identity_verification_started,identity_verification,success,700,identity_provider
evt-00425,2025-01-14T12:03:00Z,d09-app-05,synthetic-member-d09-app-05,web,desktop,identity_verification_completed,identity_verification,success,1500,identity_provider
evt-00426,2025-01-14T12:04:00Z,d09-app-05,synthetic-member-d09-app-05,web,desktop,application_submitted,account_opening,success,800,account_opening
evt-00427,2025-01-14T12:05:00Z,d09-app-05,synthetic-member-d09-app-05,web,desktop,application_completed,account_opening,success,1100,account_opening
evt-00428,2025-01-14T12:45:00Z,d09-app-06,synthetic-member-d09-app-06,mobile,phone,page_view,account_opening,success,420,mobile_app
evt-00429,2025-01-14T12:46:00Z,d09-app-06,synthetic-member-d09-app-06,mobile,phone,application_started,account_opening,success,900,account_opening
evt-00430,2025-01-14T12:47:00Z,d09-app-06,synthetic-member-d09-app-06,mobile,phone,identity_verification_started,identity_verification,success,700,identity_provider
evt-00431,2025-01-14T12:48:00Z,d09-app-06,synthetic-member-d09-app-06,mobile,phone,identity_verification_completed,identity_verification,success,1500,identity_provider
evt-00432,2025-01-14T12:49:00Z,d09-app-06,synthetic-member-d09-app-06,mobile,phone,application_submitted,account_opening,success,800,account_opening
evt-00433,2025-01-14T13:30:00Z,d09-app-07,synthetic-member-d09-app-07,mobile,phone,page_view,account_opening,success,420,mobile_app
evt-00434,2025-01-14T13:31:00Z,d09-app-07,synthetic-member-d09-app-07,mobile,phone,application_started,account_opening,success,900,account_opening
evt-00435,2025-01-14T13:32:00Z,d09-app-07,synthetic-member-d09-app-07,mobile,phone,identity_verification_started,identity_verification,success,700,identity_provider
evt-00436,2025-01-14T13:33:00Z,d09-app-07,synthetic-member-d09-app-07,mobile,phone,identity_verification_completed,identity_verification,success,1500,identity_provider
evt-00437,2025-01-14T13:34:00Z,d09-app-07,synthetic-member-d09-app-07,mobile,phone,application_submitted,account_opening,success,800,account_opening
evt-00438,2025-01-14T13:35:00Z,d09-app-07,synthetic-member-d09-app-07,mobile,phone,application_completed,account_opening,success,1100,account_opening
evt-00439,2025-01-14T14:15:00Z,d09-app-08,synthetic-member-d09-app-08,mobile,phone,page_view,account_opening,success,420,mobile_app
evt-00440,2025-01-14T14:16:00Z,d09-app-08,synthetic-member-d09-app-08,mobile,phone,application_started,account_opening,success,900,account_opening
evt-00441,2025-01-14T14:17:00Z,d09-app-08,synthetic-member-d09-app-08,mobile,phone,identity_verification_started,identity_verification,success,700,identity_provider
evt-00442,2025-01-14T14:18:00Z,d09-app-08,synthetic-member-d09-app-08,mobile,phone,identity_verification_completed,identity_verification,success,1500,identity_provider
evt-00443,2025-01-14T14:19:00Z,d09-app-08,synthetic-member-d09-app-08,mobile,phone,application_submitted,account_opening,success,800,account_opening
evt-00444,2025-01-14T14:20:00Z,d09-app-08,synthetic-member-d09-app-08,mobile,phone,application_completed,account_opening,success,1100,account_opening
evt-00445,2025-01-14T15:40:00Z,d09-service,synthetic-member-d09-service,web,desktop,login_success,login,success,380,harbor_api
evt-00446,2025-01-14T15:41:00Z,d09-service,synthetic-member-d09-service,web,desktop,account_view,checking_summary,success,310,harbor_api
evt-00447,2025-01-15T09:00:00Z,d10-app-01,synthetic-member-d10-app-01,web,desktop,page_view,account_opening,success,420,member_web
evt-00448,2025-01-15T09:01:00Z,d10-app-01,synthetic-member-d10-app-01,web,desktop,application_started,account_opening,success,900,account_opening
evt-00449,2025-01-15T09:02:00Z,d10-app-01,synthetic-member-d10-app-01,web,desktop,identity_verification_started,identity_verification,success,700,identity_provider
evt-00450,2025-01-15T09:03:00Z,d10-app-01,synthetic-member-d10-app-01,web,desktop,identity_verification_completed,identity_verification,success,1500,identity_provider
evt-00451,2025-01-15T09:04:00Z,d10-app-01,synthetic-member-d10-app-01,web,desktop,application_submitted,account_opening,success,800,account_opening
evt-00452,2025-01-15T09:05:00Z,d10-app-01,synthetic-member-d10-app-01,web,desktop,application_completed,account_opening,success,1100,account_opening
evt-00453,2025-01-15T09:45:00Z,d10-app-02,synthetic-member-d10-app-02,web,desktop,page_view,account_opening,success,420,member_web
evt-00454,2025-01-15T09:46:00Z,d10-app-02,synthetic-member-d10-app-02,web,desktop,application_started,account_opening,success,900,account_opening
evt-00455,2025-01-15T09:47:00Z,d10-app-02,synthetic-member-d10-app-02,web,desktop,identity_verification_started,identity_verification,success,700,identity_provider
evt-00456,2025-01-15T09:48:00Z,d10-app-02,synthetic-member-d10-app-02,web,desktop,identity_verification_completed,identity_verification,success,1500,identity_provider
evt-00457,2025-01-15T09:49:00Z,d10-app-02,synthetic-member-d10-app-02,web,desktop,application_submitted,account_opening,success,800,account_opening
evt-00458,2025-01-15T09:50:00Z,d10-app-02,synthetic-member-d10-app-02,web,desktop,application_completed,account_opening,success,1100,account_opening
evt-00459,2025-01-15T10:30:00Z,d10-app-03,synthetic-member-d10-app-03,web,desktop,page_view,account_opening,success,420,member_web
evt-00460,2025-01-15T10:31:00Z,d10-app-03,synthetic-member-d10-app-03,web,desktop,application_started,account_opening,success,900,account_opening
evt-00461,2025-01-15T10:32:00Z,d10-app-03,synthetic-member-d10-app-03,web,desktop,identity_verification_started,identity_verification,success,700,identity_provider
evt-00462,2025-01-15T10:33:00Z,d10-app-03,synthetic-member-d10-app-03,web,desktop,identity_verification_completed,identity_verification,success,1500,identity_provider
evt-00463,2025-01-15T10:34:00Z,d10-app-03,synthetic-member-d10-app-03,web,desktop,application_submitted,account_opening,success,800,account_opening
evt-00464,2025-01-15T10:35:00Z,d10-app-03,synthetic-member-d10-app-03,web,desktop,application_completed,account_opening,success,1100,account_opening
evt-00465,2025-01-15T11:15:00Z,d10-app-04,synthetic-member-d10-app-04,web,desktop,page_view,account_opening,success,420,member_web
evt-00466,2025-01-15T11:16:00Z,d10-app-04,synthetic-member-d10-app-04,web,desktop,application_started,account_opening,success,900,account_opening
evt-00467,2025-01-15T11:17:00Z,d10-app-04,synthetic-member-d10-app-04,web,desktop,identity_verification_started,identity_verification,success,700,identity_provider
evt-00468,2025-01-15T11:18:00Z,d10-app-04,synthetic-member-d10-app-04,web,desktop,identity_verification_completed,identity_verification,success,1500,identity_provider
evt-00469,2025-01-15T11:19:00Z,d10-app-04,synthetic-member-d10-app-04,web,desktop,application_submitted,account_opening,success,800,account_opening
evt-00470,2025-01-15T11:20:00Z,d10-app-04,synthetic-member-d10-app-04,web,desktop,application_completed,account_opening,success,1100,account_opening
evt-00471,2025-01-15T12:00:00Z,d10-app-05,synthetic-member-d10-app-05,web,desktop,page_view,account_opening,success,420,member_web
evt-00472,2025-01-15T12:01:00Z,d10-app-05,synthetic-member-d10-app-05,web,desktop,application_started,account_opening,success,900,account_opening
evt-00473,2025-01-15T12:02:00Z,d10-app-05,synthetic-member-d10-app-05,web,desktop,identity_verification_started,identity_verification,success,700,identity_provider
evt-00474,2025-01-15T12:03:00Z,d10-app-05,synthetic-member-d10-app-05,web,desktop,identity_verification_completed,identity_verification,success,1500,identity_provider
evt-00475,2025-01-15T12:04:00Z,d10-app-05,synthetic-member-d10-app-05,web,desktop,application_submitted,account_opening,success,800,account_opening
evt-00476,2025-01-15T12:45:00Z,d10-app-06,synthetic-member-d10-app-06,mobile,phone,page_view,account_opening,success,420,mobile_app
evt-00477,2025-01-15T12:46:00Z,d10-app-06,synthetic-member-d10-app-06,mobile,phone,application_started,account_opening,success,900,account_opening
evt-00478,2025-01-15T12:47:00Z,d10-app-06,synthetic-member-d10-app-06,mobile,phone,identity_verification_started,identity_verification,success,700,identity_provider
evt-00479,2025-01-15T12:48:00Z,d10-app-06,synthetic-member-d10-app-06,mobile,phone,identity_verification_completed,identity_verification,success,1500,identity_provider
evt-00480,2025-01-15T12:49:00Z,d10-app-06,synthetic-member-d10-app-06,mobile,phone,application_submitted,account_opening,success,800,account_opening
evt-00481,2025-01-15T12:50:00Z,d10-app-06,synthetic-member-d10-app-06,mobile,phone,application_completed,account_opening,success,1100,account_opening
evt-00482,2025-01-15T13:30:00Z,d10-app-07,synthetic-member-d10-app-07,mobile,phone,page_view,account_opening,success,420,mobile_app
evt-00483,2025-01-15T13:31:00Z,d10-app-07,synthetic-member-d10-app-07,mobile,phone,application_started,account_opening,success,900,account_opening
evt-00484,2025-01-15T13:32:00Z,d10-app-07,synthetic-member-d10-app-07,mobile,phone,identity_verification_started,identity_verification,success,700,identity_provider
evt-00485,2025-01-15T13:33:00Z,d10-app-07,synthetic-member-d10-app-07,mobile,phone,identity_verification_completed,identity_verification,success,1500,identity_provider
evt-00486,2025-01-15T13:34:00Z,d10-app-07,synthetic-member-d10-app-07,mobile,phone,application_submitted,account_opening,success,800,account_opening
evt-00487,2025-01-15T13:35:00Z,d10-app-07,synthetic-member-d10-app-07,mobile,phone,application_completed,account_opening,success,1100,account_opening
evt-00488,2025-01-15T14:15:00Z,d10-app-08,synthetic-member-d10-app-08,mobile,phone,page_view,account_opening,success,420,mobile_app
evt-00489,2025-01-15T14:16:00Z,d10-app-08,synthetic-member-d10-app-08,mobile,phone,application_started,account_opening,success,900,account_opening
evt-00490,2025-01-15T14:17:00Z,d10-app-08,synthetic-member-d10-app-08,mobile,phone,identity_verification_started,identity_verification,success,700,identity_provider
evt-00491,2025-01-15T14:18:00Z,d10-app-08,synthetic-member-d10-app-08,mobile,phone,identity_verification_completed,identity_verification,success,1500,identity_provider
evt-00492,2025-01-15T14:19:00Z,d10-app-08,synthetic-member-d10-app-08,mobile,phone,application_submitted,account_opening,success,800,account_opening
evt-00493,2025-01-15T14:20:00Z,d10-app-08,synthetic-member-d10-app-08,mobile,phone,application_completed,account_opening,success,1100,account_opening
evt-00494,2025-01-15T15:40:00Z,d10-service,synthetic-member-d10-service,mobile,phone,login_success,login,success,380,harbor_api
evt-00495,2025-01-15T15:41:00Z,d10-service,synthetic-member-d10-service,mobile,phone,account_view,checking_summary,success,310,harbor_api
evt-00496,2025-01-16T09:00:00Z,d11-app-01,synthetic-member-d11-app-01,web,desktop,page_view,account_opening,success,420,member_web
evt-00497,2025-01-16T09:01:00Z,d11-app-01,synthetic-member-d11-app-01,web,desktop,application_started,account_opening,success,900,account_opening
evt-00498,2025-01-16T09:02:00Z,d11-app-01,synthetic-member-d11-app-01,web,desktop,identity_verification_started,identity_verification,success,700,identity_provider
evt-00499,2025-01-16T09:03:00Z,d11-app-01,synthetic-member-d11-app-01,web,desktop,identity_verification_completed,identity_verification,success,1500,identity_provider
evt-00500,2025-01-16T09:04:00Z,d11-app-01,synthetic-member-d11-app-01,web,desktop,application_submitted,account_opening,success,800,account_opening
evt-00501,2025-01-16T09:05:00Z,d11-app-01,synthetic-member-d11-app-01,web,desktop,application_completed,account_opening,success,1100,account_opening
evt-00502,2025-01-16T09:45:00Z,d11-app-02,synthetic-member-d11-app-02,web,desktop,page_view,account_opening,success,420,member_web
evt-00503,2025-01-16T09:46:00Z,d11-app-02,synthetic-member-d11-app-02,web,desktop,application_started,account_opening,success,900,account_opening
evt-00504,2025-01-16T09:47:00Z,d11-app-02,synthetic-member-d11-app-02,web,desktop,identity_verification_started,identity_verification,success,700,identity_provider
evt-00505,2025-01-16T09:48:00Z,d11-app-02,synthetic-member-d11-app-02,web,desktop,identity_verification_completed,identity_verification,success,1500,identity_provider
evt-00506,2025-01-16T09:49:00Z,d11-app-02,synthetic-member-d11-app-02,web,desktop,application_submitted,account_opening,success,800,account_opening
evt-00507,2025-01-16T09:50:00Z,d11-app-02,synthetic-member-d11-app-02,web,desktop,application_completed,account_opening,success,1100,account_opening
evt-00508,2025-01-16T10:30:00Z,d11-app-03,synthetic-member-d11-app-03,web,desktop,page_view,account_opening,success,420,member_web
evt-00509,2025-01-16T10:31:00Z,d11-app-03,synthetic-member-d11-app-03,web,desktop,application_started,account_opening,success,900,account_opening
evt-00510,2025-01-16T10:32:00Z,d11-app-03,synthetic-member-d11-app-03,web,desktop,identity_verification_started,identity_verification,success,700,identity_provider
evt-00511,2025-01-16T10:33:00Z,d11-app-03,synthetic-member-d11-app-03,web,desktop,identity_verification_completed,identity_verification,success,1500,identity_provider
evt-00512,2025-01-16T10:34:00Z,d11-app-03,synthetic-member-d11-app-03,web,desktop,application_submitted,account_opening,success,800,account_opening
evt-00513,2025-01-16T10:35:00Z,d11-app-03,synthetic-member-d11-app-03,web,desktop,application_completed,account_opening,success,1100,account_opening
evt-00514,2025-01-16T11:15:00Z,d11-app-04,synthetic-member-d11-app-04,mobile,phone,page_view,account_opening,success,420,mobile_app
evt-00515,2025-01-16T11:16:00Z,d11-app-04,synthetic-member-d11-app-04,mobile,phone,application_started,account_opening,success,900,account_opening
evt-00516,2025-01-16T11:17:00Z,d11-app-04,synthetic-member-d11-app-04,mobile,phone,identity_verification_started,identity_verification,success,700,identity_provider
evt-00517,2025-01-16T11:18:00Z,d11-app-04,synthetic-member-d11-app-04,mobile,phone,identity_verification_completed,identity_verification,success,1500,identity_provider
evt-00518,2025-01-16T11:19:00Z,d11-app-04,synthetic-member-d11-app-04,mobile,phone,application_submitted,account_opening,success,800,account_opening
evt-00519,2025-01-16T12:00:00Z,d11-app-05,synthetic-member-d11-app-05,mobile,phone,page_view,account_opening,success,420,mobile_app
evt-00520,2025-01-16T12:01:00Z,d11-app-05,synthetic-member-d11-app-05,mobile,phone,application_started,account_opening,success,900,account_opening
evt-00521,2025-01-16T12:02:00Z,d11-app-05,synthetic-member-d11-app-05,mobile,phone,identity_verification_started,identity_verification,success,700,identity_provider
evt-00522,2025-01-16T12:03:00Z,d11-app-05,synthetic-member-d11-app-05,mobile,phone,identity_verification_completed,identity_verification,success,1500,identity_provider
evt-00523,2025-01-16T12:04:00Z,d11-app-05,synthetic-member-d11-app-05,mobile,phone,application_submitted,account_opening,success,800,account_opening
evt-00524,2025-01-16T12:05:00Z,d11-app-05,synthetic-member-d11-app-05,mobile,phone,application_completed,account_opening,success,1100,account_opening
evt-00525,2025-01-16T12:45:00Z,d11-app-06,synthetic-member-d11-app-06,mobile,phone,page_view,account_opening,success,420,mobile_app
evt-00526,2025-01-16T12:46:00Z,d11-app-06,synthetic-member-d11-app-06,mobile,phone,application_started,account_opening,success,900,account_opening
evt-00527,2025-01-16T12:47:00Z,d11-app-06,synthetic-member-d11-app-06,mobile,phone,identity_verification_started,identity_verification,success,700,identity_provider
evt-00528,2025-01-16T12:48:00Z,d11-app-06,synthetic-member-d11-app-06,mobile,phone,identity_verification_completed,identity_verification,success,1500,identity_provider
evt-00529,2025-01-16T12:49:00Z,d11-app-06,synthetic-member-d11-app-06,mobile,phone,application_submitted,account_opening,success,800,account_opening
evt-00530,2025-01-16T12:50:00Z,d11-app-06,synthetic-member-d11-app-06,mobile,phone,application_completed,account_opening,success,1100,account_opening
evt-00531,2025-01-16T13:30:00Z,d11-app-07,synthetic-member-d11-app-07,mobile,phone,page_view,account_opening,success,420,mobile_app
evt-00532,2025-01-16T13:31:00Z,d11-app-07,synthetic-member-d11-app-07,mobile,phone,application_started,account_opening,success,900,account_opening
evt-00533,2025-01-16T13:32:00Z,d11-app-07,synthetic-member-d11-app-07,mobile,phone,identity_verification_started,identity_verification,success,700,identity_provider
evt-00534,2025-01-16T13:33:00Z,d11-app-07,synthetic-member-d11-app-07,mobile,phone,identity_verification_completed,identity_verification,success,1500,identity_provider
evt-00535,2025-01-16T13:34:00Z,d11-app-07,synthetic-member-d11-app-07,mobile,phone,application_submitted,account_opening,success,800,account_opening
evt-00536,2025-01-16T13:35:00Z,d11-app-07,synthetic-member-d11-app-07,mobile,phone,application_completed,account_opening,success,1100,account_opening
evt-00537,2025-01-16T14:15:00Z,d11-app-08,synthetic-member-d11-app-08,mobile,phone,page_view,account_opening,success,420,mobile_app
evt-00538,2025-01-16T14:16:00Z,d11-app-08,synthetic-member-d11-app-08,mobile,phone,application_started,account_opening,success,900,account_opening
evt-00539,2025-01-16T14:17:00Z,d11-app-08,synthetic-member-d11-app-08,mobile,phone,identity_verification_started,identity_verification,success,700,identity_provider
evt-00540,2025-01-16T14:18:00Z,d11-app-08,synthetic-member-d11-app-08,mobile,phone,identity_verification_completed,identity_verification,success,1500,identity_provider
evt-00541,2025-01-16T14:19:00Z,d11-app-08,synthetic-member-d11-app-08,mobile,phone,application_submitted,account_opening,success,800,account_opening
evt-00542,2025-01-16T14:20:00Z,d11-app-08,synthetic-member-d11-app-08,mobile,phone,application_completed,account_opening,success,1100,account_opening
evt-00543,2025-01-16T15:40:00Z,d11-service,synthetic-member-d11-service,web,desktop,login_success,login,success,380,harbor_api
evt-00544,2025-01-16T15:41:00Z,d11-service,synthetic-member-d11-service,web,desktop,account_view,checking_summary,success,310,harbor_api
evt-00545,2025-01-17T09:00:00Z,d12-app-01,synthetic-member-d12-app-01,web,desktop,page_view,account_opening,success,420,member_web
evt-00546,2025-01-17T09:01:00Z,d12-app-01,synthetic-member-d12-app-01,web,desktop,application_started,account_opening,success,900,account_opening
evt-00547,2025-01-17T09:02:00Z,d12-app-01,synthetic-member-d12-app-01,web,desktop,identity_verification_started,identity_verification,success,700,identity_provider
evt-00548,2025-01-17T09:03:00Z,d12-app-01,synthetic-member-d12-app-01,web,desktop,identity_verification_completed,identity_verification,success,1500,identity_provider
evt-00549,2025-01-17T09:04:00Z,d12-app-01,synthetic-member-d12-app-01,web,desktop,application_submitted,account_opening,success,800,account_opening
evt-00550,2025-01-17T09:05:00Z,d12-app-01,synthetic-member-d12-app-01,web,desktop,application_completed,account_opening,success,1100,account_opening
evt-00551,2025-01-17T09:45:00Z,d12-app-02,synthetic-member-d12-app-02,web,desktop,page_view,account_opening,success,420,member_web
evt-00552,2025-01-17T09:46:00Z,d12-app-02,synthetic-member-d12-app-02,web,desktop,application_started,account_opening,success,900,account_opening
evt-00553,2025-01-17T09:47:00Z,d12-app-02,synthetic-member-d12-app-02,web,desktop,identity_verification_started,identity_verification,success,700,identity_provider
evt-00554,2025-01-17T09:48:00Z,d12-app-02,synthetic-member-d12-app-02,web,desktop,identity_verification_completed,identity_verification,success,1500,identity_provider
evt-00555,2025-01-17T09:49:00Z,d12-app-02,synthetic-member-d12-app-02,web,desktop,application_submitted,account_opening,success,800,account_opening
evt-00556,2025-01-17T09:50:00Z,d12-app-02,synthetic-member-d12-app-02,web,desktop,application_completed,account_opening,success,1100,account_opening
evt-00557,2025-01-17T10:30:00Z,d12-app-03,synthetic-member-d12-app-03,web,desktop,page_view,account_opening,success,420,member_web
evt-00558,2025-01-17T10:31:00Z,d12-app-03,synthetic-member-d12-app-03,web,desktop,application_started,account_opening,success,900,account_opening
evt-00559,2025-01-17T10:32:00Z,d12-app-03,synthetic-member-d12-app-03,web,desktop,identity_verification_started,identity_verification,success,700,identity_provider
evt-00560,2025-01-17T10:33:00Z,d12-app-03,synthetic-member-d12-app-03,web,desktop,identity_verification_completed,identity_verification,success,1500,identity_provider
evt-00561,2025-01-17T10:34:00Z,d12-app-03,synthetic-member-d12-app-03,web,desktop,application_submitted,account_opening,success,800,account_opening
evt-00562,2025-01-17T11:15:00Z,d12-app-04,synthetic-member-d12-app-04,mobile,phone,page_view,account_opening,success,420,mobile_app
evt-00563,2025-01-17T11:16:00Z,d12-app-04,synthetic-member-d12-app-04,mobile,phone,application_started,account_opening,success,900,account_opening
evt-00564,2025-01-17T11:17:00Z,d12-app-04,synthetic-member-d12-app-04,mobile,phone,identity_verification_started,identity_verification,success,700,identity_provider
evt-00565,2025-01-17T11:18:00Z,d12-app-04,synthetic-member-d12-app-04,mobile,phone,identity_verification_completed,identity_verification,success,1500,identity_provider
evt-00566,2025-01-17T11:19:00Z,d12-app-04,synthetic-member-d12-app-04,mobile,phone,application_submitted,account_opening,success,800,account_opening
evt-00567,2025-01-17T11:20:00Z,d12-app-04,synthetic-member-d12-app-04,mobile,phone,application_completed,account_opening,success,1100,account_opening
evt-00568,2025-01-17T12:00:00Z,d12-app-05,synthetic-member-d12-app-05,mobile,phone,page_view,account_opening,success,420,mobile_app
evt-00569,2025-01-17T12:01:00Z,d12-app-05,synthetic-member-d12-app-05,mobile,phone,application_started,account_opening,success,900,account_opening
evt-00570,2025-01-17T12:02:00Z,d12-app-05,synthetic-member-d12-app-05,mobile,phone,identity_verification_started,identity_verification,success,700,identity_provider
evt-00571,2025-01-17T12:03:00Z,d12-app-05,synthetic-member-d12-app-05,mobile,phone,identity_verification_completed,identity_verification,success,1500,identity_provider
evt-00572,2025-01-17T12:04:00Z,d12-app-05,synthetic-member-d12-app-05,mobile,phone,application_submitted,account_opening,success,800,account_opening
evt-00573,2025-01-17T12:05:00Z,d12-app-05,synthetic-member-d12-app-05,mobile,phone,application_completed,account_opening,success,1100,account_opening
evt-00574,2025-01-17T12:45:00Z,d12-app-06,synthetic-member-d12-app-06,mobile,phone,page_view,account_opening,success,420,mobile_app
evt-00575,2025-01-17T12:46:00Z,d12-app-06,synthetic-member-d12-app-06,mobile,phone,application_started,account_opening,success,900,account_opening
evt-00576,2025-01-17T12:47:00Z,d12-app-06,synthetic-member-d12-app-06,mobile,phone,identity_verification_started,identity_verification,success,700,identity_provider
evt-00577,2025-01-17T12:48:00Z,d12-app-06,synthetic-member-d12-app-06,mobile,phone,identity_verification_completed,identity_verification,success,1500,identity_provider
evt-00578,2025-01-17T12:49:00Z,d12-app-06,synthetic-member-d12-app-06,mobile,phone,application_submitted,account_opening,success,800,account_opening
evt-00579,2025-01-17T12:50:00Z,d12-app-06,synthetic-member-d12-app-06,mobile,phone,application_completed,account_opening,success,1100,account_opening
evt-00580,2025-01-17T13:30:00Z,d12-app-07,synthetic-member-d12-app-07,mobile,phone,page_view,account_opening,success,420,mobile_app
evt-00581,2025-01-17T13:31:00Z,d12-app-07,synthetic-member-d12-app-07,mobile,phone,application_started,account_opening,success,900,account_opening
evt-00582,2025-01-17T13:32:00Z,d12-app-07,synthetic-member-d12-app-07,mobile,phone,identity_verification_started,identity_verification,success,700,identity_provider
evt-00583,2025-01-17T13:33:00Z,d12-app-07,synthetic-member-d12-app-07,mobile,phone,identity_verification_completed,identity_verification,success,1500,identity_provider
evt-00584,2025-01-17T13:34:00Z,d12-app-07,synthetic-member-d12-app-07,mobile,phone,application_submitted,account_opening,success,800,account_opening
evt-00585,2025-01-17T13:35:00Z,d12-app-07,synthetic-member-d12-app-07,mobile,phone,application_completed,account_opening,success,1100,account_opening
evt-00586,2025-01-17T14:15:00Z,d12-app-08,synthetic-member-d12-app-08,mobile,phone,page_view,account_opening,success,420,mobile_app
evt-00587,2025-01-17T14:16:00Z,d12-app-08,synthetic-member-d12-app-08,mobile,phone,application_started,account_opening,success,900,account_opening
evt-00588,2025-01-17T14:17:00Z,d12-app-08,synthetic-member-d12-app-08,mobile,phone,identity_verification_started,identity_verification,success,700,identity_provider
evt-00589,2025-01-17T14:18:00Z,d12-app-08,synthetic-member-d12-app-08,mobile,phone,identity_verification_completed,identity_verification,success,1500,identity_provider
evt-00590,2025-01-17T14:19:00Z,d12-app-08,synthetic-member-d12-app-08,mobile,phone,application_submitted,account_opening,success,800,account_opening
evt-00591,2025-01-17T14:20:00Z,d12-app-08,synthetic-member-d12-app-08,mobile,phone,application_completed,account_opening,success,1100,account_opening
evt-00592,2025-01-17T15:40:00Z,d12-service,synthetic-member-d12-service,mobile,phone,login_success,login,success,380,harbor_api
evt-00593,2025-01-17T15:41:00Z,d12-service,synthetic-member-d12-service,mobile,phone,account_view,checking_summary,success,310,harbor_api
evt-00594,2025-01-18T09:00:00Z,d13-app-01,synthetic-member-d13-app-01,web,desktop,page_view,account_opening,success,420,member_web
evt-00595,2025-01-18T09:01:00Z,d13-app-01,synthetic-member-d13-app-01,web,desktop,application_started,account_opening,success,900,account_opening
evt-00596,2025-01-18T09:02:00Z,d13-app-01,synthetic-member-d13-app-01,web,desktop,identity_verification_started,identity_verification,success,700,identity_provider
evt-00597,2025-01-18T09:03:00Z,d13-app-01,synthetic-member-d13-app-01,web,desktop,identity_verification_completed,identity_verification,success,1500,identity_provider
evt-00598,2025-01-18T09:04:00Z,d13-app-01,synthetic-member-d13-app-01,web,desktop,application_submitted,account_opening,success,800,account_opening
evt-00599,2025-01-18T09:05:00Z,d13-app-01,synthetic-member-d13-app-01,web,desktop,application_completed,account_opening,success,1100,account_opening
evt-00600,2025-01-18T09:45:00Z,d13-app-02,synthetic-member-d13-app-02,web,desktop,page_view,account_opening,success,420,member_web
evt-00601,2025-01-18T09:46:00Z,d13-app-02,synthetic-member-d13-app-02,web,desktop,application_started,account_opening,success,900,account_opening
evt-00602,2025-01-18T09:47:00Z,d13-app-02,synthetic-member-d13-app-02,web,desktop,identity_verification_started,identity_verification,success,700,identity_provider
evt-00603,2025-01-18T09:48:00Z,d13-app-02,synthetic-member-d13-app-02,web,desktop,identity_verification_completed,identity_verification,success,1500,identity_provider
evt-00604,2025-01-18T09:49:00Z,d13-app-02,synthetic-member-d13-app-02,web,desktop,application_submitted,account_opening,success,800,account_opening
evt-00605,2025-01-18T10:30:00Z,d13-app-03,synthetic-member-d13-app-03,web,desktop,page_view,account_opening,success,420,member_web
evt-00606,2025-01-18T10:31:00Z,d13-app-03,synthetic-member-d13-app-03,web,desktop,application_started,account_opening,success,900,account_opening
evt-00607,2025-01-18T10:32:00Z,d13-app-03,synthetic-member-d13-app-03,web,desktop,identity_verification_started,identity_verification,success,700,identity_provider
evt-00608,2025-01-18T10:33:00Z,d13-app-03,synthetic-member-d13-app-03,web,desktop,identity_verification_completed,identity_verification,success,1500,identity_provider
evt-00609,2025-01-18T10:34:00Z,d13-app-03,synthetic-member-d13-app-03,web,desktop,application_submitted,account_opening,success,800,account_opening
evt-00610,2025-01-18T10:35:00Z,d13-app-03,synthetic-member-d13-app-03,web,desktop,application_completed,account_opening,success,1100,account_opening
evt-00611,2025-01-18T11:15:00Z,d13-app-04,synthetic-member-d13-app-04,mobile,phone,page_view,account_opening,success,420,mobile_app
evt-00612,2025-01-18T11:16:00Z,d13-app-04,synthetic-member-d13-app-04,mobile,phone,application_started,account_opening,success,900,account_opening
evt-00613,2025-01-18T11:17:00Z,d13-app-04,synthetic-member-d13-app-04,mobile,phone,identity_verification_started,identity_verification,success,700,identity_provider
evt-00614,2025-01-18T11:18:00Z,d13-app-04,synthetic-member-d13-app-04,mobile,phone,identity_verification_completed,identity_verification,success,1500,identity_provider
evt-00615,2025-01-18T11:19:00Z,d13-app-04,synthetic-member-d13-app-04,mobile,phone,application_submitted,account_opening,success,800,account_opening
evt-00616,2025-01-18T11:20:00Z,d13-app-04,synthetic-member-d13-app-04,mobile,phone,application_completed,account_opening,success,1100,account_opening
evt-00617,2025-01-18T12:00:00Z,d13-app-05,synthetic-member-d13-app-05,mobile,phone,page_view,account_opening,success,420,mobile_app
evt-00618,2025-01-18T12:01:00Z,d13-app-05,synthetic-member-d13-app-05,mobile,phone,application_started,account_opening,success,900,account_opening
evt-00619,2025-01-18T12:02:00Z,d13-app-05,synthetic-member-d13-app-05,mobile,phone,identity_verification_started,identity_verification,success,700,identity_provider
evt-00620,2025-01-18T12:03:00Z,d13-app-05,synthetic-member-d13-app-05,mobile,phone,identity_verification_completed,identity_verification,success,1500,identity_provider
evt-00621,2025-01-18T12:04:00Z,d13-app-05,synthetic-member-d13-app-05,mobile,phone,application_submitted,account_opening,success,800,account_opening
evt-00622,2025-01-18T12:05:00Z,d13-app-05,synthetic-member-d13-app-05,mobile,phone,application_completed,account_opening,success,1100,account_opening
evt-00623,2025-01-18T12:45:00Z,d13-app-06,synthetic-member-d13-app-06,mobile,phone,page_view,account_opening,success,420,mobile_app
evt-00624,2025-01-18T12:46:00Z,d13-app-06,synthetic-member-d13-app-06,mobile,phone,application_started,account_opening,success,900,account_opening
evt-00625,2025-01-18T12:47:00Z,d13-app-06,synthetic-member-d13-app-06,mobile,phone,identity_verification_started,identity_verification,success,700,identity_provider
evt-00626,2025-01-18T12:48:00Z,d13-app-06,synthetic-member-d13-app-06,mobile,phone,identity_verification_completed,identity_verification,success,1500,identity_provider
evt-00627,2025-01-18T12:49:00Z,d13-app-06,synthetic-member-d13-app-06,mobile,phone,application_submitted,account_opening,success,800,account_opening
evt-00628,2025-01-18T12:50:00Z,d13-app-06,synthetic-member-d13-app-06,mobile,phone,application_completed,account_opening,success,1100,account_opening
evt-00629,2025-01-18T13:30:00Z,d13-app-07,synthetic-member-d13-app-07,mobile,phone,page_view,account_opening,success,420,mobile_app
evt-00630,2025-01-18T13:31:00Z,d13-app-07,synthetic-member-d13-app-07,mobile,phone,application_started,account_opening,success,900,account_opening
evt-00631,2025-01-18T13:32:00Z,d13-app-07,synthetic-member-d13-app-07,mobile,phone,identity_verification_started,identity_verification,success,700,identity_provider
evt-00632,2025-01-18T13:33:00Z,d13-app-07,synthetic-member-d13-app-07,mobile,phone,identity_verification_completed,identity_verification,success,1500,identity_provider
evt-00633,2025-01-18T13:34:00Z,d13-app-07,synthetic-member-d13-app-07,mobile,phone,application_submitted,account_opening,success,800,account_opening
evt-00634,2025-01-18T13:35:00Z,d13-app-07,synthetic-member-d13-app-07,mobile,phone,application_completed,account_opening,success,1100,account_opening
evt-00635,2025-01-18T14:15:00Z,d13-app-08,synthetic-member-d13-app-08,mobile,phone,page_view,account_opening,success,420,mobile_app
evt-00636,2025-01-18T14:16:00Z,d13-app-08,synthetic-member-d13-app-08,mobile,phone,application_started,account_opening,success,900,account_opening
evt-00637,2025-01-18T14:17:00Z,d13-app-08,synthetic-member-d13-app-08,mobile,phone,identity_verification_started,identity_verification,success,700,identity_provider
evt-00638,2025-01-18T14:18:00Z,d13-app-08,synthetic-member-d13-app-08,mobile,phone,identity_verification_completed,identity_verification,success,1500,identity_provider
evt-00639,2025-01-18T14:19:00Z,d13-app-08,synthetic-member-d13-app-08,mobile,phone,application_submitted,account_opening,success,800,account_opening
evt-00640,2025-01-18T14:20:00Z,d13-app-08,synthetic-member-d13-app-08,mobile,phone,application_completed,account_opening,success,1100,account_opening
evt-00641,2025-01-18T15:40:00Z,d13-service,synthetic-member-d13-service,web,desktop,login_success,login,success,380,harbor_api
evt-00642,2025-01-18T15:41:00Z,d13-service,synthetic-member-d13-service,web,desktop,account_view,checking_summary,success,310,harbor_api
evt-00643,2025-01-19T09:00:00Z,d14-app-01,synthetic-member-d14-app-01,web,desktop,page_view,account_opening,success,420,member_web
evt-00644,2025-01-19T09:01:00Z,d14-app-01,synthetic-member-d14-app-01,web,desktop,application_started,account_opening,success,900,account_opening
evt-00645,2025-01-19T09:02:00Z,d14-app-01,synthetic-member-d14-app-01,web,desktop,identity_verification_started,identity_verification,success,700,identity_provider
evt-00646,2025-01-19T09:03:00Z,d14-app-01,synthetic-member-d14-app-01,web,desktop,identity_verification_completed,identity_verification,success,1500,identity_provider
evt-00647,2025-01-19T09:04:00Z,d14-app-01,synthetic-member-d14-app-01,web,desktop,application_submitted,account_opening,success,800,account_opening
evt-00648,2025-01-19T09:45:00Z,d14-app-02,synthetic-member-d14-app-02,web,desktop,page_view,account_opening,success,420,member_web
evt-00649,2025-01-19T09:46:00Z,d14-app-02,synthetic-member-d14-app-02,web,desktop,application_started,account_opening,success,900,account_opening
evt-00650,2025-01-19T09:47:00Z,d14-app-02,synthetic-member-d14-app-02,web,desktop,identity_verification_started,identity_verification,success,700,identity_provider
evt-00651,2025-01-19T09:48:00Z,d14-app-02,synthetic-member-d14-app-02,web,desktop,identity_verification_completed,identity_verification,success,1500,identity_provider
evt-00652,2025-01-19T09:49:00Z,d14-app-02,synthetic-member-d14-app-02,web,desktop,application_submitted,account_opening,success,800,account_opening
evt-00653,2025-01-19T09:50:00Z,d14-app-02,synthetic-member-d14-app-02,web,desktop,application_completed,account_opening,success,1100,account_opening
evt-00654,2025-01-19T10:30:00Z,d14-app-03,synthetic-member-d14-app-03,web,desktop,page_view,account_opening,success,420,member_web
evt-00655,2025-01-19T10:31:00Z,d14-app-03,synthetic-member-d14-app-03,web,desktop,application_started,account_opening,success,900,account_opening
evt-00656,2025-01-19T10:32:00Z,d14-app-03,synthetic-member-d14-app-03,web,desktop,identity_verification_started,identity_verification,success,700,identity_provider
evt-00657,2025-01-19T10:33:00Z,d14-app-03,synthetic-member-d14-app-03,web,desktop,identity_verification_completed,identity_verification,success,1500,identity_provider
evt-00658,2025-01-19T10:34:00Z,d14-app-03,synthetic-member-d14-app-03,web,desktop,application_submitted,account_opening,success,800,account_opening
evt-00659,2025-01-19T10:35:00Z,d14-app-03,synthetic-member-d14-app-03,web,desktop,application_completed,account_opening,success,1100,account_opening
evt-00660,2025-01-19T11:15:00Z,d14-app-04,synthetic-member-d14-app-04,mobile,phone,page_view,account_opening,success,420,mobile_app
evt-00661,2025-01-19T11:16:00Z,d14-app-04,synthetic-member-d14-app-04,mobile,phone,application_started,account_opening,success,900,account_opening
evt-00662,2025-01-19T11:17:00Z,d14-app-04,synthetic-member-d14-app-04,mobile,phone,identity_verification_started,identity_verification,success,700,identity_provider
evt-00663,2025-01-19T11:18:00Z,d14-app-04,synthetic-member-d14-app-04,mobile,phone,identity_verification_failed,identity_verification,failure,1400,identity_provider
evt-00664,2025-01-19T12:00:00Z,d14-app-05,synthetic-member-d14-app-05,mobile,phone,page_view,account_opening,success,420,mobile_app
evt-00665,2025-01-19T12:01:00Z,d14-app-05,synthetic-member-d14-app-05,mobile,phone,application_started,account_opening,success,900,account_opening
evt-00666,2025-01-19T12:02:00Z,d14-app-05,synthetic-member-d14-app-05,mobile,phone,identity_verification_started,identity_verification,success,700,identity_provider
evt-00667,2025-01-19T12:03:00Z,d14-app-05,synthetic-member-d14-app-05,mobile,phone,identity_verification_completed,identity_verification,success,1500,identity_provider
evt-00668,2025-01-19T12:04:00Z,d14-app-05,synthetic-member-d14-app-05,mobile,phone,application_submitted,account_opening,success,800,account_opening
evt-00669,2025-01-19T12:05:00Z,d14-app-05,synthetic-member-d14-app-05,mobile,phone,application_completed,account_opening,success,1100,account_opening
evt-00670,2025-01-19T12:45:00Z,d14-app-06,synthetic-member-d14-app-06,mobile,phone,page_view,account_opening,success,420,mobile_app
evt-00671,2025-01-19T12:46:00Z,d14-app-06,synthetic-member-d14-app-06,mobile,phone,application_started,account_opening,success,900,account_opening
evt-00672,2025-01-19T12:47:00Z,d14-app-06,synthetic-member-d14-app-06,mobile,phone,identity_verification_started,identity_verification,success,700,identity_provider
evt-00673,2025-01-19T12:48:00Z,d14-app-06,synthetic-member-d14-app-06,mobile,phone,identity_verification_failed,identity_verification,failure,1400,identity_provider
evt-00674,2025-01-19T13:30:00Z,d14-app-07,synthetic-member-d14-app-07,mobile,phone,page_view,account_opening,success,420,mobile_app
evt-00675,2025-01-19T13:31:00Z,d14-app-07,synthetic-member-d14-app-07,mobile,phone,application_started,account_opening,success,900,account_opening
evt-00676,2025-01-19T13:32:00Z,d14-app-07,synthetic-member-d14-app-07,mobile,phone,identity_verification_started,identity_verification,success,700,identity_provider
evt-00677,2025-01-19T13:33:00Z,d14-app-07,synthetic-member-d14-app-07,mobile,phone,identity_verification_completed,identity_verification,success,1500,identity_provider
evt-00678,2025-01-19T13:34:00Z,d14-app-07,synthetic-member-d14-app-07,mobile,phone,application_submitted,account_opening,success,800,account_opening
evt-00679,2025-01-19T13:35:00Z,d14-app-07,synthetic-member-d14-app-07,mobile,phone,application_completed,account_opening,success,1100,account_opening
evt-00680,2025-01-19T14:15:00Z,d14-app-08,synthetic-member-d14-app-08,mobile,phone,page_view,account_opening,success,420,mobile_app
evt-00681,2025-01-19T14:16:00Z,d14-app-08,synthetic-member-d14-app-08,mobile,phone,application_started,account_opening,success,900,account_opening
evt-00682,2025-01-19T14:17:00Z,d14-app-08,synthetic-member-d14-app-08,mobile,phone,identity_verification_started,identity_verification,success,700,identity_provider
evt-00683,2025-01-19T14:18:00Z,d14-app-08,synthetic-member-d14-app-08,mobile,phone,identity_verification_failed,identity_verification,failure,1400,identity_provider
evt-00684,2025-01-19T15:40:00Z,d14-service,synthetic-member-d14-service,mobile,phone,login_success,login,success,380,harbor_api
evt-00685,2025-01-19T15:41:00Z,d14-service,synthetic-member-d14-service,mobile,phone,account_view,checking_summary,success,310,harbor_api
evt-00686,2025-01-20T09:00:00Z,d15-app-01,synthetic-member-d15-app-01,web,desktop,page_view,account_opening,success,420,member_web
evt-00687,2025-01-20T09:01:00Z,d15-app-01,synthetic-member-d15-app-01,web,desktop,application_started,account_opening,success,900,account_opening
evt-00688,2025-01-20T09:02:00Z,d15-app-01,synthetic-member-d15-app-01,web,desktop,identity_verification_started,identity_verification,success,700,identity_provider
evt-00689,2025-01-20T09:03:00Z,d15-app-01,synthetic-member-d15-app-01,web,desktop,identity_verification_completed,identity_verification,success,1500,identity_provider
evt-00690,2025-01-20T09:04:00Z,d15-app-01,synthetic-member-d15-app-01,web,desktop,application_submitted,account_opening,success,800,account_opening
evt-00691,2025-01-20T09:05:00Z,d15-app-01,synthetic-member-d15-app-01,web,desktop,application_completed,account_opening,success,1100,account_opening
evt-00692,2025-01-20T09:45:00Z,d15-app-02,synthetic-member-d15-app-02,web,desktop,page_view,account_opening,success,420,member_web
evt-00693,2025-01-20T09:46:00Z,d15-app-02,synthetic-member-d15-app-02,web,desktop,application_started,account_opening,success,900,account_opening
evt-00694,2025-01-20T09:47:00Z,d15-app-02,synthetic-member-d15-app-02,web,desktop,identity_verification_started,identity_verification,success,700,identity_provider
evt-00695,2025-01-20T09:48:00Z,d15-app-02,synthetic-member-d15-app-02,web,desktop,identity_verification_completed,identity_verification,success,1500,identity_provider
evt-00696,2025-01-20T09:49:00Z,d15-app-02,synthetic-member-d15-app-02,web,desktop,application_submitted,account_opening,success,800,account_opening
evt-00697,2025-01-20T09:50:00Z,d15-app-02,synthetic-member-d15-app-02,web,desktop,application_completed,account_opening,success,1100,account_opening
evt-00698,2025-01-20T10:30:00Z,d15-app-03,synthetic-member-d15-app-03,web,desktop,page_view,account_opening,success,420,member_web
evt-00699,2025-01-20T10:31:00Z,d15-app-03,synthetic-member-d15-app-03,web,desktop,application_started,account_opening,success,900,account_opening
evt-00700,2025-01-20T10:32:00Z,d15-app-03,synthetic-member-d15-app-03,web,desktop,identity_verification_started,identity_verification,success,700,identity_provider
evt-00701,2025-01-20T10:33:00Z,d15-app-03,synthetic-member-d15-app-03,web,desktop,identity_verification_completed,identity_verification,success,1500,identity_provider
evt-00702,2025-01-20T10:34:00Z,d15-app-03,synthetic-member-d15-app-03,web,desktop,application_submitted,account_opening,success,800,account_opening
evt-00703,2025-01-20T10:35:00Z,d15-app-03,synthetic-member-d15-app-03,web,desktop,application_completed,account_opening,success,1100,account_opening
evt-00704,2025-01-20T11:15:00Z,d15-app-04,synthetic-member-d15-app-04,mobile,phone,page_view,account_opening,success,420,mobile_app
evt-00705,2025-01-20T11:16:00Z,d15-app-04,synthetic-member-d15-app-04,mobile,phone,application_started,account_opening,success,900,account_opening
evt-00706,2025-01-20T11:17:00Z,d15-app-04,synthetic-member-d15-app-04,mobile,phone,identity_verification_started,identity_verification,success,700,identity_provider
evt-00707,2025-01-20T11:18:00Z,d15-app-04,synthetic-member-d15-app-04,mobile,phone,identity_verification_failed,identity_verification,failure,1400,identity_provider
evt-00708,2025-01-20T12:00:00Z,d15-app-05,synthetic-member-d15-app-05,mobile,phone,page_view,account_opening,success,420,mobile_app
evt-00709,2025-01-20T12:01:00Z,d15-app-05,synthetic-member-d15-app-05,mobile,phone,application_started,account_opening,success,900,account_opening
evt-00710,2025-01-20T12:02:00Z,d15-app-05,synthetic-member-d15-app-05,mobile,phone,identity_verification_started,identity_verification,success,700,identity_provider
evt-00711,2025-01-20T12:03:00Z,d15-app-05,synthetic-member-d15-app-05,mobile,phone,identity_verification_completed,identity_verification,success,1500,identity_provider
evt-00712,2025-01-20T12:04:00Z,d15-app-05,synthetic-member-d15-app-05,mobile,phone,application_submitted,account_opening,success,800,account_opening
evt-00713,2025-01-20T12:05:00Z,d15-app-05,synthetic-member-d15-app-05,mobile,phone,application_completed,account_opening,success,1100,account_opening
evt-00714,2025-01-20T12:45:00Z,d15-app-06,synthetic-member-d15-app-06,mobile,phone,page_view,account_opening,success,420,mobile_app
evt-00715,2025-01-20T12:46:00Z,d15-app-06,synthetic-member-d15-app-06,mobile,phone,application_started,account_opening,success,900,account_opening
evt-00716,2025-01-20T12:47:00Z,d15-app-06,synthetic-member-d15-app-06,mobile,phone,identity_verification_started,identity_verification,success,700,identity_provider
evt-00717,2025-01-20T12:48:00Z,d15-app-06,synthetic-member-d15-app-06,mobile,phone,identity_verification_failed,identity_verification,failure,1400,identity_provider
evt-00718,2025-01-20T13:30:00Z,d15-app-07,synthetic-member-d15-app-07,mobile,phone,page_view,account_opening,success,420,mobile_app
evt-00719,2025-01-20T13:31:00Z,d15-app-07,synthetic-member-d15-app-07,mobile,phone,application_started,account_opening,success,900,account_opening
evt-00720,2025-01-20T13:32:00Z,d15-app-07,synthetic-member-d15-app-07,mobile,phone,identity_verification_started,identity_verification,success,700,identity_provider
evt-00721,2025-01-20T13:33:00Z,d15-app-07,synthetic-member-d15-app-07,mobile,phone,identity_verification_completed,identity_verification,success,1500,identity_provider
evt-00722,2025-01-20T13:34:00Z,d15-app-07,synthetic-member-d15-app-07,mobile,phone,application_submitted,account_opening,success,800,account_opening
evt-00723,2025-01-20T13:35:00Z,d15-app-07,synthetic-member-d15-app-07,mobile,phone,application_completed,account_opening,success,1100,account_opening
evt-00724,2025-01-20T14:15:00Z,d15-app-08,synthetic-member-d15-app-08,mobile,phone,page_view,account_opening,success,420,mobile_app
evt-00725,2025-01-20T14:16:00Z,d15-app-08,synthetic-member-d15-app-08,mobile,phone,application_started,account_opening,success,900,account_opening
evt-00726,2025-01-20T14:17:00Z,d15-app-08,synthetic-member-d15-app-08,mobile,phone,identity_verification_started,identity_verification,success,700,identity_provider
evt-00727,2025-01-20T14:18:00Z,d15-app-08,synthetic-member-d15-app-08,mobile,phone,identity_verification_failed,identity_verification,failure,1400,identity_provider
evt-00728,2025-01-20T15:40:00Z,d15-service,synthetic-member-d15-service,web,desktop,login_success,login,success,380,harbor_api
evt-00729,2025-01-20T15:41:00Z,d15-service,synthetic-member-d15-service,web,desktop,account_view,checking_summary,success,310,harbor_api
evt-00730,2025-01-21T09:00:00Z,d16-app-01,synthetic-member-d16-app-01,web,desktop,page_view,account_opening,success,420,member_web
evt-00731,2025-01-21T09:01:00Z,d16-app-01,synthetic-member-d16-app-01,web,desktop,application_started,account_opening,success,900,account_opening
evt-00732,2025-01-21T09:02:00Z,d16-app-01,synthetic-member-d16-app-01,web,desktop,identity_verification_started,identity_verification,success,700,identity_provider
evt-00733,2025-01-21T09:03:00Z,d16-app-01,synthetic-member-d16-app-01,web,desktop,identity_verification_completed,identity_verification,success,1500,identity_provider
evt-00734,2025-01-21T09:04:00Z,d16-app-01,synthetic-member-d16-app-01,web,desktop,application_submitted,account_opening,success,800,account_opening
evt-00735,2025-01-21T09:05:00Z,d16-app-01,synthetic-member-d16-app-01,web,desktop,application_completed,account_opening,success,1100,account_opening
evt-00736,2025-01-21T09:45:00Z,d16-app-02,synthetic-member-d16-app-02,web,desktop,page_view,account_opening,success,420,member_web
evt-00737,2025-01-21T09:46:00Z,d16-app-02,synthetic-member-d16-app-02,web,desktop,application_started,account_opening,success,900,account_opening
evt-00738,2025-01-21T09:47:00Z,d16-app-02,synthetic-member-d16-app-02,web,desktop,identity_verification_started,identity_verification,success,700,identity_provider
evt-00739,2025-01-21T09:48:00Z,d16-app-02,synthetic-member-d16-app-02,web,desktop,identity_verification_completed,identity_verification,success,1500,identity_provider
evt-00740,2025-01-21T09:49:00Z,d16-app-02,synthetic-member-d16-app-02,web,desktop,application_submitted,account_opening,success,800,account_opening
evt-00741,2025-01-21T09:50:00Z,d16-app-02,synthetic-member-d16-app-02,web,desktop,application_completed,account_opening,success,1100,account_opening
evt-00742,2025-01-21T10:30:00Z,d16-app-03,synthetic-member-d16-app-03,web,desktop,page_view,account_opening,success,420,member_web
evt-00743,2025-01-21T10:31:00Z,d16-app-03,synthetic-member-d16-app-03,web,desktop,application_started,account_opening,success,900,account_opening
evt-00744,2025-01-21T10:32:00Z,d16-app-03,synthetic-member-d16-app-03,web,desktop,identity_verification_started,identity_verification,success,700,identity_provider
evt-00745,2025-01-21T10:33:00Z,d16-app-03,synthetic-member-d16-app-03,web,desktop,identity_verification_completed,identity_verification,success,1500,identity_provider
evt-00746,2025-01-21T10:34:00Z,d16-app-03,synthetic-member-d16-app-03,web,desktop,application_submitted,account_opening,success,800,account_opening
evt-00747,2025-01-21T10:35:00Z,d16-app-03,synthetic-member-d16-app-03,web,desktop,application_completed,account_opening,success,1100,account_opening
evt-00748,2025-01-21T11:15:00Z,d16-app-04,synthetic-member-d16-app-04,mobile,phone,page_view,account_opening,success,420,mobile_app
evt-00749,2025-01-21T11:16:00Z,d16-app-04,synthetic-member-d16-app-04,mobile,phone,application_started,account_opening,success,900,account_opening
evt-00750,2025-01-21T11:17:00Z,d16-app-04,synthetic-member-d16-app-04,mobile,phone,identity_verification_started,identity_verification,success,700,identity_provider
evt-00751,2025-01-21T11:18:00Z,d16-app-04,synthetic-member-d16-app-04,mobile,phone,identity_verification_failed,identity_verification,failure,1400,identity_provider
evt-00752,2025-01-21T12:00:00Z,d16-app-05,synthetic-member-d16-app-05,mobile,phone,page_view,account_opening,success,420,mobile_app
evt-00753,2025-01-21T12:01:00Z,d16-app-05,synthetic-member-d16-app-05,mobile,phone,application_started,account_opening,success,900,account_opening
evt-00754,2025-01-21T12:02:00Z,d16-app-05,synthetic-member-d16-app-05,mobile,phone,identity_verification_started,identity_verification,success,700,identity_provider
evt-00755,2025-01-21T12:03:00Z,d16-app-05,synthetic-member-d16-app-05,mobile,phone,identity_verification_completed,identity_verification,success,1500,identity_provider
evt-00756,2025-01-21T12:04:00Z,d16-app-05,synthetic-member-d16-app-05,mobile,phone,application_submitted,account_opening,success,800,account_opening
evt-00757,2025-01-21T12:05:00Z,d16-app-05,synthetic-member-d16-app-05,mobile,phone,application_completed,account_opening,success,1100,account_opening
evt-00758,2025-01-21T12:45:00Z,d16-app-06,synthetic-member-d16-app-06,mobile,phone,page_view,account_opening,success,420,mobile_app
evt-00759,2025-01-21T12:46:00Z,d16-app-06,synthetic-member-d16-app-06,mobile,phone,application_started,account_opening,success,900,account_opening
evt-00760,2025-01-21T12:47:00Z,d16-app-06,synthetic-member-d16-app-06,mobile,phone,identity_verification_started,identity_verification,success,700,identity_provider
evt-00761,2025-01-21T12:48:00Z,d16-app-06,synthetic-member-d16-app-06,mobile,phone,identity_verification_failed,identity_verification,failure,1400,identity_provider
evt-00762,2025-01-21T13:30:00Z,d16-app-07,synthetic-member-d16-app-07,mobile,phone,page_view,account_opening,success,420,mobile_app
evt-00763,2025-01-21T13:31:00Z,d16-app-07,synthetic-member-d16-app-07,mobile,phone,application_started,account_opening,success,900,account_opening
evt-00764,2025-01-21T13:32:00Z,d16-app-07,synthetic-member-d16-app-07,mobile,phone,identity_verification_started,identity_verification,success,700,identity_provider
evt-00765,2025-01-21T13:33:00Z,d16-app-07,synthetic-member-d16-app-07,mobile,phone,identity_verification_completed,identity_verification,success,1500,identity_provider
evt-00766,2025-01-21T13:34:00Z,d16-app-07,synthetic-member-d16-app-07,mobile,phone,application_submitted,account_opening,success,800,account_opening
evt-00767,2025-01-21T13:35:00Z,d16-app-07,synthetic-member-d16-app-07,mobile,phone,application_completed,account_opening,success,1100,account_opening
evt-00768,2025-01-21T14:15:00Z,d16-app-08,synthetic-member-d16-app-08,mobile,phone,page_view,account_opening,success,420,mobile_app
evt-00769,2025-01-21T14:16:00Z,d16-app-08,synthetic-member-d16-app-08,mobile,phone,application_started,account_opening,success,900,account_opening
evt-00770,2025-01-21T14:17:00Z,d16-app-08,synthetic-member-d16-app-08,mobile,phone,identity_verification_started,identity_verification,success,700,identity_provider
evt-00771,2025-01-21T14:18:00Z,d16-app-08,synthetic-member-d16-app-08,mobile,phone,identity_verification_failed,identity_verification,failure,1400,identity_provider
evt-00772,2025-01-21T15:40:00Z,d16-service,synthetic-member-d16-service,mobile,phone,login_success,login,success,380,harbor_api
evt-00773,2025-01-21T15:41:00Z,d16-service,synthetic-member-d16-service,mobile,phone,account_view,checking_summary,success,310,harbor_api
evt-00774,2025-01-22T09:00:00Z,d17-app-01,synthetic-member-d17-app-01,web,desktop,page_view,account_opening,success,420,member_web
evt-00775,2025-01-22T09:01:00Z,d17-app-01,synthetic-member-d17-app-01,web,desktop,application_started,account_opening,success,900,account_opening
evt-00776,2025-01-22T09:02:00Z,d17-app-01,synthetic-member-d17-app-01,web,desktop,identity_verification_started,identity_verification,success,700,identity_provider
evt-00777,2025-01-22T09:03:00Z,d17-app-01,synthetic-member-d17-app-01,web,desktop,identity_verification_completed,identity_verification,success,1500,identity_provider
evt-00778,2025-01-22T09:04:00Z,d17-app-01,synthetic-member-d17-app-01,web,desktop,application_submitted,account_opening,success,800,account_opening
evt-00779,2025-01-22T09:05:00Z,d17-app-01,synthetic-member-d17-app-01,web,desktop,application_completed,account_opening,success,1100,account_opening
evt-00780,2025-01-22T09:45:00Z,d17-app-02,synthetic-member-d17-app-02,web,desktop,page_view,account_opening,success,420,member_web
evt-00781,2025-01-22T09:46:00Z,d17-app-02,synthetic-member-d17-app-02,web,desktop,application_started,account_opening,success,900,account_opening
evt-00782,2025-01-22T09:47:00Z,d17-app-02,synthetic-member-d17-app-02,web,desktop,identity_verification_started,identity_verification,success,700,identity_provider
evt-00783,2025-01-22T09:48:00Z,d17-app-02,synthetic-member-d17-app-02,web,desktop,identity_verification_completed,identity_verification,success,1500,identity_provider
evt-00784,2025-01-22T09:49:00Z,d17-app-02,synthetic-member-d17-app-02,web,desktop,application_submitted,account_opening,success,800,account_opening
evt-00785,2025-01-22T09:50:00Z,d17-app-02,synthetic-member-d17-app-02,web,desktop,application_completed,account_opening,success,1100,account_opening
evt-00786,2025-01-22T10:30:00Z,d17-app-03,synthetic-member-d17-app-03,web,desktop,page_view,account_opening,success,420,member_web
evt-00787,2025-01-22T10:31:00Z,d17-app-03,synthetic-member-d17-app-03,web,desktop,application_started,account_opening,success,900,account_opening
evt-00788,2025-01-22T10:32:00Z,d17-app-03,synthetic-member-d17-app-03,web,desktop,identity_verification_started,identity_verification,success,700,identity_provider
evt-00789,2025-01-22T10:33:00Z,d17-app-03,synthetic-member-d17-app-03,web,desktop,identity_verification_completed,identity_verification,success,1500,identity_provider
evt-00790,2025-01-22T10:34:00Z,d17-app-03,synthetic-member-d17-app-03,web,desktop,application_submitted,account_opening,success,800,account_opening
evt-00791,2025-01-22T10:35:00Z,d17-app-03,synthetic-member-d17-app-03,web,desktop,application_completed,account_opening,success,1100,account_opening
evt-00792,2025-01-22T11:15:00Z,d17-app-04,synthetic-member-d17-app-04,mobile,phone,page_view,account_opening,success,420,mobile_app
evt-00793,2025-01-22T11:16:00Z,d17-app-04,synthetic-member-d17-app-04,mobile,phone,application_started,account_opening,success,900,account_opening
evt-00794,2025-01-22T11:17:00Z,d17-app-04,synthetic-member-d17-app-04,mobile,phone,identity_verification_started,identity_verification,success,700,identity_provider
evt-00795,2025-01-22T11:18:00Z,d17-app-04,synthetic-member-d17-app-04,mobile,phone,identity_verification_completed,identity_verification,success,1500,identity_provider
evt-00796,2025-01-22T11:19:00Z,d17-app-04,synthetic-member-d17-app-04,mobile,phone,application_submitted,account_opening,success,800,account_opening
evt-00797,2025-01-22T11:20:00Z,d17-app-04,synthetic-member-d17-app-04,mobile,phone,application_completed,account_opening,success,1100,account_opening
evt-00798,2025-01-22T12:00:00Z,d17-app-05,synthetic-member-d17-app-05,mobile,phone,page_view,account_opening,success,420,mobile_app
evt-00799,2025-01-22T12:01:00Z,d17-app-05,synthetic-member-d17-app-05,mobile,phone,application_started,account_opening,success,900,account_opening
evt-00800,2025-01-22T12:02:00Z,d17-app-05,synthetic-member-d17-app-05,mobile,phone,identity_verification_started,identity_verification,success,700,identity_provider
evt-00801,2025-01-22T12:03:00Z,d17-app-05,synthetic-member-d17-app-05,mobile,phone,identity_verification_completed,identity_verification,success,1500,identity_provider
evt-00802,2025-01-22T12:04:00Z,d17-app-05,synthetic-member-d17-app-05,mobile,phone,application_submitted,account_opening,success,800,account_opening
evt-00803,2025-01-22T12:05:00Z,d17-app-05,synthetic-member-d17-app-05,mobile,phone,application_completed,account_opening,success,1100,account_opening
evt-00804,2025-01-22T12:45:00Z,d17-app-06,synthetic-member-d17-app-06,mobile,phone,page_view,account_opening,success,420,mobile_app
evt-00805,2025-01-22T12:46:00Z,d17-app-06,synthetic-member-d17-app-06,mobile,phone,application_started,account_opening,success,900,account_opening
evt-00806,2025-01-22T12:47:00Z,d17-app-06,synthetic-member-d17-app-06,mobile,phone,identity_verification_started,identity_verification,success,700,identity_provider
evt-00807,2025-01-22T12:48:00Z,d17-app-06,synthetic-member-d17-app-06,mobile,phone,identity_verification_completed,identity_verification,success,1500,identity_provider
evt-00808,2025-01-22T12:49:00Z,d17-app-06,synthetic-member-d17-app-06,mobile,phone,application_submitted,account_opening,success,800,account_opening
evt-00809,2025-01-22T12:50:00Z,d17-app-06,synthetic-member-d17-app-06,mobile,phone,application_completed,account_opening,success,1100,account_opening
evt-00810,2025-01-22T13:30:00Z,d17-app-07,synthetic-member-d17-app-07,mobile,phone,page_view,account_opening,success,420,mobile_app
evt-00811,2025-01-22T13:31:00Z,d17-app-07,synthetic-member-d17-app-07,mobile,phone,application_started,account_opening,success,900,account_opening
evt-00812,2025-01-22T13:32:00Z,d17-app-07,synthetic-member-d17-app-07,mobile,phone,identity_verification_started,identity_verification,success,700,identity_provider
evt-00813,2025-01-22T13:33:00Z,d17-app-07,synthetic-member-d17-app-07,mobile,phone,identity_verification_completed,identity_verification,success,1500,identity_provider
evt-00814,2025-01-22T13:34:00Z,d17-app-07,synthetic-member-d17-app-07,mobile,phone,application_submitted,account_opening,success,800,account_opening
evt-00815,2025-01-22T13:35:00Z,d17-app-07,synthetic-member-d17-app-07,mobile,phone,application_completed,account_opening,success,1100,account_opening
evt-00816,2025-01-22T14:15:00Z,d17-app-08,synthetic-member-d17-app-08,mobile,phone,page_view,account_opening,success,420,mobile_app
evt-00817,2025-01-22T14:16:00Z,d17-app-08,synthetic-member-d17-app-08,mobile,phone,application_started,account_opening,success,900,account_opening
evt-00818,2025-01-22T14:17:00Z,d17-app-08,synthetic-member-d17-app-08,mobile,phone,identity_verification_started,identity_verification,success,700,identity_provider
evt-00819,2025-01-22T14:18:00Z,d17-app-08,synthetic-member-d17-app-08,mobile,phone,identity_verification_completed,identity_verification,success,1500,identity_provider
evt-00820,2025-01-22T14:19:00Z,d17-app-08,synthetic-member-d17-app-08,mobile,phone,application_submitted,account_opening,success,800,account_opening
evt-00821,2025-01-22T14:20:00Z,d17-app-08,synthetic-member-d17-app-08,mobile,phone,application_completed,account_opening,success,1100,account_opening
evt-00822,2025-01-22T15:40:00Z,d17-service,synthetic-member-d17-service,web,desktop,login_success,login,success,380,harbor_api
evt-00823,2025-01-22T15:41:00Z,d17-service,synthetic-member-d17-service,web,desktop,account_view,checking_summary,success,310,harbor_api
evt-00824,2025-01-23T09:00:00Z,d18-app-01,synthetic-member-d18-app-01,web,desktop,page_view,account_opening,success,420,member_web
evt-00825,2025-01-23T09:01:00Z,d18-app-01,synthetic-member-d18-app-01,web,desktop,application_started,account_opening,success,900,account_opening
evt-00826,2025-01-23T09:02:00Z,d18-app-01,synthetic-member-d18-app-01,web,desktop,identity_verification_started,identity_verification,success,700,identity_provider
evt-00827,2025-01-23T09:03:00Z,d18-app-01,synthetic-member-d18-app-01,web,desktop,identity_verification_completed,identity_verification,success,1500,identity_provider
evt-00828,2025-01-23T09:04:00Z,d18-app-01,synthetic-member-d18-app-01,web,desktop,application_submitted,account_opening,success,800,account_opening
evt-00829,2025-01-23T09:05:00Z,d18-app-01,synthetic-member-d18-app-01,web,desktop,application_completed,account_opening,success,1100,account_opening
evt-00830,2025-01-23T09:45:00Z,d18-app-02,synthetic-member-d18-app-02,web,desktop,page_view,account_opening,success,420,member_web
evt-00831,2025-01-23T09:46:00Z,d18-app-02,synthetic-member-d18-app-02,web,desktop,application_started,account_opening,success,900,account_opening
evt-00832,2025-01-23T09:47:00Z,d18-app-02,synthetic-member-d18-app-02,web,desktop,identity_verification_started,identity_verification,success,700,identity_provider
evt-00833,2025-01-23T09:48:00Z,d18-app-02,synthetic-member-d18-app-02,web,desktop,identity_verification_completed,identity_verification,success,1500,identity_provider
evt-00834,2025-01-23T09:49:00Z,d18-app-02,synthetic-member-d18-app-02,web,desktop,application_submitted,account_opening,success,800,account_opening
evt-00835,2025-01-23T09:50:00Z,d18-app-02,synthetic-member-d18-app-02,web,desktop,application_completed,account_opening,success,1100,account_opening
evt-00836,2025-01-23T10:30:00Z,d18-app-03,synthetic-member-d18-app-03,web,desktop,page_view,account_opening,success,420,member_web
evt-00837,2025-01-23T10:31:00Z,d18-app-03,synthetic-member-d18-app-03,web,desktop,application_started,account_opening,success,900,account_opening
evt-00838,2025-01-23T10:32:00Z,d18-app-03,synthetic-member-d18-app-03,web,desktop,identity_verification_started,identity_verification,success,700,identity_provider
evt-00839,2025-01-23T10:33:00Z,d18-app-03,synthetic-member-d18-app-03,web,desktop,identity_verification_completed,identity_verification,success,1500,identity_provider
evt-00840,2025-01-23T10:34:00Z,d18-app-03,synthetic-member-d18-app-03,web,desktop,application_submitted,account_opening,success,800,account_opening
evt-00841,2025-01-23T10:35:00Z,d18-app-03,synthetic-member-d18-app-03,web,desktop,application_completed,account_opening,success,1100,account_opening
evt-00842,2025-01-23T11:15:00Z,d18-app-04,synthetic-member-d18-app-04,mobile,phone,page_view,account_opening,success,420,mobile_app
evt-00843,2025-01-23T11:16:00Z,d18-app-04,synthetic-member-d18-app-04,mobile,phone,application_started,account_opening,success,900,account_opening
evt-00844,2025-01-23T11:17:00Z,d18-app-04,synthetic-member-d18-app-04,mobile,phone,identity_verification_started,identity_verification,success,700,identity_provider
evt-00845,2025-01-23T11:18:00Z,d18-app-04,synthetic-member-d18-app-04,mobile,phone,identity_verification_completed,identity_verification,success,1500,identity_provider
evt-00846,2025-01-23T11:19:00Z,d18-app-04,synthetic-member-d18-app-04,mobile,phone,application_submitted,account_opening,success,800,account_opening
evt-00847,2025-01-23T11:20:00Z,d18-app-04,synthetic-member-d18-app-04,mobile,phone,application_completed,account_opening,success,1100,account_opening
evt-00848,2025-01-23T12:00:00Z,d18-app-05,synthetic-member-d18-app-05,mobile,phone,page_view,account_opening,success,420,mobile_app
evt-00849,2025-01-23T12:01:00Z,d18-app-05,synthetic-member-d18-app-05,mobile,phone,application_started,account_opening,success,900,account_opening
evt-00850,2025-01-23T12:02:00Z,d18-app-05,synthetic-member-d18-app-05,mobile,phone,identity_verification_started,identity_verification,success,700,identity_provider
evt-00851,2025-01-23T12:03:00Z,d18-app-05,synthetic-member-d18-app-05,mobile,phone,identity_verification_completed,identity_verification,success,1500,identity_provider
evt-00852,2025-01-23T12:04:00Z,d18-app-05,synthetic-member-d18-app-05,mobile,phone,application_submitted,account_opening,success,800,account_opening
evt-00853,2025-01-23T12:05:00Z,d18-app-05,synthetic-member-d18-app-05,mobile,phone,application_completed,account_opening,success,1100,account_opening
evt-00854,2025-01-23T12:45:00Z,d18-app-06,synthetic-member-d18-app-06,mobile,phone,page_view,account_opening,success,420,mobile_app
evt-00855,2025-01-23T12:46:00Z,d18-app-06,synthetic-member-d18-app-06,mobile,phone,application_started,account_opening,success,900,account_opening
evt-00856,2025-01-23T12:47:00Z,d18-app-06,synthetic-member-d18-app-06,mobile,phone,identity_verification_started,identity_verification,success,700,identity_provider
evt-00857,2025-01-23T12:48:00Z,d18-app-06,synthetic-member-d18-app-06,mobile,phone,identity_verification_completed,identity_verification,success,1500,identity_provider
evt-00858,2025-01-23T12:49:00Z,d18-app-06,synthetic-member-d18-app-06,mobile,phone,application_submitted,account_opening,success,800,account_opening
evt-00859,2025-01-23T12:50:00Z,d18-app-06,synthetic-member-d18-app-06,mobile,phone,application_completed,account_opening,success,1100,account_opening
evt-00860,2025-01-23T13:30:00Z,d18-app-07,synthetic-member-d18-app-07,mobile,phone,page_view,account_opening,success,420,mobile_app
evt-00861,2025-01-23T13:31:00Z,d18-app-07,synthetic-member-d18-app-07,mobile,phone,application_started,account_opening,success,900,account_opening
evt-00862,2025-01-23T13:32:00Z,d18-app-07,synthetic-member-d18-app-07,mobile,phone,identity_verification_started,identity_verification,success,700,identity_provider
evt-00863,2025-01-23T13:33:00Z,d18-app-07,synthetic-member-d18-app-07,mobile,phone,identity_verification_completed,identity_verification,success,1500,identity_provider
evt-00864,2025-01-23T13:34:00Z,d18-app-07,synthetic-member-d18-app-07,mobile,phone,application_submitted,account_opening,success,800,account_opening
evt-00865,2025-01-23T13:35:00Z,d18-app-07,synthetic-member-d18-app-07,mobile,phone,application_completed,account_opening,success,1100,account_opening
evt-00866,2025-01-23T14:15:00Z,d18-app-08,synthetic-member-d18-app-08,mobile,phone,page_view,account_opening,success,420,mobile_app
evt-00867,2025-01-23T14:16:00Z,d18-app-08,synthetic-member-d18-app-08,mobile,phone,application_started,account_opening,success,900,account_opening
evt-00868,2025-01-23T14:17:00Z,d18-app-08,synthetic-member-d18-app-08,mobile,phone,identity_verification_started,identity_verification,success,700,identity_provider
evt-00869,2025-01-23T14:18:00Z,d18-app-08,synthetic-member-d18-app-08,mobile,phone,identity_verification_completed,identity_verification,success,1500,identity_provider
evt-00870,2025-01-23T14:19:00Z,d18-app-08,synthetic-member-d18-app-08,mobile,phone,application_submitted,account_opening,success,800,account_opening
evt-00871,2025-01-23T14:20:00Z,d18-app-08,synthetic-member-d18-app-08,mobile,phone,application_completed,account_opening,success,1100,account_opening
evt-00872,2025-01-23T15:40:00Z,d18-service,synthetic-member-d18-service,mobile,phone,login_success,login,success,380,harbor_api
evt-00873,2025-01-23T15:41:00Z,d18-service,synthetic-member-d18-service,mobile,phone,account_view,checking_summary,success,310,harbor_api
evt-00874,2025-01-24T09:00:00Z,d19-app-01,synthetic-member-d19-app-01,web,desktop,page_view,account_opening,success,420,member_web
evt-00875,2025-01-24T09:01:00Z,d19-app-01,synthetic-member-d19-app-01,web,desktop,application_started,account_opening,success,900,account_opening
evt-00876,2025-01-24T09:02:00Z,d19-app-01,synthetic-member-d19-app-01,web,desktop,identity_verification_started,identity_verification,success,700,identity_provider
evt-00877,2025-01-24T09:03:00Z,d19-app-01,synthetic-member-d19-app-01,web,desktop,identity_verification_completed,identity_verification,success,1500,identity_provider
evt-00878,2025-01-24T09:04:00Z,d19-app-01,synthetic-member-d19-app-01,web,desktop,application_submitted,account_opening,success,800,account_opening
evt-00879,2025-01-24T09:05:00Z,d19-app-01,synthetic-member-d19-app-01,web,desktop,application_completed,account_opening,success,1100,account_opening
evt-00880,2025-01-24T09:45:00Z,d19-app-02,synthetic-member-d19-app-02,web,desktop,page_view,account_opening,success,420,member_web
evt-00881,2025-01-24T09:46:00Z,d19-app-02,synthetic-member-d19-app-02,web,desktop,application_started,account_opening,success,900,account_opening
evt-00882,2025-01-24T09:47:00Z,d19-app-02,synthetic-member-d19-app-02,web,desktop,identity_verification_started,identity_verification,success,700,identity_provider
evt-00883,2025-01-24T09:48:00Z,d19-app-02,synthetic-member-d19-app-02,web,desktop,identity_verification_completed,identity_verification,success,1500,identity_provider
evt-00884,2025-01-24T09:49:00Z,d19-app-02,synthetic-member-d19-app-02,web,desktop,application_submitted,account_opening,success,800,account_opening
evt-00885,2025-01-24T09:50:00Z,d19-app-02,synthetic-member-d19-app-02,web,desktop,application_completed,account_opening,success,1100,account_opening
evt-00886,2025-01-24T10:30:00Z,d19-app-03,synthetic-member-d19-app-03,web,desktop,page_view,account_opening,success,420,member_web
evt-00887,2025-01-24T10:31:00Z,d19-app-03,synthetic-member-d19-app-03,web,desktop,application_started,account_opening,success,900,account_opening
evt-00888,2025-01-24T10:32:00Z,d19-app-03,synthetic-member-d19-app-03,web,desktop,identity_verification_started,identity_verification,success,700,identity_provider
evt-00889,2025-01-24T10:33:00Z,d19-app-03,synthetic-member-d19-app-03,web,desktop,identity_verification_completed,identity_verification,success,1500,identity_provider
evt-00890,2025-01-24T10:34:00Z,d19-app-03,synthetic-member-d19-app-03,web,desktop,application_submitted,account_opening,success,800,account_opening
evt-00891,2025-01-24T10:35:00Z,d19-app-03,synthetic-member-d19-app-03,web,desktop,application_completed,account_opening,success,1100,account_opening
evt-00892,2025-01-24T11:15:00Z,d19-app-04,synthetic-member-d19-app-04,mobile,phone,page_view,account_opening,success,420,mobile_app
evt-00893,2025-01-24T11:16:00Z,d19-app-04,synthetic-member-d19-app-04,mobile,phone,application_started,account_opening,success,900,account_opening
evt-00894,2025-01-24T11:17:00Z,d19-app-04,synthetic-member-d19-app-04,mobile,phone,identity_verification_started,identity_verification,success,700,identity_provider
evt-00895,2025-01-24T11:18:00Z,d19-app-04,synthetic-member-d19-app-04,mobile,phone,identity_verification_completed,identity_verification,success,1500,identity_provider
evt-00896,2025-01-24T11:19:00Z,d19-app-04,synthetic-member-d19-app-04,mobile,phone,application_submitted,account_opening,success,800,account_opening
evt-00897,2025-01-24T11:20:00Z,d19-app-04,synthetic-member-d19-app-04,mobile,phone,application_completed,account_opening,success,1100,account_opening
evt-00898,2025-01-24T12:00:00Z,d19-app-05,synthetic-member-d19-app-05,mobile,phone,page_view,account_opening,success,420,mobile_app
evt-00899,2025-01-24T12:01:00Z,d19-app-05,synthetic-member-d19-app-05,mobile,phone,application_started,account_opening,success,900,account_opening
evt-00900,2025-01-24T12:02:00Z,d19-app-05,synthetic-member-d19-app-05,mobile,phone,identity_verification_started,identity_verification,success,700,identity_provider
evt-00901,2025-01-24T12:03:00Z,d19-app-05,synthetic-member-d19-app-05,mobile,phone,identity_verification_completed,identity_verification,success,1500,identity_provider
evt-00902,2025-01-24T12:04:00Z,d19-app-05,synthetic-member-d19-app-05,mobile,phone,application_submitted,account_opening,success,800,account_opening
evt-00903,2025-01-24T12:05:00Z,d19-app-05,synthetic-member-d19-app-05,mobile,phone,application_completed,account_opening,success,1100,account_opening
evt-00904,2025-01-24T12:45:00Z,d19-app-06,synthetic-member-d19-app-06,mobile,phone,page_view,account_opening,success,420,mobile_app
evt-00905,2025-01-24T12:46:00Z,d19-app-06,synthetic-member-d19-app-06,mobile,phone,application_started,account_opening,success,900,account_opening
evt-00906,2025-01-24T12:47:00Z,d19-app-06,synthetic-member-d19-app-06,mobile,phone,identity_verification_started,identity_verification,success,700,identity_provider
evt-00907,2025-01-24T12:48:00Z,d19-app-06,synthetic-member-d19-app-06,mobile,phone,identity_verification_completed,identity_verification,success,1500,identity_provider
evt-00908,2025-01-24T12:49:00Z,d19-app-06,synthetic-member-d19-app-06,mobile,phone,application_submitted,account_opening,success,800,account_opening
evt-00909,2025-01-24T12:50:00Z,d19-app-06,synthetic-member-d19-app-06,mobile,phone,application_completed,account_opening,success,1100,account_opening
evt-00910,2025-01-24T13:30:00Z,d19-app-07,synthetic-member-d19-app-07,mobile,phone,page_view,account_opening,success,420,mobile_app
evt-00911,2025-01-24T13:31:00Z,d19-app-07,synthetic-member-d19-app-07,mobile,phone,application_started,account_opening,success,900,account_opening
evt-00912,2025-01-24T13:32:00Z,d19-app-07,synthetic-member-d19-app-07,mobile,phone,identity_verification_started,identity_verification,success,700,identity_provider
evt-00913,2025-01-24T13:33:00Z,d19-app-07,synthetic-member-d19-app-07,mobile,phone,identity_verification_completed,identity_verification,success,1500,identity_provider
evt-00914,2025-01-24T13:34:00Z,d19-app-07,synthetic-member-d19-app-07,mobile,phone,application_submitted,account_opening,success,800,account_opening
evt-00915,2025-01-24T13:35:00Z,d19-app-07,synthetic-member-d19-app-07,mobile,phone,application_completed,account_opening,success,1100,account_opening
evt-00916,2025-01-24T14:15:00Z,d19-app-08,synthetic-member-d19-app-08,mobile,phone,page_view,account_opening,success,420,mobile_app
evt-00917,2025-01-24T14:16:00Z,d19-app-08,synthetic-member-d19-app-08,mobile,phone,application_started,account_opening,success,900,account_opening
evt-00918,2025-01-24T14:17:00Z,d19-app-08,synthetic-member-d19-app-08,mobile,phone,identity_verification_started,identity_verification,success,700,identity_provider
evt-00919,2025-01-24T14:18:00Z,d19-app-08,synthetic-member-d19-app-08,mobile,phone,identity_verification_completed,identity_verification,success,1500,identity_provider
evt-00920,2025-01-24T14:19:00Z,d19-app-08,synthetic-member-d19-app-08,mobile,phone,application_submitted,account_opening,success,800,account_opening
evt-00921,2025-01-24T14:20:00Z,d19-app-08,synthetic-member-d19-app-08,mobile,phone,application_completed,account_opening,success,1100,account_opening
evt-00922,2025-01-24T15:40:00Z,d19-service,synthetic-member-d19-service,web,desktop,login_success,login,success,380,harbor_api
evt-00923,2025-01-24T15:41:00Z,d19-service,synthetic-member-d19-service,web,desktop,account_view,checking_summary,success,310,harbor_api
evt-00924,2025-01-25T09:00:00Z,d20-app-01,synthetic-member-d20-app-01,web,desktop,page_view,account_opening,success,420,member_web
evt-00925,2025-01-25T09:01:00Z,d20-app-01,synthetic-member-d20-app-01,web,desktop,application_started,account_opening,success,900,account_opening
evt-00926,2025-01-25T09:02:00Z,d20-app-01,synthetic-member-d20-app-01,web,desktop,identity_verification_started,identity_verification,success,700,identity_provider
evt-00927,2025-01-25T09:03:00Z,d20-app-01,synthetic-member-d20-app-01,web,desktop,identity_verification_completed,identity_verification,success,1500,identity_provider
evt-00928,2025-01-25T09:04:00Z,d20-app-01,synthetic-member-d20-app-01,web,desktop,application_submitted,account_opening,success,800,account_opening
evt-00929,2025-01-25T09:05:00Z,d20-app-01,synthetic-member-d20-app-01,web,desktop,application_completed,account_opening,success,1100,account_opening
evt-00930,2025-01-25T09:45:00Z,d20-app-02,synthetic-member-d20-app-02,web,desktop,page_view,account_opening,success,420,member_web
evt-00931,2025-01-25T09:46:00Z,d20-app-02,synthetic-member-d20-app-02,web,desktop,application_started,account_opening,success,900,account_opening
evt-00932,2025-01-25T09:47:00Z,d20-app-02,synthetic-member-d20-app-02,web,desktop,identity_verification_started,identity_verification,success,700,identity_provider
evt-00933,2025-01-25T09:48:00Z,d20-app-02,synthetic-member-d20-app-02,web,desktop,identity_verification_completed,identity_verification,success,1500,identity_provider
evt-00934,2025-01-25T09:49:00Z,d20-app-02,synthetic-member-d20-app-02,web,desktop,application_submitted,account_opening,success,800,account_opening
evt-00935,2025-01-25T09:50:00Z,d20-app-02,synthetic-member-d20-app-02,web,desktop,application_completed,account_opening,success,1100,account_opening
evt-00936,2025-01-25T10:30:00Z,d20-app-03,synthetic-member-d20-app-03,web,desktop,page_view,account_opening,success,420,member_web
evt-00937,2025-01-25T10:31:00Z,d20-app-03,synthetic-member-d20-app-03,web,desktop,application_started,account_opening,success,900,account_opening
evt-00938,2025-01-25T10:32:00Z,d20-app-03,synthetic-member-d20-app-03,web,desktop,identity_verification_started,identity_verification,success,700,identity_provider
evt-00939,2025-01-25T10:33:00Z,d20-app-03,synthetic-member-d20-app-03,web,desktop,identity_verification_completed,identity_verification,success,1500,identity_provider
evt-00940,2025-01-25T10:34:00Z,d20-app-03,synthetic-member-d20-app-03,web,desktop,application_submitted,account_opening,success,800,account_opening
evt-00941,2025-01-25T10:35:00Z,d20-app-03,synthetic-member-d20-app-03,web,desktop,application_completed,account_opening,success,1100,account_opening
evt-00942,2025-01-25T11:15:00Z,d20-app-04,synthetic-member-d20-app-04,mobile,phone,page_view,account_opening,success,420,mobile_app
evt-00943,2025-01-25T11:16:00Z,d20-app-04,synthetic-member-d20-app-04,mobile,phone,application_started,account_opening,success,900,account_opening
evt-00944,2025-01-25T11:17:00Z,d20-app-04,synthetic-member-d20-app-04,mobile,phone,identity_verification_started,identity_verification,success,700,identity_provider
evt-00945,2025-01-25T11:18:00Z,d20-app-04,synthetic-member-d20-app-04,mobile,phone,identity_verification_completed,identity_verification,success,1500,identity_provider
evt-00946,2025-01-25T11:19:00Z,d20-app-04,synthetic-member-d20-app-04,mobile,phone,application_submitted,account_opening,success,800,account_opening
evt-00947,2025-01-25T11:20:00Z,d20-app-04,synthetic-member-d20-app-04,mobile,phone,application_completed,account_opening,success,1100,account_opening
evt-00948,2025-01-25T12:00:00Z,d20-app-05,synthetic-member-d20-app-05,mobile,phone,page_view,account_opening,success,420,mobile_app
evt-00949,2025-01-25T12:01:00Z,d20-app-05,synthetic-member-d20-app-05,mobile,phone,application_started,account_opening,success,900,account_opening
evt-00950,2025-01-25T12:02:00Z,d20-app-05,synthetic-member-d20-app-05,mobile,phone,identity_verification_started,identity_verification,success,700,identity_provider
evt-00951,2025-01-25T12:03:00Z,d20-app-05,synthetic-member-d20-app-05,mobile,phone,identity_verification_completed,identity_verification,success,1500,identity_provider
evt-00952,2025-01-25T12:04:00Z,d20-app-05,synthetic-member-d20-app-05,mobile,phone,application_submitted,account_opening,success,800,account_opening
evt-00953,2025-01-25T12:05:00Z,d20-app-05,synthetic-member-d20-app-05,mobile,phone,application_completed,account_opening,success,1100,account_opening
evt-00954,2025-01-25T12:45:00Z,d20-app-06,synthetic-member-d20-app-06,mobile,phone,page_view,account_opening,success,420,mobile_app
evt-00955,2025-01-25T12:46:00Z,d20-app-06,synthetic-member-d20-app-06,mobile,phone,application_started,account_opening,success,900,account_opening
evt-00956,2025-01-25T12:47:00Z,d20-app-06,synthetic-member-d20-app-06,mobile,phone,identity_verification_started,identity_verification,success,700,identity_provider
evt-00957,2025-01-25T12:48:00Z,d20-app-06,synthetic-member-d20-app-06,mobile,phone,identity_verification_completed,identity_verification,success,1500,identity_provider
evt-00958,2025-01-25T12:49:00Z,d20-app-06,synthetic-member-d20-app-06,mobile,phone,application_submitted,account_opening,success,800,account_opening
evt-00959,2025-01-25T12:50:00Z,d20-app-06,synthetic-member-d20-app-06,mobile,phone,application_completed,account_opening,success,1100,account_opening
evt-00960,2025-01-25T13:30:00Z,d20-app-07,synthetic-member-d20-app-07,mobile,phone,page_view,account_opening,success,420,mobile_app
evt-00961,2025-01-25T13:31:00Z,d20-app-07,synthetic-member-d20-app-07,mobile,phone,application_started,account_opening,success,900,account_opening
evt-00962,2025-01-25T13:32:00Z,d20-app-07,synthetic-member-d20-app-07,mobile,phone,identity_verification_started,identity_verification,success,700,identity_provider
evt-00963,2025-01-25T13:33:00Z,d20-app-07,synthetic-member-d20-app-07,mobile,phone,identity_verification_completed,identity_verification,success,1500,identity_provider
evt-00964,2025-01-25T13:34:00Z,d20-app-07,synthetic-member-d20-app-07,mobile,phone,application_submitted,account_opening,success,800,account_opening
evt-00965,2025-01-25T13:35:00Z,d20-app-07,synthetic-member-d20-app-07,mobile,phone,application_completed,account_opening,success,1100,account_opening
evt-00966,2025-01-25T14:15:00Z,d20-app-08,synthetic-member-d20-app-08,mobile,phone,page_view,account_opening,success,420,mobile_app
evt-00967,2025-01-25T14:16:00Z,d20-app-08,synthetic-member-d20-app-08,mobile,phone,application_started,account_opening,success,900,account_opening
evt-00968,2025-01-25T14:17:00Z,d20-app-08,synthetic-member-d20-app-08,mobile,phone,identity_verification_started,identity_verification,success,700,identity_provider
evt-00969,2025-01-25T14:18:00Z,d20-app-08,synthetic-member-d20-app-08,mobile,phone,identity_verification_completed,identity_verification,success,1500,identity_provider
evt-00970,2025-01-25T14:19:00Z,d20-app-08,synthetic-member-d20-app-08,mobile,phone,application_submitted,account_opening,success,800,account_opening
evt-00971,2025-01-25T15:40:00Z,d20-service,synthetic-member-d20-service,mobile,phone,login_success,login,success,380,harbor_api
evt-00972,2025-01-25T15:41:00Z,d20-service,synthetic-member-d20-service,mobile,phone,account_view,checking_summary,success,310,harbor_api
evt-00973,2025-01-26T09:00:00Z,d21-app-01,synthetic-member-d21-app-01,web,desktop,page_view,account_opening,success,420,member_web
evt-00974,2025-01-26T09:01:00Z,d21-app-01,synthetic-member-d21-app-01,web,desktop,application_started,account_opening,success,900,account_opening
evt-00975,2025-01-26T09:02:00Z,d21-app-01,synthetic-member-d21-app-01,web,desktop,identity_verification_started,identity_verification,success,700,identity_provider
evt-00976,2025-01-26T09:03:00Z,d21-app-01,synthetic-member-d21-app-01,web,desktop,identity_verification_completed,identity_verification,success,1500,identity_provider
evt-00977,2025-01-26T09:04:00Z,d21-app-01,synthetic-member-d21-app-01,web,desktop,application_submitted,account_opening,success,800,account_opening
evt-00978,2025-01-26T09:05:00Z,d21-app-01,synthetic-member-d21-app-01,web,desktop,application_completed,account_opening,success,1100,account_opening
evt-00979,2025-01-26T09:45:00Z,d21-app-02,synthetic-member-d21-app-02,web,desktop,page_view,account_opening,success,420,member_web
evt-00980,2025-01-26T09:46:00Z,d21-app-02,synthetic-member-d21-app-02,web,desktop,application_started,account_opening,success,900,account_opening
evt-00981,2025-01-26T09:47:00Z,d21-app-02,synthetic-member-d21-app-02,web,desktop,identity_verification_started,identity_verification,success,700,identity_provider
evt-00982,2025-01-26T09:48:00Z,d21-app-02,synthetic-member-d21-app-02,web,desktop,identity_verification_completed,identity_verification,success,1500,identity_provider
evt-00983,2025-01-26T09:49:00Z,d21-app-02,synthetic-member-d21-app-02,web,desktop,application_submitted,account_opening,success,800,account_opening
evt-00984,2025-01-26T09:50:00Z,d21-app-02,synthetic-member-d21-app-02,web,desktop,application_completed,account_opening,success,1100,account_opening
evt-00985,2025-01-26T10:30:00Z,d21-app-03,synthetic-member-d21-app-03,web,desktop,page_view,account_opening,success,420,member_web
evt-00986,2025-01-26T10:31:00Z,d21-app-03,synthetic-member-d21-app-03,web,desktop,application_started,account_opening,success,900,account_opening
evt-00987,2025-01-26T10:32:00Z,d21-app-03,synthetic-member-d21-app-03,web,desktop,identity_verification_started,identity_verification,success,700,identity_provider
evt-00988,2025-01-26T10:33:00Z,d21-app-03,synthetic-member-d21-app-03,web,desktop,identity_verification_completed,identity_verification,success,1500,identity_provider
evt-00989,2025-01-26T10:34:00Z,d21-app-03,synthetic-member-d21-app-03,web,desktop,application_submitted,account_opening,success,800,account_opening
evt-00990,2025-01-26T10:35:00Z,d21-app-03,synthetic-member-d21-app-03,web,desktop,application_completed,account_opening,success,1100,account_opening
evt-00991,2025-01-26T11:15:00Z,d21-app-04,synthetic-member-d21-app-04,mobile,phone,page_view,account_opening,success,420,mobile_app
evt-00992,2025-01-26T11:16:00Z,d21-app-04,synthetic-member-d21-app-04,mobile,phone,application_started,account_opening,success,900,account_opening
evt-00993,2025-01-26T11:17:00Z,d21-app-04,synthetic-member-d21-app-04,mobile,phone,identity_verification_started,identity_verification,success,700,identity_provider
evt-00994,2025-01-26T11:18:00Z,d21-app-04,synthetic-member-d21-app-04,mobile,phone,identity_verification_completed,identity_verification,success,1500,identity_provider
evt-00995,2025-01-26T11:19:00Z,d21-app-04,synthetic-member-d21-app-04,mobile,phone,application_submitted,account_opening,success,800,account_opening
evt-00996,2025-01-26T11:20:00Z,d21-app-04,synthetic-member-d21-app-04,mobile,phone,application_completed,account_opening,success,1100,account_opening
evt-00997,2025-01-26T12:00:00Z,d21-app-05,synthetic-member-d21-app-05,mobile,phone,page_view,account_opening,success,420,mobile_app
evt-00998,2025-01-26T12:01:00Z,d21-app-05,synthetic-member-d21-app-05,mobile,phone,application_started,account_opening,success,900,account_opening
evt-00999,2025-01-26T12:02:00Z,d21-app-05,synthetic-member-d21-app-05,mobile,phone,identity_verification_started,identity_verification,success,700,identity_provider
evt-01000,2025-01-26T12:03:00Z,d21-app-05,synthetic-member-d21-app-05,mobile,phone,identity_verification_completed,identity_verification,success,1500,identity_provider
evt-01001,2025-01-26T12:04:00Z,d21-app-05,synthetic-member-d21-app-05,mobile,phone,application_submitted,account_opening,success,800,account_opening
evt-01002,2025-01-26T12:05:00Z,d21-app-05,synthetic-member-d21-app-05,mobile,phone,application_completed,account_opening,success,1100,account_opening
evt-01003,2025-01-26T12:45:00Z,d21-app-06,synthetic-member-d21-app-06,mobile,phone,page_view,account_opening,success,420,mobile_app
evt-01004,2025-01-26T12:46:00Z,d21-app-06,synthetic-member-d21-app-06,mobile,phone,application_started,account_opening,success,900,account_opening
evt-01005,2025-01-26T12:47:00Z,d21-app-06,synthetic-member-d21-app-06,mobile,phone,identity_verification_started,identity_verification,success,700,identity_provider
evt-01006,2025-01-26T12:48:00Z,d21-app-06,synthetic-member-d21-app-06,mobile,phone,identity_verification_completed,identity_verification,success,1500,identity_provider
evt-01007,2025-01-26T12:49:00Z,d21-app-06,synthetic-member-d21-app-06,mobile,phone,application_submitted,account_opening,success,800,account_opening
evt-01008,2025-01-26T12:50:00Z,d21-app-06,synthetic-member-d21-app-06,mobile,phone,application_completed,account_opening,success,1100,account_opening
evt-01009,2025-01-26T13:30:00Z,d21-app-07,synthetic-member-d21-app-07,mobile,phone,page_view,account_opening,success,420,mobile_app
evt-01010,2025-01-26T13:31:00Z,d21-app-07,synthetic-member-d21-app-07,mobile,phone,application_started,account_opening,success,900,account_opening
evt-01011,2025-01-26T13:32:00Z,d21-app-07,synthetic-member-d21-app-07,mobile,phone,identity_verification_started,identity_verification,success,700,identity_provider
evt-01012,2025-01-26T13:33:00Z,d21-app-07,synthetic-member-d21-app-07,mobile,phone,identity_verification_completed,identity_verification,success,1500,identity_provider
evt-01013,2025-01-26T13:34:00Z,d21-app-07,synthetic-member-d21-app-07,mobile,phone,application_submitted,account_opening,success,800,account_opening
evt-01014,2025-01-26T14:15:00Z,d21-app-08,synthetic-member-d21-app-08,mobile,phone,page_view,account_opening,success,420,mobile_app
evt-01015,2025-01-26T14:16:00Z,d21-app-08,synthetic-member-d21-app-08,mobile,phone,application_started,account_opening,success,900,account_opening
evt-01016,2025-01-26T14:17:00Z,d21-app-08,synthetic-member-d21-app-08,mobile,phone,identity_verification_started,identity_verification,success,700,identity_provider
evt-01017,2025-01-26T14:18:00Z,d21-app-08,synthetic-member-d21-app-08,mobile,phone,identity_verification_completed,identity_verification,success,1500,identity_provider
evt-01018,2025-01-26T14:19:00Z,d21-app-08,synthetic-member-d21-app-08,mobile,phone,application_submitted,account_opening,success,800,account_opening
evt-01019,2025-01-26T14:20:00Z,d21-app-08,synthetic-member-d21-app-08,mobile,phone,application_completed,account_opening,success,1100,account_opening
evt-01020,2025-01-26T15:40:00Z,d21-service,synthetic-member-d21-service,web,desktop,login_success,login,success,380,harbor_api
evt-01021,2025-01-26T15:41:00Z,d21-service,synthetic-member-d21-service,web,desktop,account_view,checking_summary,success,310,harbor_api
evt-00011,2025-01-06T09:50:00Z,d01-app-02,synthetic-member-d01-app-02,web,desktop,application_completed,account_opening,success,1100,account_opening
